EVENT_ID,EVENT,URL,DATE,LOCATION
6cd3dfc54f01287f,UFC Fight Night: Dolidze vs. Hernandez,http://ufcstats.com/event-details/6cd3dfc54f01287f,"August 09, 2025","Las Vegas, Nevada, USA"
f2c934689243fe4e,UFC Fight Night: Taira vs. Park,http://ufcstats.com/event-details/f2c934689243fe4e,"August 02, 2025","Las Vegas, Nevada, USA"
28d8638ea0a71908,UFC Fight Night: Whittaker vs. De Ridder,http://ufcstats.com/event-details/28d8638ea0a71908,"July 26, 2025","Abu Dhabi, Abu Dhabi, United Arab Emirates"
b8e2f10efb6eca85,UFC 318: Holloway vs. Poirier 3,http://ufcstats.com/event-details/b8e2f10efb6eca85,"July 19, 2025","New Orleans, Louisiana, USA"
7b03d9df5910917d,UFC Fight Night: Lewis vs. Teixeira,http://ufcstats.com/event-details/7b03d9df5910917d,"July 12, 2025","Nashville, Tennessee, USA"
66766984842c13dc,UFC 317: Topuria vs. Oliveira,http://ufcstats.com/event-details/66766984842c13dc,"June 28, 2025","Las Vegas, Nevada, USA"
400c7b43c86d27d3,UFC Fight Night: Hill vs. Rountree Jr.,http://ufcstats.com/event-details/400c7b43c86d27d3,"June 21, 2025","Baku, Azerbaijan"
de277a4abcfeea46,UFC Fight Night: Usman vs. Buckley,http://ufcstats.com/event-details/de277a4abcfeea46,"June 14, 2025","Atlanta, Georgia, USA"
18c49685296c60e6,UFC 316: Dvalishvili vs. O'Malley 2,http://ufcstats.com/event-details/18c49685296c60e6,"June 07, 2025","Newark, New Jersey, USA"
2a898bf9fb7710b3,UFC Fight Night: Blanchfield vs. Barber,http://ufcstats.com/event-details/2a898bf9fb7710b3,"May 31, 2025","Las Vegas, Nevada, USA"
8ad022dd81224f61,UFC Fight Night: Burns vs. Morales,http://ufcstats.com/event-details/8ad022dd81224f61,"May 17, 2025","Las Vegas, Nevada, USA"
118463dd8db16e7f,UFC 315: Muhammad vs. Della Maddalena,http://ufcstats.com/event-details/118463dd8db16e7f,"May 10, 2025","Montreal, Quebec, Canada"
de20ffb3fc2e7629,UFC Fight Night: Sandhagen vs. Figueiredo,http://ufcstats.com/event-details/de20ffb3fc2e7629,"May 03, 2025","Des Moines, Iowa, USA"
b2e3aca4cd363477,UFC Fight Night: Machado Garry vs. Prates,http://ufcstats.com/event-details/b2e3aca4cd363477,"April 26, 2025","Kansas City, Missouri, USA"
22f4b6cb6b1bd7fd,UFC 314: Volkanovski vs. Lopes,http://ufcstats.com/event-details/22f4b6cb6b1bd7fd,"April 12, 2025","Miami, Florida, USA"
86b30a86664cb6e4,UFC Fight Night: Emmett vs. Murphy,http://ufcstats.com/event-details/86b30a86664cb6e4,"April 05, 2025","Las Vegas, Nevada, USA"
0f7210aa8d61af8d,UFC Fight Night: Moreno vs. Erceg,http://ufcstats.com/event-details/0f7210aa8d61af8d,"March 29, 2025","Mexico City, Distrito Federal, Mexico"
cc2ad11b1f9d818b,UFC Fight Night: Edwards vs. Brady,http://ufcstats.com/event-details/cc2ad11b1f9d818b,"March 22, 2025","London, England, United Kingdom"
39f62b833e4cf126,UFC Fight Night: Vettori vs. Dolidze 2,http://ufcstats.com/event-details/39f62b833e4cf126,"March 15, 2025","Las Vegas, Nevada, USA"
ca936c67687789e9,UFC 313: Pereira vs. Ankalaev,http://ufcstats.com/event-details/ca936c67687789e9,"March 08, 2025","Las Vegas, Nevada, USA"
9766ed20b68c7c33,UFC Fight Night: Kape vs. Almabayev,http://ufcstats.com/event-details/9766ed20b68c7c33,"March 01, 2025","Las Vegas, Nevada, USA"
c50ea21fe9ef478d,UFC Fight Night: Cejudo vs. Song,http://ufcstats.com/event-details/c50ea21fe9ef478d,"February 22, 2025","Seattle, Washington, USA"
ce7871949b0ed2bf,UFC Fight Night: Cannonier vs. Rodrigues,http://ufcstats.com/event-details/ce7871949b0ed2bf,"February 15, 2025","Las Vegas, Nevada, USA"
e6015889f50075d2,UFC 312: Du Plessis vs. Strickland 2,http://ufcstats.com/event-details/e6015889f50075d2,"February 08, 2025","Sydney, New South Wales, Australia"
80dbeb1dd5b53e64,UFC Fight Night: Adesanya vs. Imavov,http://ufcstats.com/event-details/80dbeb1dd5b53e64,"February 01, 2025","Riyadh, Riyadh, Saudi Arabia"
39f68882def7a507,UFC 311: Makhachev vs. Moicano,http://ufcstats.com/event-details/39f68882def7a507,"January 18, 2025","Inglewood, California, USA"
81ddc98fceb30086,UFC Fight Night: Dern vs. Ribas 2,http://ufcstats.com/event-details/81ddc98fceb30086,"January 11, 2025","Las Vegas, Nevada, USA"
72c9c2eadfc3277e,UFC Fight Night: Covington vs. Buckley,http://ufcstats.com/event-details/72c9c2eadfc3277e,"December 14, 2024","Tampa, Florida, USA"
ad23903ef3af7406,UFC 310: Pantoja vs. Asakura,http://ufcstats.com/event-details/ad23903ef3af7406,"December 07, 2024","Las Vegas, Nevada, USA"
e955046551f8c7dd,UFC Fight Night: Yan vs. Figueiredo,http://ufcstats.com/event-details/e955046551f8c7dd,"November 23, 2024","Macau, China"
daff32bc96d1eabf,UFC 309: Jones vs. Miocic,http://ufcstats.com/event-details/daff32bc96d1eabf,"November 16, 2024","New York City, New York, USA"
585f9ffdb0cd0466,UFC Fight Night: Magny vs. Prates,http://ufcstats.com/event-details/585f9ffdb0cd0466,"November 09, 2024","Las Vegas, Nevada, USA"
3ab0df1ddd5f1dc2,UFC Fight Night: Moreno vs. Albazi,http://ufcstats.com/event-details/3ab0df1ddd5f1dc2,"November 02, 2024","Edmonton, Alberta, Canada"
221b2a3070c7ce3e,UFC 308: Topuria vs. Holloway,http://ufcstats.com/event-details/221b2a3070c7ce3e,"October 26, 2024","Abu Dhabi, Abu Dhabi, United Arab Emirates"
6a0047ac8c99fece,UFC Fight Night: Hernandez vs. Pereira,http://ufcstats.com/event-details/6a0047ac8c99fece,"October 19, 2024","Las Vegas, Nevada, USA"
5bdcbd8dd681a257,UFC Fight Night: Royval vs. Taira,http://ufcstats.com/event-details/5bdcbd8dd681a257,"October 12, 2024","Las Vegas, Nevada, USA"
eee8efec7b951d84,UFC 307: Pereira vs. Rountree Jr.,http://ufcstats.com/event-details/eee8efec7b951d84,"October 05, 2024","Salt Lake City, Utah, USA"
079488710f012779,UFC Fight Night: Moicano vs. Saint Denis,http://ufcstats.com/event-details/079488710f012779,"September 28, 2024","Paris, Ile-de-France, France"
0c01568b1ac77bff,UFC 306: Riyadh Season Noche UFC,http://ufcstats.com/event-details/0c01568b1ac77bff,"September 14, 2024","Las Vegas, Nevada, USA"
ee0b69e307c857e5,UFC Fight Night: Burns vs. Brady,http://ufcstats.com/event-details/ee0b69e307c857e5,"September 07, 2024","Las Vegas, Nevada, USA"
be8ad887e4d674b0,UFC Fight Night: Cannonier vs. Borralho,http://ufcstats.com/event-details/be8ad887e4d674b0,"August 24, 2024","Las Vegas, Nevada, USA"
32ba186f4b0e3267,UFC 305: Du Plessis vs. Adesanya,http://ufcstats.com/event-details/32ba186f4b0e3267,"August 17, 2024","Perth, Western Australia, Australia"
2c733e059462c1dc,UFC Fight Night: Tybura vs. Spivac 2,http://ufcstats.com/event-details/2c733e059462c1dc,"August 10, 2024","Las Vegas, Nevada, USA"
fe435e440b5de0ff,UFC Fight Night: Sandhagen vs. Nurmagomedov,http://ufcstats.com/event-details/fe435e440b5de0ff,"August 03, 2024","Abu Dhabi, Abu Dhabi, United Arab Emirates"
026b4f7049085842,UFC 304: Edwards vs. Muhammad 2,http://ufcstats.com/event-details/026b4f7049085842,"July 27, 2024","Manchester, England, United Kingdom"
c11036da9162cb5f,UFC Fight Night: Lemos vs. Jandiroba,http://ufcstats.com/event-details/c11036da9162cb5f,"July 20, 2024","Las Vegas, Nevada, USA"
66e0a70352fef46a,UFC Fight Night: Namajunas vs. Cortez,http://ufcstats.com/event-details/66e0a70352fef46a,"July 13, 2024","Denver, Colorado, USA"
f3743d8ef5dde970,UFC 303: Pereira vs. Prochazka 2,http://ufcstats.com/event-details/f3743d8ef5dde970,"June 29, 2024","Las Vegas, Nevada, USA"
b12a1d19ee383b7c,UFC Fight Night: Whittaker vs. Aliskerov,http://ufcstats.com/event-details/b12a1d19ee383b7c,"June 22, 2024","Riyadh, Riyadh, Saudi Arabia"
9c5828c6fd9dc948,UFC Fight Night: Perez vs. Taira,http://ufcstats.com/event-details/9c5828c6fd9dc948,"June 15, 2024","Las Vegas, Nevada, USA"
cba3a2dfbc06ce79,UFC Fight Night: Cannonier vs. Imavov,http://ufcstats.com/event-details/cba3a2dfbc06ce79,"June 08, 2024","Louisville, Kentucky, USA"
6e4acc2c115215b5,UFC 302: Makhachev vs. Poirier,http://ufcstats.com/event-details/6e4acc2c115215b5,"June 01, 2024","Newark, New Jersey, USA"
46baf0f57edfa4df,UFC Fight Night: Barboza vs. Murphy,http://ufcstats.com/event-details/46baf0f57edfa4df,"May 18, 2024","Las Vegas, Nevada, USA"
5dfe71ade71f3a4b,UFC Fight Night: Lewis vs. Nascimento,http://ufcstats.com/event-details/5dfe71ade71f3a4b,"May 11, 2024","St. Louis, Missouri, USA"
981ab7a0576f76a0,UFC 301: Pantoja vs. Erceg,http://ufcstats.com/event-details/981ab7a0576f76a0,"May 04, 2024","Rio de Janeiro, Rio de Janeiro, Brazil"
a16ce18149021139,UFC Fight Night: Nicolau vs. Perez,http://ufcstats.com/event-details/a16ce18149021139,"April 27, 2024","Las Vegas, Nevada, USA"
6750e338922a099d,UFC 300: Pereira vs. Hill,http://ufcstats.com/event-details/6750e338922a099d,"April 13, 2024","Las Vegas, Nevada, USA"
899eaba48fa864a6,UFC Fight Night: Allen vs. Curtis 2,http://ufcstats.com/event-details/899eaba48fa864a6,"April 06, 2024","Las Vegas, Nevada, USA"
dba230fe33011201,UFC Fight Night: Blanchfield vs. Fiorot,http://ufcstats.com/event-details/dba230fe33011201,"March 30, 2024","Atlantic City, New Jersey, USA"
79ff6545b0abc685,UFC Fight Night: Ribas vs. Namajunas,http://ufcstats.com/event-details/79ff6545b0abc685,"March 23, 2024","Las Vegas, Nevada, USA"
c398235fcaf8d71d,UFC Fight Night: Tuivasa vs. Tybura,http://ufcstats.com/event-details/c398235fcaf8d71d,"March 16, 2024","Las Vegas, Nevada, USA"
a9df5ae20a97b090,UFC 299: O'Malley vs. Vera 2,http://ufcstats.com/event-details/a9df5ae20a97b090,"March 09, 2024","Miami, Florida, USA"
e4a9dbade7c7e1a7,UFC Fight Night: Rozenstruik vs. Gaziev,http://ufcstats.com/event-details/e4a9dbade7c7e1a7,"March 02, 2024","Las Vegas, Nevada, USA"
902ab9197b83d0db,UFC Fight Night: Moreno vs. Royval 2,http://ufcstats.com/event-details/902ab9197b83d0db,"February 24, 2024","Mexico City, Distrito Federal, Mexico"
dab0e6cb8c932162,UFC 298: Volkanovski vs. Topuria,http://ufcstats.com/event-details/dab0e6cb8c932162,"February 17, 2024","Anaheim, California, USA"
eaea0fc7b76525a8,UFC Fight Night: Hermansson vs. Pyfer,http://ufcstats.com/event-details/eaea0fc7b76525a8,"February 10, 2024","Las Vegas, Nevada, USA"
cce79e827569f26e,UFC Fight Night: Dolidze vs. Imavov,http://ufcstats.com/event-details/cce79e827569f26e,"February 03, 2024","Las Vegas, Nevada, USA"
bd85ca0bb4f26cfc,UFC 297: Strickland vs. Du Plessis,http://ufcstats.com/event-details/bd85ca0bb4f26cfc,"January 20, 2024","Toronto, Ontario, Canada"
010986ee359fb863,UFC Fight Night: Ankalaev vs. Walker 2,http://ufcstats.com/event-details/010986ee359fb863,"January 13, 2024","Las Vegas, Nevada, USA"
a8e8587a06e73c87,UFC 296: Edwards vs. Covington,http://ufcstats.com/event-details/a8e8587a06e73c87,"December 16, 2023","Las Vegas, Nevada, USA"
5ef0088c1b19beeb,UFC Fight Night: Song vs. Gutierrez,http://ufcstats.com/event-details/5ef0088c1b19beeb,"December 09, 2023","Las Vegas, Nevada, USA"
53e4e21f4c688801,UFC Fight Night: Dariush vs. Tsarukyan,http://ufcstats.com/event-details/53e4e21f4c688801,"December 02, 2023","Austin, Texas, USA"
3feed7d02711d8b7,UFC Fight Night: Allen vs. Craig,http://ufcstats.com/event-details/3feed7d02711d8b7,"November 18, 2023","Las Vegas, Nevada, USA"
5a558ba1ff5e9121,UFC 295: Prochazka vs. Pereira,http://ufcstats.com/event-details/5a558ba1ff5e9121,"November 11, 2023","New York City, New York, USA"
7c4ec656d8fcb867,UFC Fight Night: Almeida vs. Lewis,http://ufcstats.com/event-details/7c4ec656d8fcb867,"November 04, 2023","Sao Paulo, Sao Paulo, Brazil"
13a0fb8fbdafb54f,UFC 294: Makhachev vs. Volkanovski 2,http://ufcstats.com/event-details/13a0fb8fbdafb54f,"October 21, 2023","Abu Dhabi, Abu Dhabi, United Arab Emirates"
f3a078277b3b8ff4,UFC Fight Night: Yusuff vs. Barboza,http://ufcstats.com/event-details/f3a078277b3b8ff4,"October 14, 2023","Las Vegas, Nevada, USA"
c8a49ff2acb6f3c5,UFC Fight Night: Dawson vs. Green,http://ufcstats.com/event-details/c8a49ff2acb6f3c5,"October 07, 2023","Las Vegas, Nevada, USA"
c945adc22c2bfe8f,UFC Fight Night: Fiziev vs. Gamrot,http://ufcstats.com/event-details/c945adc22c2bfe8f,"September 23, 2023","Las Vegas, Nevada, USA"
8fa2b06572365321,UFC Fight Night: Grasso vs. Shevchenko 2,http://ufcstats.com/event-details/8fa2b06572365321,"September 16, 2023","Las Vegas, Nevada, USA"
ece280745f8727b8,UFC 293: Adesanya vs. Strickland,http://ufcstats.com/event-details/ece280745f8727b8,"September 09, 2023","Sydney, New South Wales, Australia"
ef61d9f5176b3200,UFC Fight Night: Gane vs. Spivac,http://ufcstats.com/event-details/ef61d9f5176b3200,"September 02, 2023","Paris, Ile-de-France, France"
89a407032911e27e,UFC Fight Night: Holloway vs. The Korean Zombie,http://ufcstats.com/event-details/89a407032911e27e,"August 26, 2023","Kallang, Singapore"
2719f300b0439039,UFC 292: Sterling vs. O'Malley,http://ufcstats.com/event-details/2719f300b0439039,"August 19, 2023","Boston, Massachusetts, USA"
d2fa318f34d0aadc,UFC Fight Night: Luque vs. Dos Anjos,http://ufcstats.com/event-details/d2fa318f34d0aadc,"August 12, 2023","Las Vegas, Nevada, USA"
6f81b6de2557739a,UFC Fight Night: Sandhagen vs. Font,http://ufcstats.com/event-details/6f81b6de2557739a,"August 05, 2023","Nashville, Tennessee, USA"
ccd58ff71e260ed5,UFC 291: Poirier vs. Gaethje 2,http://ufcstats.com/event-details/ccd58ff71e260ed5,"July 29, 2023","Salt Lake City, Utah, USA"
1174782eacde9b0c,UFC Fight Night: Aspinall vs. Tybura,http://ufcstats.com/event-details/1174782eacde9b0c,"July 22, 2023","London, England, United Kingdom"
c9885b1b7c7055a0,UFC Fight Night: Holm vs. Bueno Silva,http://ufcstats.com/event-details/c9885b1b7c7055a0,"July 15, 2023","Las Vegas, Nevada, USA"
6085ceb59087514b,UFC 290: Volkanovski vs. Rodriguez,http://ufcstats.com/event-details/6085ceb59087514b,"July 08, 2023","Las Vegas, Nevada, USA"
e9e1acc96536bb4f,UFC Fight Night: Strickland vs. Magomedov,http://ufcstats.com/event-details/e9e1acc96536bb4f,"July 01, 2023","Las Vegas, Nevada, USA"
a780d16cf7eed44d,UFC Fight Night: Emmett vs. Topuria,http://ufcstats.com/event-details/a780d16cf7eed44d,"June 24, 2023","Jacksonville, Florida, USA"
b9415726dc3ec526,UFC Fight Night: Vettori vs. Cannonier,http://ufcstats.com/event-details/b9415726dc3ec526,"June 17, 2023","Las Vegas, Nevada, USA"
b6c6d1731ff00eeb,UFC 289: Nunes vs. Aldana,http://ufcstats.com/event-details/b6c6d1731ff00eeb,"June 10, 2023","Vancouver, British Columbia, Canada"
7abe471b61725980,UFC Fight Night: Kara-France vs. Albazi,http://ufcstats.com/event-details/7abe471b61725980,"June 03, 2023","Las Vegas, Nevada, USA"
6f812143641ceff8,UFC Fight Night: Dern vs. Hill,http://ufcstats.com/event-details/6f812143641ceff8,"May 20, 2023","Las Vegas, Nevada, USA"
901cddcbfa079097,UFC Fight Night: Rozenstruik vs. Almeida,http://ufcstats.com/event-details/901cddcbfa079097,"May 13, 2023","Charlotte, North Carolina, USA"
3c6976f8182d9527,UFC 288: Sterling vs. Cejudo,http://ufcstats.com/event-details/3c6976f8182d9527,"May 06, 2023","Newark, New Jersey, USA"
51b1e2fd9872005b,UFC Fight Night: Song vs. Simon,http://ufcstats.com/event-details/51b1e2fd9872005b,"April 29, 2023","Las Vegas, Nevada, USA"
6fb1ba67bef41b37,UFC Fight Night: Pavlovich vs. Blaydes,http://ufcstats.com/event-details/6fb1ba67bef41b37,"April 22, 2023","Las Vegas, Nevada, USA"
15b1b21cd743d652,UFC Fight Night: Holloway vs. Allen,http://ufcstats.com/event-details/15b1b21cd743d652,"April 15, 2023","Kansas City, Missouri, USA"
3dc3022232b79c7a,UFC 287: Pereira vs. Adesanya 2,http://ufcstats.com/event-details/3dc3022232b79c7a,"April 08, 2023","Miami, Florida, USA"
aec273fcb765330d,UFC Fight Night: Vera vs. Sandhagen,http://ufcstats.com/event-details/aec273fcb765330d,"March 25, 2023","San Antonio, Texas, USA"
e4bb7e483c4ad318,UFC 286: Edwards vs. Usman 3,http://ufcstats.com/event-details/e4bb7e483c4ad318,"March 18, 2023","London, England, United Kingdom"
35080a7f406f9ab3,UFC Fight Night: Yan vs. Dvalishvili,http://ufcstats.com/event-details/35080a7f406f9ab3,"March 11, 2023","Las Vegas, Nevada, USA"
1ccff7f0cfdf85eb,UFC 285: Jones vs. Gane,http://ufcstats.com/event-details/1ccff7f0cfdf85eb,"March 04, 2023","Las Vegas, Nevada, USA"
806975e1b4f47b27,UFC Fight Night: Muniz vs. Allen,http://ufcstats.com/event-details/806975e1b4f47b27,"February 25, 2023","Las Vegas, Nevada, USA"
f21a3d68fb9df387,UFC Fight Night: Andrade vs. Blanchfield,http://ufcstats.com/event-details/f21a3d68fb9df387,"February 18, 2023","Las Vegas, Nevada, USA"
01dd4cdc2446f665,UFC 284: Makhachev vs. Volkanovski,http://ufcstats.com/event-details/01dd4cdc2446f665,"February 11, 2023","Perth, Western Australia, Australia"
d26394fc0e8e880a,UFC Fight Night: Lewis vs. Spivac,http://ufcstats.com/event-details/d26394fc0e8e880a,"February 04, 2023","Las Vegas, Nevada, USA"
5717efc6f271cd52,UFC 283: Teixeira vs. Hill,http://ufcstats.com/event-details/5717efc6f271cd52,"January 21, 2023","Rio de Janeiro, Rio de Janeiro, Brazil"
2e2cdb6e9eb84bb9,UFC Fight Night: Strickland vs. Imavov,http://ufcstats.com/event-details/2e2cdb6e9eb84bb9,"January 14, 2023","Las Vegas, Nevada, USA"
56ec58954158966a,UFC Fight Night: Cannonier vs. Strickland,http://ufcstats.com/event-details/56ec58954158966a,"December 17, 2022","Las Vegas, Nevada, USA"
f65a0eb902f9476b,UFC 282: Blachowicz vs. Ankalaev,http://ufcstats.com/event-details/f65a0eb902f9476b,"December 10, 2022","Las Vegas, Nevada, USA"
b23388ff8ac6637b,UFC Fight Night: Thompson vs. Holland,http://ufcstats.com/event-details/b23388ff8ac6637b,"December 03, 2022","Orlando, Florida, USA"
012fc7cd0779c09a,UFC Fight Night: Nzechukwu vs. Cutelaba,http://ufcstats.com/event-details/012fc7cd0779c09a,"November 19, 2022","Las Vegas, Nevada, USA"
b3b6e80b7d5f8f0d,UFC 281: Adesanya vs. Pereira,http://ufcstats.com/event-details/b3b6e80b7d5f8f0d,"November 12, 2022","New York City, New York, USA"
756f45905fb20cb5,UFC Fight Night: Rodriguez vs. Lemos,http://ufcstats.com/event-details/756f45905fb20cb5,"November 05, 2022","Las Vegas, Nevada, USA"
be5aab761c40ef35,UFC Fight Night: Kattar vs. Allen,http://ufcstats.com/event-details/be5aab761c40ef35,"October 29, 2022","Las Vegas, Nevada, USA"
885e7f70dcac0007,UFC 280: Oliveira vs. Makhachev,http://ufcstats.com/event-details/885e7f70dcac0007,"October 22, 2022","Abu Dhabi, Abu Dhabi, United Arab Emirates"
49c29e57d4e2be6f,UFC Fight Night: Grasso vs. Araujo,http://ufcstats.com/event-details/49c29e57d4e2be6f,"October 15, 2022","Las Vegas, Nevada, USA"
4f670b7972fa0a2e,UFC Fight Night: Dern vs. Yan,http://ufcstats.com/event-details/4f670b7972fa0a2e,"October 01, 2022","Las Vegas, Nevada, USA"
8d477c3fbe001f9d,UFC Fight Night: Sandhagen vs. Song,http://ufcstats.com/event-details/8d477c3fbe001f9d,"September 17, 2022","Las Vegas, Nevada, USA"
93bf96be327fcd98,UFC 279: Diaz vs. Ferguson,http://ufcstats.com/event-details/93bf96be327fcd98,"September 10, 2022","Las Vegas, Nevada, USA"
00a905a4a4a2b071,UFC Fight Night: Gane vs. Tuivasa,http://ufcstats.com/event-details/00a905a4a4a2b071,"September 03, 2022","Paris, Ile-de-France, France"
4f853e98886283cf,UFC 278: Usman vs. Edwards,http://ufcstats.com/event-details/4f853e98886283cf,"August 20, 2022","Salt Lake City, Utah, USA"
a23e63184c65f5b8,UFC Fight Night: Vera vs. Cruz,http://ufcstats.com/event-details/a23e63184c65f5b8,"August 13, 2022","San Diego, California, USA"
8f6a18831a120817,UFC Fight Night: Santos vs. Hill,http://ufcstats.com/event-details/8f6a18831a120817,"August 06, 2022","Las Vegas, Nevada, USA"
b0a6124751a56bc4,UFC 277: Pena vs. Nunes 2,http://ufcstats.com/event-details/b0a6124751a56bc4,"July 30, 2022","Dallas, Texas, USA"
319c15b8aac5bfde,UFC Fight Night: Blaydes vs. Aspinall,http://ufcstats.com/event-details/319c15b8aac5bfde,"July 23, 2022","London, England, United Kingdom"
8fd76e1b49c00ae2,UFC Fight Night: Ortega vs. Rodriguez,http://ufcstats.com/event-details/8fd76e1b49c00ae2,"July 16, 2022","Elmont, New York, USA"
31da66df48c0c1a0,UFC Fight Night: Dos Anjos vs. Fiziev,http://ufcstats.com/event-details/31da66df48c0c1a0,"July 09, 2022","Las Vegas, Nevada, USA"
4a9e305633f3ef47,UFC 276: Adesanya vs. Cannonier,http://ufcstats.com/event-details/4a9e305633f3ef47,"July 02, 2022","Las Vegas, Nevada, USA"
eb42d4febfafefd1,UFC Fight Night: Tsarukyan vs. Gamrot,http://ufcstats.com/event-details/eb42d4febfafefd1,"June 25, 2022","Las Vegas, Nevada, USA"
a0a680fe2f6cc8e6,UFC Fight Night: Kattar vs. Emmett,http://ufcstats.com/event-details/a0a680fe2f6cc8e6,"June 18, 2022","Austin, Texas, USA"
3a24769a4855040a,UFC 275: Teixeira vs. Prochazka,http://ufcstats.com/event-details/3a24769a4855040a,"June 11, 2022","Kallang, Singapore"
57591bbf1623574e,UFC Fight Night: Volkov vs. Rozenstruik,http://ufcstats.com/event-details/57591bbf1623574e,"June 04, 2022","Las Vegas, Nevada, USA"
a6c32678efd4f434,UFC Fight Night: Holm vs. Vieira,http://ufcstats.com/event-details/a6c32678efd4f434,"May 21, 2022","Las Vegas, Nevada, USA"
60ba33c3f555a7a3,UFC Fight Night: Blachowicz vs. Rakic,http://ufcstats.com/event-details/60ba33c3f555a7a3,"May 14, 2022","Las Vegas, Nevada, USA"
253d3f9e97ca149a,UFC 274: Oliveira vs. Gaethje,http://ufcstats.com/event-details/253d3f9e97ca149a,"May 07, 2022","Phoenix, Arizona, USA"
6bf5a7d3e081ade2,UFC Fight Night: Font vs. Vera,http://ufcstats.com/event-details/6bf5a7d3e081ade2,"April 30, 2022","Las Vegas, Nevada, USA"
236a37d96d476164,UFC Fight Night: Lemos vs. Andrade,http://ufcstats.com/event-details/236a37d96d476164,"April 23, 2022","Las Vegas, Nevada, USA"
8753e125f4499816,UFC Fight Night: Luque vs. Muhammad,http://ufcstats.com/event-details/8753e125f4499816,"April 16, 2022","Las Vegas, Nevada, USA"
3a97fda0de6f1fa4,UFC 273: Volkanovski vs. The Korean Zombie,http://ufcstats.com/event-details/3a97fda0de6f1fa4,"April 09, 2022","Jacksonville, Florida, USA"
1fac46d466abd5b8,UFC Fight Night: Blaydes vs. Daukaus,http://ufcstats.com/event-details/1fac46d466abd5b8,"March 26, 2022","Columbus, Ohio, USA"
1d00756835ca67c9,UFC Fight Night: Volkov vs. Aspinall,http://ufcstats.com/event-details/1d00756835ca67c9,"March 19, 2022","London, England, United Kingdom"
1f9344211ca7fd60,UFC Fight Night: Santos vs. Ankalaev,http://ufcstats.com/event-details/1f9344211ca7fd60,"March 12, 2022","Las Vegas, Nevada, USA"
75e0d3cc2262b732,UFC 272: Covington vs. Masvidal,http://ufcstats.com/event-details/75e0d3cc2262b732,"March 05, 2022","Las Vegas, Nevada, USA"
f6a7b02c42e9fc5b,UFC Fight Night: Makhachev vs. Green,http://ufcstats.com/event-details/f6a7b02c42e9fc5b,"February 26, 2022","Las Vegas, Nevada, USA"
77940e45bc86208e,UFC Fight Night: Walker vs. Hill,http://ufcstats.com/event-details/77940e45bc86208e,"February 19, 2022","Las Vegas, Nevada, USA"
cbb682f5fcc44bfc,UFC 271: Adesanya vs. Whittaker 2,http://ufcstats.com/event-details/cbb682f5fcc44bfc,"February 12, 2022","Houston, Texas, USA"
883922e5cd6d8473,UFC Fight Night: Hermansson vs. Strickland,http://ufcstats.com/event-details/883922e5cd6d8473,"February 05, 2022","Las Vegas, Nevada, USA"
335ad945324c3a2e,UFC 270: Ngannou vs. Gane,http://ufcstats.com/event-details/335ad945324c3a2e,"January 22, 2022","Anaheim, California, USA"
f5585e675af7afd4,UFC Fight Night: Kattar vs. Chikadze,http://ufcstats.com/event-details/f5585e675af7afd4,"January 15, 2022","Las Vegas, Nevada, USA"
2a470ad41c22c25a,UFC Fight Night: Lewis vs. Daukaus,http://ufcstats.com/event-details/2a470ad41c22c25a,"December 18, 2021","Las Vegas, Nevada, USA"
ef927e4fe2117ab8,UFC 269: Oliveira vs. Poirier,http://ufcstats.com/event-details/ef927e4fe2117ab8,"December 11, 2021","Las Vegas, Nevada, USA"
509697e08673d2e5,UFC Fight Night: Font vs. Aldo,http://ufcstats.com/event-details/509697e08673d2e5,"December 04, 2021","Las Vegas, Nevada, USA"
c95fbc085e17a532,UFC Fight Night: Vieira vs. Tate,http://ufcstats.com/event-details/c95fbc085e17a532,"November 20, 2021","Las Vegas, Nevada, USA"
b5abaa65f87938eb,UFC Fight Night: Holloway vs. Rodriguez,http://ufcstats.com/event-details/b5abaa65f87938eb,"November 13, 2021","Las Vegas, Nevada, USA"
48e093ea1f43a053,UFC 268: Usman vs. Covington 2,http://ufcstats.com/event-details/48e093ea1f43a053,"November 06, 2021","New York City, New York, USA"
3974fa35c917af1d,UFC 267: Blachowicz vs. Teixeira,http://ufcstats.com/event-details/3974fa35c917af1d,"October 30, 2021","Abu Dhabi, Abu Dhabi, United Arab Emirates"
8a9c6c4301f6d088,UFC Fight Night: Costa vs. Vettori,http://ufcstats.com/event-details/8a9c6c4301f6d088,"October 23, 2021","Las Vegas, Nevada, USA"
8f4616698508f24d,UFC Fight Night: Ladd vs. Dumont,http://ufcstats.com/event-details/8f4616698508f24d,"October 16, 2021","Las Vegas, Nevada, USA"
d247691a6c0e9034,UFC Fight Night: Dern vs. Rodriguez,http://ufcstats.com/event-details/d247691a6c0e9034,"October 09, 2021","Las Vegas, Nevada, USA"
e15d0a2519d6a0b5,UFC Fight Night: Santos vs. Walker,http://ufcstats.com/event-details/e15d0a2519d6a0b5,"October 02, 2021","Las Vegas, Nevada, USA"
0eec866a077889f0,UFC 266: Volkanovski vs. Ortega,http://ufcstats.com/event-details/0eec866a077889f0,"September 25, 2021","Las Vegas, Nevada, USA"
4c27ca8c8481f79a,UFC Fight Night: Smith vs. Spann,http://ufcstats.com/event-details/4c27ca8c8481f79a,"September 18, 2021","Las Vegas, Nevada, USA"
b9532d815060de7f,UFC Fight Night: Brunson vs. Till,http://ufcstats.com/event-details/b9532d815060de7f,"September 04, 2021","Las Vegas, Nevada, USA"
0db9d2486d564a3c,UFC Fight Night: Barboza vs. Chikadze,http://ufcstats.com/event-details/0db9d2486d564a3c,"August 28, 2021","Las Vegas, Nevada, USA"
2f13e4020cea5b38,UFC Fight Night: Cannonier vs. Gastelum,http://ufcstats.com/event-details/2f13e4020cea5b38,"August 21, 2021","Las Vegas, Nevada, USA"
972197a8c61ac413,UFC 265: Lewis vs. Gane,http://ufcstats.com/event-details/972197a8c61ac413,"August 07, 2021","Houston, Texas, USA"
320edfb0332b7073,UFC Fight Night: Hall vs. Strickland,http://ufcstats.com/event-details/320edfb0332b7073,"July 31, 2021","Las Vegas, Nevada, USA"
e57f0b06ea39e360,UFC Fight Night: Sandhagen vs. Dillashaw,http://ufcstats.com/event-details/e57f0b06ea39e360,"July 24, 2021","Las Vegas, Nevada, USA"
40389d39a92f5bfa,UFC Fight Night: Makhachev vs. Moises,http://ufcstats.com/event-details/40389d39a92f5bfa,"July 17, 2021","Las Vegas, Nevada, USA"
8a0be41c0380188d,UFC 264: Poirier vs. McGregor 3,http://ufcstats.com/event-details/8a0be41c0380188d,"July 10, 2021","Las Vegas, Nevada, USA"
a1d6b308781aa2f5,UFC Fight Night: Gane vs. Volkov,http://ufcstats.com/event-details/a1d6b308781aa2f5,"June 26, 2021","Las Vegas, Nevada, USA"
9ddfb3369a3b0394,UFC Fight Night: Jung vs. Ige,http://ufcstats.com/event-details/9ddfb3369a3b0394,"June 19, 2021","Las Vegas, Nevada, USA"
0b64d0fed453ef7f,UFC 263: Adesanya vs. Vettori 2,http://ufcstats.com/event-details/0b64d0fed453ef7f,"June 12, 2021","Glendale, Arizona, USA"
3b2485c8d5c8b580,UFC Fight Night: Rozenstruik vs. Sakai,http://ufcstats.com/event-details/3b2485c8d5c8b580,"June 05, 2021","Las Vegas, Nevada, USA"
277ffed20cf07aea,UFC Fight Night: Font vs. Garbrandt,http://ufcstats.com/event-details/277ffed20cf07aea,"May 22, 2021","Las Vegas, Nevada, USA"
744f50016c39c26c,UFC 262: Oliveira vs. Chandler,http://ufcstats.com/event-details/744f50016c39c26c,"May 15, 2021","Houston, Texas, USA"
58a36b4ccf5dc30e,UFC Fight Night: Rodriguez vs. Waterson,http://ufcstats.com/event-details/58a36b4ccf5dc30e,"May 08, 2021","Las Vegas, Nevada, USA"
d57e6a8971b6d2bd,UFC Fight Night: Reyes vs. Prochazka,http://ufcstats.com/event-details/d57e6a8971b6d2bd,"May 01, 2021","Las Vegas, Nevada, USA"
27541033b97c076d,UFC 261: Usman vs. Masvidal 2,http://ufcstats.com/event-details/27541033b97c076d,"April 24, 2021","Jacksonville, Florida, USA"
4a35913bd9aa4161,UFC Fight Night: Whittaker vs. Gastelum,http://ufcstats.com/event-details/4a35913bd9aa4161,"April 17, 2021","Las Vegas, Nevada, USA"
9114c8ded5ccd71d,UFC Fight Night: Vettori vs. Holland,http://ufcstats.com/event-details/9114c8ded5ccd71d,"April 10, 2021","Las Vegas, Nevada, USA"
6597b611f1c32555,UFC 260: Miocic vs. Ngannou,http://ufcstats.com/event-details/6597b611f1c32555,"March 27, 2021","Las Vegas, Nevada, USA"
c36e1f4fa755ffb4,UFC Fight Night: Brunson vs. Holland,http://ufcstats.com/event-details/c36e1f4fa755ffb4,"March 20, 2021","Las Vegas, Nevada, USA"
8c90c1563972e44d,UFC Fight Night: Edwards vs. Muhammad,http://ufcstats.com/event-details/8c90c1563972e44d,"March 13, 2021","Las Vegas, Nevada, USA"
6e2b1d631832921d,UFC 259: Blachowicz vs. Adesanya,http://ufcstats.com/event-details/6e2b1d631832921d,"March 06, 2021","Las Vegas, Nevada, USA"
81b57acd6975ac06,UFC Fight Night: Rozenstruik vs. Gane,http://ufcstats.com/event-details/81b57acd6975ac06,"February 27, 2021","Las Vegas, Nevada, USA"
bfe95ec546692b13,UFC Fight Night: Blaydes vs. Lewis,http://ufcstats.com/event-details/bfe95ec546692b13,"February 20, 2021","Las Vegas, Nevada, USA"
3f7c14c7eca7195d,UFC 258: Usman vs. Burns,http://ufcstats.com/event-details/3f7c14c7eca7195d,"February 13, 2021","Las Vegas, Nevada, USA"
a1153013cb5f628f,UFC Fight Night: Overeem vs. Volkov,http://ufcstats.com/event-details/a1153013cb5f628f,"February 06, 2021","Las Vegas, Nevada, USA"
4304992c2acc187b,UFC 257: Poirier vs. McGregor,http://ufcstats.com/event-details/4304992c2acc187b,"January 23, 2021","Abu Dhabi, Abu Dhabi, United Arab Emirates"
56116537d71a578c,UFC Fight Night: Chiesa vs. Magny,http://ufcstats.com/event-details/56116537d71a578c,"January 20, 2021","Abu Dhabi, Abu Dhabi, United Arab Emirates"
307064d3e0f036c2,UFC Fight Night: Holloway vs. Kattar,http://ufcstats.com/event-details/307064d3e0f036c2,"January 16, 2021","Abu Dhabi, Abu Dhabi, United Arab Emirates"
e49c2db95e572dc8,UFC Fight Night: Thompson vs. Neal,http://ufcstats.com/event-details/e49c2db95e572dc8,"December 19, 2020","Las Vegas, Nevada, USA"
d0d43cb9b14f231c,UFC 256: Figueiredo vs. Moreno,http://ufcstats.com/event-details/d0d43cb9b14f231c,"December 12, 2020","Las Vegas, Nevada, USA"
398b440e73d55b8b,UFC Fight Night: Hermansson vs. Vettori,http://ufcstats.com/event-details/398b440e73d55b8b,"December 05, 2020","Las Vegas, Nevada, USA"
992c82450d96f726,UFC Fight Night: Smith vs. Clark,http://ufcstats.com/event-details/992c82450d96f726,"November 28, 2020","Las Vegas, Nevada, USA"
bbb15f301e4a490a,UFC 255: Figueiredo vs. Perez,http://ufcstats.com/event-details/bbb15f301e4a490a,"November 21, 2020","Las Vegas, Nevada, USA"
3bc27ec15facbcf3,UFC Fight Night: Felder vs. Dos Anjos,http://ufcstats.com/event-details/3bc27ec15facbcf3,"November 14, 2020","Las Vegas, Nevada, USA"
41dca66f9dadfc86,UFC Fight Night: Santos vs. Teixeira,http://ufcstats.com/event-details/41dca66f9dadfc86,"November 07, 2020","Las Vegas, Nevada, USA"
ad044be25c94dcfd,UFC Fight Night: Hall vs. Silva,http://ufcstats.com/event-details/ad044be25c94dcfd,"October 31, 2020","Las Vegas, Nevada, USA"
c3c38c86f5ab9b5c,UFC 254: Khabib vs. Gaethje,http://ufcstats.com/event-details/c3c38c86f5ab9b5c,"October 24, 2020","Abu Dhabi, Abu Dhabi, United Arab Emirates"
d4f364dd076bb0e2,UFC Fight Night: Ortega vs. The Korean Zombie,http://ufcstats.com/event-details/d4f364dd076bb0e2,"October 17, 2020","Abu Dhabi, Abu Dhabi, United Arab Emirates"
fd4578cac86d75ca,UFC Fight Night: Moraes vs. Sandhagen,http://ufcstats.com/event-details/fd4578cac86d75ca,"October 10, 2020","Abu Dhabi, Abu Dhabi, United Arab Emirates"
805ad1801eb26abb,UFC Fight Night: Holm vs. Aldana,http://ufcstats.com/event-details/805ad1801eb26abb,"October 03, 2020","Abu Dhabi, Abu Dhabi, United Arab Emirates"
e69c5ce12f4e762b,UFC 253: Adesanya vs. Costa,http://ufcstats.com/event-details/e69c5ce12f4e762b,"September 26, 2020","Abu Dhabi, Abu Dhabi, United Arab Emirates"
831b937811804dad,UFC Fight Night: Covington vs. Woodley,http://ufcstats.com/event-details/831b937811804dad,"September 19, 2020","Las Vegas, Nevada, USA"
9c37681096c6f3a9,UFC Fight Night: Waterson vs. Hill,http://ufcstats.com/event-details/9c37681096c6f3a9,"September 12, 2020","Las Vegas, Nevada, USA"
542db012217ecb83,UFC Fight Night: Overeem vs. Sakai,http://ufcstats.com/event-details/542db012217ecb83,"September 05, 2020","Las Vegas, Nevada, USA"
e29cf523ebd155c5,UFC Fight Night: Smith vs. Rakic,http://ufcstats.com/event-details/e29cf523ebd155c5,"August 29, 2020","Las Vegas, Nevada, USA"
af1e5c64b8663aa0,UFC Fight Night: Munhoz vs. Edgar,http://ufcstats.com/event-details/af1e5c64b8663aa0,"August 22, 2020","Las Vegas, Nevada, USA"
bda04c573563cc2e,UFC 252: Miocic vs. Cormier 3,http://ufcstats.com/event-details/bda04c573563cc2e,"August 15, 2020","Las Vegas, Nevada, USA"
7a82635ffa9b59fe,UFC Fight Night: Lewis vs. Oleinik,http://ufcstats.com/event-details/7a82635ffa9b59fe,"August 08, 2020","Las Vegas, Nevada, USA"
3746e21bb508391a,UFC Fight Night: Brunson vs. Shahbazyan,http://ufcstats.com/event-details/3746e21bb508391a,"August 01, 2020","Las Vegas, Nevada, USA"
dde70a112e053a6c,UFC Fight Night: Whittaker vs. Till,http://ufcstats.com/event-details/dde70a112e053a6c,"July 25, 2020","Abu Dhabi, Abu Dhabi, United Arab Emirates"
ddbd0d6259ce57cc,UFC Fight Night: Figueiredo vs. Benavidez 2,http://ufcstats.com/event-details/ddbd0d6259ce57cc,"July 18, 2020","Abu Dhabi, Abu Dhabi, United Arab Emirates"
18f5669a92e99d92,UFC Fight Night: Kattar vs. Ige,http://ufcstats.com/event-details/18f5669a92e99d92,"July 15, 2020","Abu Dhabi, Abu Dhabi, United Arab Emirates"
dbd198f780286aca,UFC 251: Usman vs. Masvidal,http://ufcstats.com/event-details/dbd198f780286aca,"July 11, 2020","Abu Dhabi, Abu Dhabi, United Arab Emirates"
c32eab6c2119e989,UFC Fight Night: Poirier vs. Hooker,http://ufcstats.com/event-details/c32eab6c2119e989,"June 27, 2020","Las Vegas, Nevada, USA"
2eab7a6c8b0ed8cc,UFC Fight Night: Blaydes vs. Volkov,http://ufcstats.com/event-details/2eab7a6c8b0ed8cc,"June 20, 2020","Las Vegas, Nevada, USA"
1e13936d708bcff7,UFC Fight Night: Eye vs. Calvillo,http://ufcstats.com/event-details/1e13936d708bcff7,"June 13, 2020","Las Vegas, Nevada, USA"
4c12aa7ca246e7a4,UFC 250: Nunes vs. Spencer,http://ufcstats.com/event-details/4c12aa7ca246e7a4,"June 06, 2020","Las Vegas, Nevada, USA"
14b9e0f2679a2205,UFC Fight Night: Woodley vs. Burns,http://ufcstats.com/event-details/14b9e0f2679a2205,"May 30, 2020","Las Vegas, Nevada, USA"
dfb965c9824425db,UFC Fight Night: Overeem vs. Harris,http://ufcstats.com/event-details/dfb965c9824425db,"May 16, 2020","Jacksonville, Florida, USA"
5f8e00c27b7e7410,UFC Fight Night: Smith vs. Teixeira,http://ufcstats.com/event-details/5f8e00c27b7e7410,"May 13, 2020","Jacksonville, Florida, USA"
898337ef520fe4d3,UFC 249: Ferguson vs. Gaethje,http://ufcstats.com/event-details/898337ef520fe4d3,"May 09, 2020","Jacksonville, Florida, USA"
53278852bcd91e11,UFC Fight Night: Lee vs. Oliveira,http://ufcstats.com/event-details/53278852bcd91e11,"March 14, 2020","Brasilia, Distrito Federal, Brazil"
0b5b6876c2a4723f,UFC 248: Adesanya vs. Romero,http://ufcstats.com/event-details/0b5b6876c2a4723f,"March 07, 2020","Las Vegas, Nevada, USA"
fc9a9559a05f2704,UFC Fight Night: Benavidez vs. Figueiredo,http://ufcstats.com/event-details/fc9a9559a05f2704,"February 29, 2020","Norfolk, Virginia, USA"
33b2f68ef95252e0,UFC Fight Night: Felder vs. Hooker,http://ufcstats.com/event-details/33b2f68ef95252e0,"February 22, 2020","Auckland, New Zealand"
5df17b3620145578,UFC Fight Night: Anderson vs. Blachowicz,http://ufcstats.com/event-details/5df17b3620145578,"February 15, 2020","Rio Rancho, New Mexico, USA"
b26d3e3746fb4024,UFC 247: Jones vs. Reyes,http://ufcstats.com/event-details/b26d3e3746fb4024,"February 08, 2020","Houston, Texas, USA"
44aa652b181bcf68,UFC Fight Night: Blaydes vs. Dos Santos,http://ufcstats.com/event-details/44aa652b181bcf68,"January 25, 2020","Raleigh, North Carolina, USA"
0c1773639c795466,UFC 246: McGregor vs. Cowboy,http://ufcstats.com/event-details/0c1773639c795466,"January 18, 2020","Las Vegas, Nevada, USA"
74fefd43f073cd2f,UFC Fight Night: Edgar vs. The Korean Zombie,http://ufcstats.com/event-details/74fefd43f073cd2f,"December 21, 2019","Busan, South Korea"
4565d435005319c0,UFC 245: Usman vs. Covington,http://ufcstats.com/event-details/4565d435005319c0,"December 14, 2019","Las Vegas, Nevada, USA"
b09890ba7ce1d1e2,UFC Fight Night: Overeem vs. Rozenstruik,http://ufcstats.com/event-details/b09890ba7ce1d1e2,"December 07, 2019","Washington, DC, USA"
81ca2c245b19b3c5,UFC Fight Night: Blachowicz vs. Jacare,http://ufcstats.com/event-details/81ca2c245b19b3c5,"November 16, 2019","Sao Paulo, Sao Paulo, Brazil"
8d5daf67983b65ba,UFC Fight Night: Zabit vs. Kattar,http://ufcstats.com/event-details/8d5daf67983b65ba,"November 09, 2019","Moscow, Moscow, Russia"
fd87b1bbfcde9d5e,UFC 244: Masvidal vs. Diaz,http://ufcstats.com/event-details/fd87b1bbfcde9d5e,"November 02, 2019","New York City, New York, USA"
df05aa15b2d66f57,UFC Fight Night: Maia vs. Askren,http://ufcstats.com/event-details/df05aa15b2d66f57,"October 26, 2019","Kallang, Singapore"
3ae10ac4df3df05c,UFC Fight Night: Reyes vs. Weidman,http://ufcstats.com/event-details/3ae10ac4df3df05c,"October 18, 2019","Boston, Massachusetts, USA"
0941df56f6ac954b,UFC Fight Night: Joanna vs. Waterson,http://ufcstats.com/event-details/0941df56f6ac954b,"October 12, 2019","Tampa, Florida, USA"
3cf68c1d17f66af7,UFC 243: Whittaker vs. Adesanya,http://ufcstats.com/event-details/3cf68c1d17f66af7,"October 05, 2019","Melbourne, Victoria, Australia"
1bf49bf829964144,UFC Fight Night: Hermansson vs. Cannonier,http://ufcstats.com/event-details/1bf49bf829964144,"September 28, 2019","Copenhagen, Denmark"
94a5aaf573f780ad,UFC Fight Night: Rodriguez vs. Stephens,http://ufcstats.com/event-details/94a5aaf573f780ad,"September 21, 2019","Mexico City, Distrito Federal, Mexico"
4834ff149dc9542a,UFC Fight Night: Cowboy vs. Gaethje,http://ufcstats.com/event-details/4834ff149dc9542a,"September 14, 2019","Vancouver, British Columbia, Canada"
a79bfbc01b2264d6,UFC 242: Khabib vs. Poirier,http://ufcstats.com/event-details/a79bfbc01b2264d6,"September 07, 2019","Abu Dhabi, Abu Dhabi, United Arab Emirates"
2c104b7e59a72629,UFC Fight Night: Andrade vs. Zhang,http://ufcstats.com/event-details/2c104b7e59a72629,"August 31, 2019","Shenzhen, Guangdong, China"
70167689d6a01793,UFC 241: Cormier vs. Miocic 2,http://ufcstats.com/event-details/70167689d6a01793,"August 17, 2019","Anaheim, California, USA"
e5d03e4d966126bd,UFC Fight Night: Shevchenko vs. Carmouche 2,http://ufcstats.com/event-details/e5d03e4d966126bd,"August 10, 2019","Montevideo, Uruguay"
03da33a102d9a45f,UFC Fight Night: Covington vs. Lawler,http://ufcstats.com/event-details/03da33a102d9a45f,"August 03, 2019","Newark, New Jersey, USA"
abcf7e55a0a9ed89,UFC 240: Holloway vs. Edgar,http://ufcstats.com/event-details/abcf7e55a0a9ed89,"July 27, 2019","Edmonton, Alberta, Canada"
9e0f28d1f639ad73,UFC Fight Night: Dos Anjos vs. Edwards,http://ufcstats.com/event-details/9e0f28d1f639ad73,"July 20, 2019","San Antonio, Texas, USA"
2f8f3c69522db931,UFC Fight Night: De Randamie vs. Ladd,http://ufcstats.com/event-details/2f8f3c69522db931,"July 13, 2019","Sacramento, California, USA"
6c9383ffab2725a5,UFC 239: Jones vs. Santos,http://ufcstats.com/event-details/6c9383ffab2725a5,"July 06, 2019","Las Vegas, Nevada, USA"
c0c1bc0766df4c00,UFC Fight Night: Ngannou vs. Dos Santos,http://ufcstats.com/event-details/c0c1bc0766df4c00,"June 29, 2019","Minneapolis, Minnesota, USA"
b16a7e6a627e9789,UFC Fight Night: Moicano vs. The Korean Zombie,http://ufcstats.com/event-details/b16a7e6a627e9789,"June 22, 2019","Greenville, South Carolina, USA"
e31502e3f79d00c5,UFC 238: Cejudo vs. Moraes,http://ufcstats.com/event-details/e31502e3f79d00c5,"June 08, 2019","Chicago, Illinois, USA"
cbc071cb20ea59c7,UFC Fight Night: Gustafsson vs. Smith,http://ufcstats.com/event-details/cbc071cb20ea59c7,"June 01, 2019","Stockholm, Sweden"
6b8f28da9a483049,UFC Fight Night: Dos Anjos vs. Lee,http://ufcstats.com/event-details/6b8f28da9a483049,"May 18, 2019","Rochester, New York, USA"
9de7c97e1c0d7927,UFC 237: Namajunas vs. Andrade,http://ufcstats.com/event-details/9de7c97e1c0d7927,"May 11, 2019","Rio de Janeiro, Rio de Janeiro, Brazil"
351264d11286d09a,UFC Fight Night: Iaquinta vs. Cowboy,http://ufcstats.com/event-details/351264d11286d09a,"May 04, 2019","Ottawa, Ontario, Canada"
c912f676692c353a,UFC Fight Night: Jacare vs. Hermansson,http://ufcstats.com/event-details/c912f676692c353a,"April 27, 2019","Sunrise, Florida, USA"
7dcf06c1967801c1,UFC Fight Night: Overeem vs. Oleinik,http://ufcstats.com/event-details/7dcf06c1967801c1,"April 20, 2019","Saint Petersburg, Saint Petersburg, Russia"
b0550072e5f0afa7,UFC 236: Holloway vs. Poirier 2,http://ufcstats.com/event-details/b0550072e5f0afa7,"April 13, 2019","Atlanta, Georgia, USA"
9649d75defe0dedb,UFC Fight Night: Barboza vs. Gaethje,http://ufcstats.com/event-details/9649d75defe0dedb,"March 30, 2019","Philadelphia, Pennsylvania, USA"
487c170da059857d,UFC Fight Night: Thompson vs. Pettis,http://ufcstats.com/event-details/487c170da059857d,"March 23, 2019","Nashville, Tennessee, USA"
80eacd4da0617c57,UFC Fight Night: Till vs. Masvidal,http://ufcstats.com/event-details/80eacd4da0617c57,"March 16, 2019","London, England, United Kingdom"
e96d8538d3f9d0ed,UFC Fight Night: Lewis vs. Dos Santos,http://ufcstats.com/event-details/e96d8538d3f9d0ed,"March 09, 2019","Wichita, Kansas, USA"
2d5fbe2103f97053,UFC 235: Jones vs. Smith,http://ufcstats.com/event-details/2d5fbe2103f97053,"March 02, 2019","Las Vegas, Nevada, USA"
6546af7ab545b90c,UFC Fight Night: Blachowicz vs. Santos,http://ufcstats.com/event-details/6546af7ab545b90c,"February 23, 2019","Prague, Czech Republic"
a7a79b8efbceaaac,UFC Fight Night: Ngannou vs. Velasquez,http://ufcstats.com/event-details/a7a79b8efbceaaac,"February 17, 2019","Phoenix, Arizona, USA"
b5882371e2a3900d,UFC 234: Adesanya vs. Silva,http://ufcstats.com/event-details/b5882371e2a3900d,"February 09, 2019","Melbourne, Victoria, Australia"
84283233ec42be5f,UFC Fight Night: Assuncao vs. Moraes 2,http://ufcstats.com/event-details/84283233ec42be5f,"February 02, 2019","Fortaleza, Ceara, Brazil"
d4da8995fc91e7ef,UFC Fight Night: Cejudo vs. Dillashaw,http://ufcstats.com/event-details/d4da8995fc91e7ef,"January 19, 2019","Brooklyn, New York, USA"
c046100aea0dba9a,UFC 232: Jones vs. Gustafsson 2,http://ufcstats.com/event-details/c046100aea0dba9a,"December 29, 2018","Los Angeles, California, USA"
7a703c565ccaa18f,UFC Fight Night: Lee vs. Iaquinta,http://ufcstats.com/event-details/7a703c565ccaa18f,"December 15, 2018","Milwaukee, Wisconsin, USA"
2a74bbba57058f12,UFC 231: Holloway vs. Ortega,http://ufcstats.com/event-details/2a74bbba57058f12,"December 08, 2018","Toronto, Ontario, Canada"
d1d20e651e6cbc02,UFC Fight Night: Dos Santos vs. Tuivasa,http://ufcstats.com/event-details/d1d20e651e6cbc02,"December 01, 2018","Adelaide, South Australia, Australia"
c7ac79839e86ce33,The Ultimate Fighter: Heavy Hitters Finale,http://ufcstats.com/event-details/c7ac79839e86ce33,"November 30, 2018","Las Vegas, Nevada, USA"
de25520d54eab12d,UFC Fight Night: Blaydes vs. Ngannou 2,http://ufcstats.com/event-details/de25520d54eab12d,"November 24, 2018","Beijing, China"
aa3153a9941b4d44,UFC Fight Night: Magny vs. Ponzinibbio,http://ufcstats.com/event-details/aa3153a9941b4d44,"November 17, 2018","Buenos Aires, Buenos Aires, Argentina"
42c96a9c4802e2e1,UFC Fight Night: Korean Zombie vs. Rodriguez,http://ufcstats.com/event-details/42c96a9c4802e2e1,"November 10, 2018","Denver, Colorado, USA"
20821819c401ced8,UFC 230: Cormier vs. Lewis,http://ufcstats.com/event-details/20821819c401ced8,"November 03, 2018","New York City, New York, USA"
33a331684283900f,UFC Fight Night: Oezdemir vs. Smith,http://ufcstats.com/event-details/33a331684283900f,"October 27, 2018","Moncton, New Brunswick, Canada"
1ef0eae31904e534,UFC 229: Khabib vs. McGregor,http://ufcstats.com/event-details/1ef0eae31904e534,"October 06, 2018","Las Vegas, Nevada, USA"
852454c572675334,UFC Fight Night: Marreta vs. Anders,http://ufcstats.com/event-details/852454c572675334,"September 22, 2018","Sao Paulo, Sao Paulo, Brazil"
8d49545dadf9b919,UFC Fight Night: Hunt vs. Oleinik,http://ufcstats.com/event-details/8d49545dadf9b919,"September 15, 2018","Moscow, Moscow, Russia"
d5ae8074631762fc,UFC 228: Woodley vs. Till,http://ufcstats.com/event-details/d5ae8074631762fc,"September 08, 2018","Dallas, Texas, USA"
c0342805a1948cbb,UFC Fight Night: Gaethje vs. Vick,http://ufcstats.com/event-details/c0342805a1948cbb,"August 25, 2018","Lincoln, Nebraska, USA"
03b1e846b09f721d,UFC 227: Dillashaw vs. Garbrandt 2,http://ufcstats.com/event-details/03b1e846b09f721d,"August 04, 2018","Los Angeles, California, USA"
322a56923b396b4d,UFC Fight Night: Alvarez vs. Poirier 2,http://ufcstats.com/event-details/322a56923b396b4d,"July 28, 2018","Calgary, Alberta, Canada"
4f732e58ed907eff,UFC Fight Night: Shogun vs. Smith,http://ufcstats.com/event-details/4f732e58ed907eff,"July 22, 2018","Hamburg, Hamburg, Germany"
b45d6b73f4ca4467,UFC Fight Night: Dos Santos vs. Ivanov,http://ufcstats.com/event-details/b45d6b73f4ca4467,"July 14, 2018","Boise, Idaho, USA"
35585d970300d45a,UFC 226: Miocic vs. Cormier,http://ufcstats.com/event-details/35585d970300d45a,"July 07, 2018","Las Vegas, Nevada, USA"
8215e4fe24e8e81b,The Ultimate Fighter: Undefeated Finale,http://ufcstats.com/event-details/8215e4fe24e8e81b,"July 06, 2018","Las Vegas, Nevada, USA"
ac5f67109accb482,UFC Fight Night: Cowboy vs. Edwards,http://ufcstats.com/event-details/ac5f67109accb482,"June 23, 2018","Kallang, Singapore"
2eae41f61776c60f,UFC 225: Whittaker vs. Romero 2,http://ufcstats.com/event-details/2eae41f61776c60f,"June 09, 2018","Chicago, Illinois, USA"
d29b5c4f22c6357d,UFC Fight Night: Rivera vs. Moraes,http://ufcstats.com/event-details/d29b5c4f22c6357d,"June 01, 2018","Utica, New York, USA"
f5990c11974d8e9c,UFC Fight Night: Thompson vs. Till,http://ufcstats.com/event-details/f5990c11974d8e9c,"May 27, 2018","Liverpool, England, United Kingdom"
3144121470023e9a,UFC Fight Night: Maia vs. Usman,http://ufcstats.com/event-details/3144121470023e9a,"May 19, 2018","Santiago, Chile"
67ec58d7cf599835,UFC 224: Nunes vs. Pennington,http://ufcstats.com/event-details/67ec58d7cf599835,"May 12, 2018","Rio de Janeiro, Rio de Janeiro, Brazil"
ad99fa5325519169,UFC Fight Night: Barboza vs. Lee,http://ufcstats.com/event-details/ad99fa5325519169,"April 21, 2018","Atlantic City, New Jersey, USA"
620be7e0712d431b,UFC Fight Night: Poirier vs. Gaethje,http://ufcstats.com/event-details/620be7e0712d431b,"April 14, 2018","Glendale, Arizona, USA"
49e7e05f902479ca,UFC 223: Khabib vs. Iaquinta,http://ufcstats.com/event-details/49e7e05f902479ca,"April 07, 2018","Brooklyn, New York, USA"
eed2b71d77d95416,UFC Fight Night: Werdum vs. Volkov,http://ufcstats.com/event-details/eed2b71d77d95416,"March 17, 2018","London, England, United Kingdom"
7929be8290289a47,UFC 222: Cyborg vs. Kunitskaya,http://ufcstats.com/event-details/7929be8290289a47,"March 03, 2018","Las Vegas, Nevada, USA"
daa89f01e1c0f42a,UFC Fight Night: Emmett vs. Stephens,http://ufcstats.com/event-details/daa89f01e1c0f42a,"February 24, 2018","Orlando, Florida, USA"
d181689653115b6a,UFC Fight Night: Cerrone vs. Medeiros,http://ufcstats.com/event-details/d181689653115b6a,"February 18, 2018","Austin, Texas, USA"
15515e797aedc137,UFC 221: Romero vs. Rockhold,http://ufcstats.com/event-details/15515e797aedc137,"February 10, 2018","Perth, Western Australia, Australia"
7cf20446453f852b,UFC Fight Night: Machida vs. Anders,http://ufcstats.com/event-details/7cf20446453f852b,"February 03, 2018","Belem, Para, Brazil"
602bb270f2bdbf02,UFC Fight Night: Jacare vs. Brunson 2,http://ufcstats.com/event-details/602bb270f2bdbf02,"January 27, 2018","Charlotte, North Carolina, USA"
02177caefe7c07d4,UFC 220: Miocic vs. Ngannou,http://ufcstats.com/event-details/02177caefe7c07d4,"January 20, 2018","Boston, Massachusetts, USA"
fc1868f56d3036eb,UFC Fight Night: Stephens vs. Choi,http://ufcstats.com/event-details/fc1868f56d3036eb,"January 14, 2018","St. Louis, Missouri, USA"
04076783ca83d6ae,UFC 219: Cyborg vs. Holm,http://ufcstats.com/event-details/04076783ca83d6ae,"December 30, 2017","Las Vegas, Nevada, USA"
eaa0a728cc91ef60,UFC Fight Night: Lawler vs. Dos Anjos,http://ufcstats.com/event-details/eaa0a728cc91ef60,"December 16, 2017","Winnipeg, Manitoba, Canada"
bcd124bcd3d5be46,UFC Fight Night: Swanson vs. Ortega,http://ufcstats.com/event-details/bcd124bcd3d5be46,"December 09, 2017","Fresno, California, USA"
9e30f69cc0869301,UFC 218: Holloway vs. Aldo 2,http://ufcstats.com/event-details/9e30f69cc0869301,"December 02, 2017","Detroit, Michigan, USA"
30e8b4505f5ccf92,The Ultimate Fighter: A New World Champion Finale,http://ufcstats.com/event-details/30e8b4505f5ccf92,"December 01, 2017","Las Vegas, Nevada, USA"
e7bc606d269896aa,UFC Fight Night: Bisping vs. Gastelum,http://ufcstats.com/event-details/e7bc606d269896aa,"November 25, 2017","Shanghai, Hebei, China"
caced97768818230,UFC Fight Night: Werdum vs. Tybura,http://ufcstats.com/event-details/caced97768818230,"November 18, 2017","Sydney, New South Wales, Australia"
d856a0080ac09ed7,UFC Fight Night: Poirier vs. Pettis,http://ufcstats.com/event-details/d856a0080ac09ed7,"November 11, 2017","Norfolk, Virginia, USA"
a25b71fe5e31fa97,UFC 217: Bisping vs. St-Pierre,http://ufcstats.com/event-details/a25b71fe5e31fa97,"November 04, 2017","New York City, New York, USA"
a7724f51e32e763e,UFC Fight Night: Brunson vs. Machida,http://ufcstats.com/event-details/a7724f51e32e763e,"October 28, 2017","Sao Paulo, Sao Paulo, Brazil"
d6b68eaf4b68b160,UFC Fight Night: Cerrone vs. Till,http://ufcstats.com/event-details/d6b68eaf4b68b160,"October 21, 2017","Gdansk, Poland"
cc5834a495d1ea08,UFC 216: Ferguson vs. Lee,http://ufcstats.com/event-details/cc5834a495d1ea08,"October 07, 2017","Las Vegas, Nevada, USA"
9211aae062b799d6,UFC Fight Night: Saint Preux vs. Okami,http://ufcstats.com/event-details/9211aae062b799d6,"September 22, 2017","Saitama, Saitama, Japan"
1979c80150f630c4,UFC Fight Night: Rockhold vs. Branch,http://ufcstats.com/event-details/1979c80150f630c4,"September 16, 2017","Pittsburgh, Pennsylvania, USA"
d86e913c548c07c2,UFC 215: Nunes vs Shevchenko 2,http://ufcstats.com/event-details/d86e913c548c07c2,"September 09, 2017","Edmonton, Alberta, Canada"
a3244e3238541482,UFC Fight Night: Volkov vs. Struve,http://ufcstats.com/event-details/a3244e3238541482,"September 02, 2017","Rotterdam, Zuid-Holland, Netherlands"
f4a031ac205ac580,UFC Fight Night: Pettis vs. Moreno,http://ufcstats.com/event-details/f4a031ac205ac580,"August 05, 2017","Mexico City, Distrito Federal, Mexico"
ff9578cdbfabd323,UFC 214: Cormier vs. Jones 2,http://ufcstats.com/event-details/ff9578cdbfabd323,"July 29, 2017","Anaheim, California, USA"
9f3d6ddef3d3cccc,UFC Fight Night: Weidman vs. Gastelum,http://ufcstats.com/event-details/9f3d6ddef3d3cccc,"July 22, 2017","Uniondale, New York, USA"
d7907a9a968e4d29,UFC Fight Night: Nelson vs. Ponzinibbio,http://ufcstats.com/event-details/d7907a9a968e4d29,"July 16, 2017","Glasgow, Scotland, United Kingdom"
686cccbf1a4de453,UFC 213: Romero vs. Whittaker,http://ufcstats.com/event-details/686cccbf1a4de453,"July 08, 2017","Las Vegas, Nevada, USA"
23bd78c3f89bdb54,The Ultimate Fighter: Redemption Finale,http://ufcstats.com/event-details/23bd78c3f89bdb54,"July 07, 2017","Las Vegas, Nevada, USA"
99bf06f20491cb54,UFC Fight Night: Chiesa vs. Lee,http://ufcstats.com/event-details/99bf06f20491cb54,"June 25, 2017","Oklahoma City, Oklahoma, USA"
353de740bb6c7e75,UFC Fight Night: Holm vs. Correia,http://ufcstats.com/event-details/353de740bb6c7e75,"June 17, 2017","Kallang, Singapore"
90e7447d8b7f3f35,UFC Fight Night: Lewis vs. Hunt,http://ufcstats.com/event-details/90e7447d8b7f3f35,"June 10, 2017","Auckland, New Zealand"
1507214bbc7a79e2,UFC 212: Aldo vs. Holloway,http://ufcstats.com/event-details/1507214bbc7a79e2,"June 03, 2017","Rio de Janeiro, Rio de Janeiro, Brazil"
1c7cce2f5c17160d,UFC Fight Night: Gustafsson vs. Teixeira,http://ufcstats.com/event-details/1c7cce2f5c17160d,"May 28, 2017","Stockholm, Sweden"
5df10509264586e5,UFC 211: Miocic vs. Dos Santos,http://ufcstats.com/event-details/5df10509264586e5,"May 13, 2017","Dallas, Texas, USA"
bc7f7f0ba3db74d2,UFC Fight Night: Swanson vs. Lobov,http://ufcstats.com/event-details/bc7f7f0ba3db74d2,"April 22, 2017","Nashville, Tennessee, USA"
ed069a95aaaf4f56,UFC on FOX: Johnson vs. Reis,http://ufcstats.com/event-details/ed069a95aaaf4f56,"April 15, 2017","Kansas City, Missouri, USA"
e7bfdb5e0112891e,UFC 210: Cormier vs. Johnson 2,http://ufcstats.com/event-details/e7bfdb5e0112891e,"April 08, 2017","Buffalo, New York, USA"
c0231720fe516994,UFC Fight Night: Manuwa vs. Anderson,http://ufcstats.com/event-details/c0231720fe516994,"March 18, 2017","London, England, United Kingdom"
47b7e4e60813b7b2,UFC Fight Night: Belfort vs. Gastelum,http://ufcstats.com/event-details/47b7e4e60813b7b2,"March 11, 2017","Fortaleza, Ceara, Brazil"
20e403a1acfef130,UFC 209: Woodley vs. Thompson 2,http://ufcstats.com/event-details/20e403a1acfef130,"March 04, 2017","Las Vegas, Nevada, USA"
b4ad3a06ee4d660c,UFC Fight Night: Lewis vs. Browne,http://ufcstats.com/event-details/b4ad3a06ee4d660c,"February 19, 2017","Halifax, Nova Scotia, Canada"
865aa315ea62c511,UFC 208: Holm vs. De Randamie,http://ufcstats.com/event-details/865aa315ea62c511,"February 11, 2017","Brooklyn, New York, USA"
6a8a06b542e1516d,UFC Fight Night: Bermudez vs. The Korean Zombie,http://ufcstats.com/event-details/6a8a06b542e1516d,"February 04, 2017","Houston, Texas, USA"
4512e46543b960ad,UFC on FOX: Shevchenko vs. Pena,http://ufcstats.com/event-details/4512e46543b960ad,"January 28, 2017","Denver, Colorado, USA"
46effbd1135423c5,UFC Fight Night: Rodriguez vs. Penn,http://ufcstats.com/event-details/46effbd1135423c5,"January 15, 2017","Phoenix, Arizona, USA"
4b2390cfaceb91d8,UFC 207: Nunes vs. Rousey,http://ufcstats.com/event-details/4b2390cfaceb91d8,"December 30, 2016","Las Vegas, Nevada, USA"
32541eb5d12668b4,UFC on FOX: VanZant vs. Waterson,http://ufcstats.com/event-details/32541eb5d12668b4,"December 17, 2016","Sacramento, California, USA"
6e3282d57d2467a0,UFC 206: Holloway vs. Pettis,http://ufcstats.com/event-details/6e3282d57d2467a0,"December 10, 2016","Toronto, Ontario, Canada"
7139cd2ae4bf6a29,UFC Fight Night: Lewis vs. Abdurakhimov,http://ufcstats.com/event-details/7139cd2ae4bf6a29,"December 09, 2016","Albany, New York, USA"
bd4389b71fdc0ce2,The Ultimate Fighter: Tournament of Champions Finale,http://ufcstats.com/event-details/bd4389b71fdc0ce2,"December 03, 2016","Las Vegas, Nevada, USA"
73e09f837f3b5ecc,UFC Fight Night: Whittaker vs. Brunson,http://ufcstats.com/event-details/73e09f837f3b5ecc,"November 26, 2016","Melbourne, Victoria, Australia"
5cde96e0a1a1fffe,UFC Fight Night: Bader vs. Nogueira,http://ufcstats.com/event-details/5cde96e0a1a1fffe,"November 19, 2016","Sao Paulo, Sao Paulo, Brazil"
6810d8d2dd557cf9,UFC Fight Night: Mousasi vs. Hall 2,http://ufcstats.com/event-details/6810d8d2dd557cf9,"November 19, 2016","Belfast, Northern Ireland, United Kingdom"
4956f60b7fa57c1a,UFC 205: Alvarez vs McGregor,http://ufcstats.com/event-details/4956f60b7fa57c1a,"November 12, 2016","New York City, New York, USA"
6083f497c22cc075,UFC Fight Night: Dos Anjos vs. Ferguson,http://ufcstats.com/event-details/6083f497c22cc075,"November 05, 2016","Mexico City, Distrito Federal, Mexico"
154a6b3ffae264cd,UFC 204: Bisping vs. Henderson,http://ufcstats.com/event-details/154a6b3ffae264cd,"October 08, 2016","Manchester, England, United Kingdom"
a196332ee4aa8a82,UFC Fight Night: Lineker vs. Dodson,http://ufcstats.com/event-details/a196332ee4aa8a82,"October 01, 2016","Portland, Oregon, USA"
e18012194473e8b0,UFC Fight Night: Cyborg vs. Lansberg,http://ufcstats.com/event-details/e18012194473e8b0,"September 24, 2016","Brasilia, Distrito Federal, Brazil"
d6455cb4bee503ce,UFC Fight Night: Poirier vs. Johnson,http://ufcstats.com/event-details/d6455cb4bee503ce,"September 17, 2016","Hidalgo, Texas, USA"
2dc7f1762dc0a7ef,UFC 203: Miocic vs. Overeem,http://ufcstats.com/event-details/2dc7f1762dc0a7ef,"September 10, 2016","Cleveland, Ohio, USA"
2b4faacc16d66898,UFC Fight Night: Arlovski vs. Barnett,http://ufcstats.com/event-details/2b4faacc16d66898,"September 03, 2016","Hamburg, Hamburg, Germany"
cfbccfed4e4796fe,UFC on FOX: Maia vs. Condit,http://ufcstats.com/event-details/cfbccfed4e4796fe,"August 27, 2016","Vancouver, British Columbia, Canada"
5da4e8dc02e50ac0,UFC 202: Diaz vs. McGregor 2,http://ufcstats.com/event-details/5da4e8dc02e50ac0,"August 20, 2016","Las Vegas, Nevada, USA"
232c582f29f8f65e,UFC Fight Night: Rodriguez vs. Caceres,http://ufcstats.com/event-details/232c582f29f8f65e,"August 06, 2016","Salt Lake City, Utah, USA"
72cbe507644a587c,UFC 201: Lawler vs. Woodley,http://ufcstats.com/event-details/72cbe507644a587c,"July 30, 2016","Atlanta, Georgia, USA"
8a028648f3f0761d,UFC on FOX: Holm vs. Shevchenko,http://ufcstats.com/event-details/8a028648f3f0761d,"July 23, 2016","Chicago, Illinois, USA"
5e7a28f20927d64a,UFC Fight Night: McDonald vs. Lineker,http://ufcstats.com/event-details/5e7a28f20927d64a,"July 13, 2016","Sioux Falls, South Dakota, USA"
aa5b4eff51bdc7d1,UFC 200: Tate vs Nunes,http://ufcstats.com/event-details/aa5b4eff51bdc7d1,"July 09, 2016","Las Vegas, Nevada, USA"
cd42bbe8887bba90,The Ultimate Fighter: Team Joanna vs. Team Cláudia Finale,http://ufcstats.com/event-details/cd42bbe8887bba90,"July 08, 2016","Las Vegas, Nevada, USA"
45a2ba3ef82b9700,UFC Fight Night: Dos Anjos vs. Alvarez,http://ufcstats.com/event-details/45a2ba3ef82b9700,"July 07, 2016","Las Vegas, Nevada, USA"
563d051c9e769b24,UFC Fight Night: MacDonald vs Thompson,http://ufcstats.com/event-details/563d051c9e769b24,"June 18, 2016","Ottawa, Ontario, Canada"
ff4c3ab594c7fac3,UFC 199: Rockhold vs. Bisping 2,http://ufcstats.com/event-details/ff4c3ab594c7fac3,"June 04, 2016","Los Angeles, California, USA"
990060b2a68a7b82,UFC Fight Night: Almeida vs Garbrandt,http://ufcstats.com/event-details/990060b2a68a7b82,"May 29, 2016","Las Vegas, Nevada, USA"
a4bf17bd3ba3423b,UFC 198: Werdum vs Miocic,http://ufcstats.com/event-details/a4bf17bd3ba3423b,"May 14, 2016","Curitiba, Parana, Brazil"
a314687f372b2cec,UFC Fight Night: Overeem vs Arlovski,http://ufcstats.com/event-details/a314687f372b2cec,"May 08, 2016","Rotterdam, Zuid-Holland, Netherlands"
3d481aa374c954a1,UFC 197: Jones vs Saint Preux,http://ufcstats.com/event-details/3d481aa374c954a1,"April 23, 2016","Las Vegas, Nevada, USA"
e7e970d508529bf3,UFC on FOX: Teixeira vs Evans,http://ufcstats.com/event-details/e7e970d508529bf3,"April 16, 2016","Tampa, Florida, USA"
4887e5bc4dbb73ff,UFC Fight Night: Rothwell vs Dos Santos,http://ufcstats.com/event-details/4887e5bc4dbb73ff,"April 10, 2016","Zagreb, Croatia"
e60201cfab7d656d,UFC Fight Night: Hunt vs Mir,http://ufcstats.com/event-details/e60201cfab7d656d,"March 19, 2016","Brisbane, Queensland, Australia"
db1f2ed63b54b9a7,UFC 196: McGregor vs Diaz,http://ufcstats.com/event-details/db1f2ed63b54b9a7,"March 05, 2016","Las Vegas, Nevada, USA"
39c568f8c579913e,UFC Fight Night: Silva vs Bisping,http://ufcstats.com/event-details/39c568f8c579913e,"February 27, 2016","London, England, United Kingdom"
d56bb6dff2ae77eb,UFC Fight Night: Cowboy vs Cowboy,http://ufcstats.com/event-details/d56bb6dff2ae77eb,"February 21, 2016","Pittsburgh, Pennsylvania, USA"
de99da2c0d18d34a,UFC Fight Night: Hendricks vs Thompson,http://ufcstats.com/event-details/de99da2c0d18d34a,"February 06, 2016","Las Vegas, Nevada, USA"
b3fb8d2293e17a59,UFC on FOX: Johnson vs. Bader,http://ufcstats.com/event-details/b3fb8d2293e17a59,"January 30, 2016","Newark, New Jersey, USA"
c6becb722706c7d8,UFC Fight Night: Dillashaw vs Cruz,http://ufcstats.com/event-details/c6becb722706c7d8,"January 17, 2016","Boston, Massachusetts, USA"
380e8b023290d091,UFC 195: Lawler vs Condit,http://ufcstats.com/event-details/380e8b023290d091,"January 02, 2016","Las Vegas, Nevada, USA"
80d918336163b80c,UFC on FOX: Dos Anjos vs. Cowboy 2,http://ufcstats.com/event-details/80d918336163b80c,"December 19, 2015","Orlando, Florida, USA"
354808cf38d9d73c,UFC 194: Aldo vs McGregor,http://ufcstats.com/event-details/354808cf38d9d73c,"December 12, 2015","Las Vegas, Nevada, USA"
20fbff570c678e1c,The Ultimate Fighter: Team McGregor vs. Team Faber Finale,http://ufcstats.com/event-details/20fbff570c678e1c,"December 11, 2015","Las Vegas, Nevada, USA"
dd39f1ca787a3d9d,UFC Fight Night: Namajunas vs. VanZant,http://ufcstats.com/event-details/dd39f1ca787a3d9d,"December 10, 2015","Las Vegas, Nevada, USA"
4d636c3aa1105950,UFC Fight Night: Henderson vs Masvidal,http://ufcstats.com/event-details/4d636c3aa1105950,"November 28, 2015","Seoul, South Korea"
243b07fc65ccbb16,UFC Fight Night: Magny vs Gastelum,http://ufcstats.com/event-details/243b07fc65ccbb16,"November 21, 2015","Monterrey, Nuevo Leon, Mexico"
8d04923f2db59b7f,UFC 193: Rousey vs Holm,http://ufcstats.com/event-details/8d04923f2db59b7f,"November 14, 2015","Melbourne, Victoria, Australia"
5345f86680378fc1,UFC Fight Night: Belfort vs Henderson 3,http://ufcstats.com/event-details/5345f86680378fc1,"November 07, 2015","Sao Paulo, Sao Paulo, Brazil"
f3155a94ca420126,UFC Fight Night: Holohan vs Smolka,http://ufcstats.com/event-details/f3155a94ca420126,"October 24, 2015","Dublin, Leinster, Ireland"
119ebea97e914dcf,UFC 192: Cormier vs Gustafsson,http://ufcstats.com/event-details/119ebea97e914dcf,"October 03, 2015","Houston, Texas, USA"
a4dd5c9a75763295,UFC Fight Night: Barnett vs Nelson,http://ufcstats.com/event-details/a4dd5c9a75763295,"September 26, 2015","Saitama, Japan"
82f5c81f4e3c3eb5,UFC 191: Johnson vs Dodson 2,http://ufcstats.com/event-details/82f5c81f4e3c3eb5,"September 05, 2015","Las Vegas, Nevada, USA"
2ce6541127b0e232,UFC Fight Night: Holloway vs Oliveira,http://ufcstats.com/event-details/2ce6541127b0e232,"August 23, 2015","Saskatoon, Saskatchewan, Canada"
b71667c778b6d9e5,UFC Fight Night: Teixeira vs Saint Preux,http://ufcstats.com/event-details/b71667c778b6d9e5,"August 08, 2015","Nashville, Tennessee, USA"
a9c45a8b21eabadc,UFC 190: Rousey vs Correia,http://ufcstats.com/event-details/a9c45a8b21eabadc,"August 01, 2015","Rio de Janeiro, Rio de Janeiro, Brazil"
0c3838c8f7c620c2,UFC on FOX: Dillashaw vs. Barao II,http://ufcstats.com/event-details/0c3838c8f7c620c2,"July 25, 2015","Chicago, Illinois, USA"
ef7fa30364cbe7f2,UFC Fight Night: Bisping vs Leites,http://ufcstats.com/event-details/ef7fa30364cbe7f2,"July 18, 2015","Glasgow, Scotland, United Kingdom"
36877f0e62b25b96,UFC Fight Night: Mir vs Duffee,http://ufcstats.com/event-details/36877f0e62b25b96,"July 15, 2015","San Diego, California, USA"
a890f9a791ed615d,The Ultimate Fighter: American Top Team vs. Blackzilians Finale,http://ufcstats.com/event-details/a890f9a791ed615d,"July 12, 2015","Las Vegas, Nevada, USA"
3be081c29bf734d9,UFC 189: Mendes vs McGregor,http://ufcstats.com/event-details/3be081c29bf734d9,"July 11, 2015","Las Vegas, Nevada, USA"
86e388ed20761ad9,UFC Fight Night: Machida vs Romero,http://ufcstats.com/event-details/86e388ed20761ad9,"June 27, 2015","Hollywood, Florida, USA"
194fc025f9355db6,UFC Fight Night: Jedrzejczyk vs Penne,http://ufcstats.com/event-details/194fc025f9355db6,"June 20, 2015","Berlin, Berlin, Germany"
a58114c6dd0add64,UFC 188: Velasquez vs Werdum,http://ufcstats.com/event-details/a58114c6dd0add64,"June 13, 2015","Mexico City, Distrito Federal, Mexico"
06dc1a58663579d2,UFC Fight Night: Boetsch vs Henderson,http://ufcstats.com/event-details/06dc1a58663579d2,"June 06, 2015","New Orleans, Louisiana, USA"
aae0897825336b1a,UFC Fight Night: Condit vs Alves,http://ufcstats.com/event-details/aae0897825336b1a,"May 30, 2015","Goiania, Goias, Brazil"
4f7e290e71d60f87,UFC 187: Johnson vs Cormier,http://ufcstats.com/event-details/4f7e290e71d60f87,"May 23, 2015","Las Vegas, Nevada, USA"
b1605ea39fba6af6,UFC Fight Night: Edgar vs Faber,http://ufcstats.com/event-details/b1605ea39fba6af6,"May 16, 2015","Manila, Philippines"
8a1b4330c7957961,UFC Fight Night: Miocic vs Hunt,http://ufcstats.com/event-details/8a1b4330c7957961,"May 09, 2015","Adelaide, South Australia, Australia"
997b4f52f76a0b53,UFC 186: Johnson vs Horiguchi,http://ufcstats.com/event-details/997b4f52f76a0b53,"April 25, 2015","Montreal, Quebec, Canada"
bc7cf284c1c2f16e,UFC on FOX: Machida vs Rockhold,http://ufcstats.com/event-details/bc7cf284c1c2f16e,"April 18, 2015","Newark, New Jersey, USA"
5de61b03868035ff,UFC Fight Night: Gonzaga vs Cro Cop 2,http://ufcstats.com/event-details/5de61b03868035ff,"April 11, 2015","Krakow, Poland"
16d09e800ad7ec79,UFC Fight Night: Mendes vs Lamas,http://ufcstats.com/event-details/16d09e800ad7ec79,"April 04, 2015","Fairfax, Virginia, USA"
fa534853eb195270,UFC Fight Night: Maia vs LaFlare,http://ufcstats.com/event-details/fa534853eb195270,"March 21, 2015","Rio de Janeiro, Brazil"
f54200f1dfb9b5d4,UFC 185: Pettis vs Dos Anjos,http://ufcstats.com/event-details/f54200f1dfb9b5d4,"March 14, 2015","Dallas, Texas, USA"
ad4e9055bf8cd04d,UFC 184: Rousey vs Zingano,http://ufcstats.com/event-details/ad4e9055bf8cd04d,"February 28, 2015","Los Angeles, California, USA"
0577808d22dfe79c,UFC Fight Night: Bigfoot vs Mir,http://ufcstats.com/event-details/0577808d22dfe79c,"February 22, 2015","Porto Alegre, Rio Grande do Sul, Brazil"
f9c7fe2682af3802,UFC Fight Night: Henderson vs Thatch,http://ufcstats.com/event-details/f9c7fe2682af3802,"February 14, 2015","Broomfield, Colorado, USA"
43563a32c3f10e95,UFC 183: Silva vs Diaz,http://ufcstats.com/event-details/43563a32c3f10e95,"January 31, 2015","Las Vegas, Nevada, USA"
706404da0775dcbc,UFC on FOX: Gustafsson vs Johnson,http://ufcstats.com/event-details/706404da0775dcbc,"January 24, 2015","Stockholm, Sweden"
f9aa6376ae16bfb4,UFC Fight Night: McGregor vs Siver,http://ufcstats.com/event-details/f9aa6376ae16bfb4,"January 18, 2015","Boston, Massachusetts, USA"
a72d260b436924c4,UFC 182: Jones vs Cormier,http://ufcstats.com/event-details/a72d260b436924c4,"January 03, 2015","Las Vegas, Nevada, USA"
4e5bbc4566049cbf,UFC Fight Night: Machida vs Dollaway,http://ufcstats.com/event-details/4e5bbc4566049cbf,"December 20, 2014","Barueri, Sao Paulo, Brazil"
d4a12dfa4067742f,UFC on FOX: Dos Santos vs Miocic,http://ufcstats.com/event-details/d4a12dfa4067742f,"December 13, 2014","Phoenix, Arizona, USA"
222d6b547de2e035,The Ultimate Fighter: A Champion Will Be Crowned Finale,http://ufcstats.com/event-details/222d6b547de2e035,"December 12, 2014","Las Vegas, Nevada, USA"
dfdd0c5dd0d4bc23,UFC 181: Hendricks vs Lawler II,http://ufcstats.com/event-details/dfdd0c5dd0d4bc23,"December 06, 2014","Las Vegas, Nevada, USA"
155a02a8b4311057,UFC Fight Night: Edgar vs Swanson,http://ufcstats.com/event-details/155a02a8b4311057,"November 22, 2014","Austin, Texas, USA"
59851163aaf1aed8,UFC 180: Werdum vs Hunt,http://ufcstats.com/event-details/59851163aaf1aed8,"November 15, 2014","Mexico City, Distrito Federal, Mexico"
6ca68b636fbc1f18,UFC Fight Night 56: Shogun vs Saint Preux,http://ufcstats.com/event-details/6ca68b636fbc1f18,"November 08, 2014","Uberlandia, Minas Gerais, Brazil"
371a1c91b24dec2b,UFC Fight Night: Rockhold vs Bisping,http://ufcstats.com/event-details/371a1c91b24dec2b,"November 07, 2014","Sydney, New South Wales, Australia"
53f02bbc41d99432,UFC 179: Aldo vs Mendes 2,http://ufcstats.com/event-details/53f02bbc41d99432,"October 25, 2014","Rio de Janeiro, Brazil"
0313bf497de9c470,UFC Fight Night: MacDonald vs Saffiedine,http://ufcstats.com/event-details/0313bf497de9c470,"October 04, 2014","Halifax, Nova Scotia, Canada"
8dc4f34c1f50d00d,UFC Fight Night: Nelson vs Story,http://ufcstats.com/event-details/8dc4f34c1f50d00d,"October 04, 2014","Stockholm, Sweden"
3bb030257966b022,UFC 178: Johnson vs Cariaso,http://ufcstats.com/event-details/3bb030257966b022,"September 27, 2014","Las Vegas, Nevada, USA"
2dea80c069847321,UFC Fight Night: Hunt vs Nelson,http://ufcstats.com/event-details/2dea80c069847321,"September 20, 2014","Saitama, Japan"
a71feb7ea7592a71,UFC Fight Night: Bigfoot vs Arlovski,http://ufcstats.com/event-details/a71feb7ea7592a71,"September 13, 2014","Brasilia, Distrito Federal, Brazil"
9bcfb40dbcd50568,UFC Fight Night: Jacare vs Mousasi,http://ufcstats.com/event-details/9bcfb40dbcd50568,"September 05, 2014","Ledyard, Connecticut, USA"
269d103c96a4c3a5,UFC 177: Dillashaw vs Soto,http://ufcstats.com/event-details/269d103c96a4c3a5,"August 30, 2014","Sacramento, California, USA"
063649e21bc9d6d5,UFC Fight Night: Henderson vs Dos Anjos,http://ufcstats.com/event-details/063649e21bc9d6d5,"August 23, 2014","Tulsa, Oklahoma, USA"
770b9d4813c25902,UFC Fight Night: Bisping vs Le,http://ufcstats.com/event-details/770b9d4813c25902,"August 23, 2014","Macau, China"
fd7acf42bd6e7e95,UFC Fight Night: Bader vs Saint Preux,http://ufcstats.com/event-details/fd7acf42bd6e7e95,"August 16, 2014","Bangor, Maine, USA"
05fbfe628658c538,UFC on FOX: Lawler vs Brown,http://ufcstats.com/event-details/05fbfe628658c538,"July 26, 2014","San Jose, California, USA"
073eee4e62f0d988,UFC Fight Night: McGregor vs Brandao,http://ufcstats.com/event-details/073eee4e62f0d988,"July 19, 2014","Dublin, Leinster, Ireland"
79ded75550efc139,UFC Fight Night: Cowboy vs Miller,http://ufcstats.com/event-details/79ded75550efc139,"July 16, 2014","Atlantic City, New Jersey, USA"
1c5879330d42255f,The Ultimate Fighter: Team Edgar vs. Team Penn Finale,http://ufcstats.com/event-details/1c5879330d42255f,"July 06, 2014","Las Vegas, Nevada, USA"
53adf5b845d91e4a,UFC 175: Weidman vs Machida,http://ufcstats.com/event-details/53adf5b845d91e4a,"July 05, 2014","Las Vegas, Nevada, USA"
c0ed7b208197e8de,UFC Fight Night: Swanson vs Stephens,http://ufcstats.com/event-details/c0ed7b208197e8de,"June 28, 2014","San Antonio, Texas, USA"
ac9521250dc1a14c,UFC Fight Night: Te Huna vs Marquardt,http://ufcstats.com/event-details/ac9521250dc1a14c,"June 28, 2014","Auckland, New Zealand"
5b5307450405abf0,UFC 174: Johnson vs Bagautinov,http://ufcstats.com/event-details/5b5307450405abf0,"June 14, 2014","Vancouver, British Columbia, Canada"
1fcfc3709fe58151,UFC Fight Night: Henderson vs Khabilov,http://ufcstats.com/event-details/1fcfc3709fe58151,"June 07, 2014","Albuquerque, New Mexico, USA"
59aaf2730b84698a,UFC Fight Night: Miocic vs Maldonado,http://ufcstats.com/event-details/59aaf2730b84698a,"May 31, 2014","Sao Paulo, Brazil"
b757c73f443d4fca,UFC Fight Night: Munoz vs Mousasi,http://ufcstats.com/event-details/b757c73f443d4fca,"May 31, 2014","Berlin, Germany"
9ca265dfe8323db3,UFC 173: Barao vs Dillashaw,http://ufcstats.com/event-details/9ca265dfe8323db3,"May 24, 2014","Las Vegas, Nevada, USA"
579fcdfcabd23a7b,UFC Fight Night: Brown vs Silva,http://ufcstats.com/event-details/579fcdfcabd23a7b,"May 10, 2014","Cincinnati, Ohio, USA"
4f2fcbefb668689d,UFC 172: Jones vs Teixeira,http://ufcstats.com/event-details/4f2fcbefb668689d,"April 26, 2014","Baltimore, Maryland, USA"
a421465acbe59c77,UFC on FOX: Werdum vs Browne,http://ufcstats.com/event-details/a421465acbe59c77,"April 19, 2014","Orlando, Florida, USA"
f9f07bb5a43535ed,UFC Fight Night: Bisping vs Kennedy,http://ufcstats.com/event-details/f9f07bb5a43535ed,"April 16, 2014","Quebec City, Quebec, Canada"
d632d156c0549e07,UFC Fight Night: Minotauro vs Nelson,http://ufcstats.com/event-details/d632d156c0549e07,"April 11, 2014","Abu Dhabi, United Arab Emirates"
d5f820c11a121050,UFC Fight Night: Shogun vs Henderson 2,http://ufcstats.com/event-details/d5f820c11a121050,"March 23, 2014","Natal, Rio Grande do Norte, Brazil"
179f1948dc234f1f,UFC 171: Hendricks vs Lawler,http://ufcstats.com/event-details/179f1948dc234f1f,"March 15, 2014","Dallas, Texas, USA"
ebc1f40e00e0c481,UFC Fight Night: Gustafsson vs Manuwa,http://ufcstats.com/event-details/ebc1f40e00e0c481,"March 08, 2014","London, England, United Kingdom"
a26198ba5093147e,UFC Fight Night: Kim vs Hathaway,http://ufcstats.com/event-details/a26198ba5093147e,"March 01, 2014","Macau, China"
3138fab619faf4d1,UFC 170: Rousey vs McMann,http://ufcstats.com/event-details/3138fab619faf4d1,"February 22, 2014","Las Vegas, Nevada, USA"
51b0bb73a1da34bc,UFC Fight Night: Machida vs Mousasi,http://ufcstats.com/event-details/51b0bb73a1da34bc,"February 15, 2014","Jaragua do Sul, Santa Catarina, Brazil"
fc31f896cde2bc2e,UFC 169: Barao vs Faber 2,http://ufcstats.com/event-details/fc31f896cde2bc2e,"February 01, 2014","Newark, New Jersey, USA"
a8d521d913df4e31,UFC on FOX: Henderson vs Thomson,http://ufcstats.com/event-details/a8d521d913df4e31,"January 25, 2014","Chicago, Illinois, USA"
30a09e43f15f1d75,UFC Fight Night: Rockhold vs Philippou,http://ufcstats.com/event-details/30a09e43f15f1d75,"January 15, 2014","Duluth, Georgia, USA"
e5c9de15bb58b1c6,UFC Fight Night: Saffiedine vs Lim,http://ufcstats.com/event-details/e5c9de15bb58b1c6,"January 04, 2014","Singapore, Singapore"
83d0de122f2f9664,UFC 168: Weidman vs Silva 2,http://ufcstats.com/event-details/83d0de122f2f9664,"December 28, 2013","Las Vegas, Nevada, USA"
480b702debcb5433,UFC on FOX: Johnson vs. Benavidez 2,http://ufcstats.com/event-details/480b702debcb5433,"December 14, 2013","Sacramento, California, USA"
ee457ef1e1c326c1,UFC Fight Night: Hunt vs Bigfoot,http://ufcstats.com/event-details/ee457ef1e1c326c1,"December 06, 2013","Brisbane, Queensland, Australia"
9a967e8e43dcef63,The Ultimate Fighter: Team Rousey vs. Team Tate Finale,http://ufcstats.com/event-details/9a967e8e43dcef63,"November 30, 2013","Las Vegas, Nevada, USA"
28f3c2258a1d8874,UFC 167: St-Pierre vs Hendricks,http://ufcstats.com/event-details/28f3c2258a1d8874,"November 16, 2013","Las Vegas, Nevada, USA"
5d7c18191b8aa432,UFC Fight Night: Belfort vs Henderson 2,http://ufcstats.com/event-details/5d7c18191b8aa432,"November 09, 2013","Goiania, Goias, Brazil"
35dc6220b113b7ec,UFC Fight Night: Fight for the Troops 3,http://ufcstats.com/event-details/35dc6220b113b7ec,"November 06, 2013","Fort Campbell, Kentucky, USA"
60884f31ead1609c,UFC Fight Night: Machida vs Munoz,http://ufcstats.com/event-details/60884f31ead1609c,"October 26, 2013","Manchester, England, United Kingdom"
eae4aec1a5a8ff01,UFC 166: Velasquez vs Dos Santos 3,http://ufcstats.com/event-details/eae4aec1a5a8ff01,"October 19, 2013","Houston, Texas, USA"
43612456979e5d5e,UFC Fight Night: Maia vs Shields,http://ufcstats.com/event-details/43612456979e5d5e,"October 09, 2013","Barueri, Sao Paulo, Brazil"
df5a77121ba84a5d,UFC 165: Jones vs Gustafsson,http://ufcstats.com/event-details/df5a77121ba84a5d,"September 21, 2013","Toronto, Ontario, Canada"
b23fca14c7b79935,UFC Fight Night: Teixeira vs Bader,http://ufcstats.com/event-details/b23fca14c7b79935,"September 04, 2013","Belo Horizonte, Minas Gerais, Brazil"
980b4e712489098e,UFC 164: Henderson vs Pettis 2,http://ufcstats.com/event-details/980b4e712489098e,"August 31, 2013","Milwaukee, Wisconsin, USA"
e5c38954c006f15c,UFC Fight Night: Condit vs Kampmann 2,http://ufcstats.com/event-details/e5c38954c006f15c,"August 28, 2013","Indianapolis, Indiana, USA"
cf1a88371c8cb690,UFC Fight Night: Shogun vs Sonnen,http://ufcstats.com/event-details/cf1a88371c8cb690,"August 17, 2013","Boston, Massachusetts, USA"
ebc5af72ad5a28cb,UFC 163: Aldo vs Jung,http://ufcstats.com/event-details/ebc5af72ad5a28cb,"August 03, 2013","Rio de Janeiro, Brazil"
5330fe7e4c3af81c,UFC on FOX: Johnson vs Moraga,http://ufcstats.com/event-details/5330fe7e4c3af81c,"July 27, 2013","Seattle, Washington, USA"
e0b74df14f52cd15,UFC 162: Silva vs Weidman,http://ufcstats.com/event-details/e0b74df14f52cd15,"July 06, 2013","Las Vegas, Nevada, USA"
8fd1f27e86661ede,UFC 161: Evans vs Henderson,http://ufcstats.com/event-details/8fd1f27e86661ede,"June 15, 2013","Winnipeg, Manitoba, Canada"
7865707fd684d77b,UFC on FUEL TV: Nogueira vs. Werdum,http://ufcstats.com/event-details/7865707fd684d77b,"June 08, 2013","Fortaleza, Ceara, Brazil"
3c241737a6069b9f,UFC 160: Velasquez vs Silva 2,http://ufcstats.com/event-details/3c241737a6069b9f,"May 25, 2013","Las Vegas, Nevada, USA"
030f08370fd1c2bb,UFC on FX: Belfort vs. Rockhold,http://ufcstats.com/event-details/030f08370fd1c2bb,"May 18, 2013","Jaragua do Sul, Santa Catarina, Brazil"
ea0ad155451ed1f5,UFC 159: Jones vs Sonnen,http://ufcstats.com/event-details/ea0ad155451ed1f5,"April 27, 2013","Newark, New Jersey, USA"
aa79d5399571068e,UFC on FOX: Henderson vs Melendez,http://ufcstats.com/event-details/aa79d5399571068e,"April 20, 2013","San Jose, California, USA"
ce47f49e5c386a9c,The Ultimate Fighter: Team Jones vs. Team Sonnen Finale,http://ufcstats.com/event-details/ce47f49e5c386a9c,"April 13, 2013","Las Vegas, Nevada, USA"
6291ac0a3726732f,UFC on FUEL TV: Mousasi vs Latifi,http://ufcstats.com/event-details/6291ac0a3726732f,"April 06, 2013","Stockholm, Sweden"
f1b2a4365799c48b,UFC 158: St-Pierre vs Diaz,http://ufcstats.com/event-details/f1b2a4365799c48b,"March 16, 2013","Montreal, Quebec, Canada"
83c6c3e0f8bde8ee,UFC on FUEL TV: Silva vs. Stann,http://ufcstats.com/event-details/83c6c3e0f8bde8ee,"March 02, 2013","Saitama, Japan"
09c44b317c98bf96,UFC 157: Rousey vs Carmouche,http://ufcstats.com/event-details/09c44b317c98bf96,"February 23, 2013","Anaheim, California, USA"
4679a38cced7c64a,UFC on FUEL TV: Barao vs McDonald,http://ufcstats.com/event-details/4679a38cced7c64a,"February 16, 2013","London, England, United Kingdom"
601cf40c09090853,UFC 156: Aldo vs Edgar,http://ufcstats.com/event-details/601cf40c09090853,"February 02, 2013","Las Vegas, Nevada, USA"
738acab0c6934dd8,UFC on FOX: Johnson vs Dodson,http://ufcstats.com/event-details/738acab0c6934dd8,"January 26, 2013","Chicago, Illinois, USA"
56f4b81ec4db61af,UFC on FX: Belfort vs Bisping,http://ufcstats.com/event-details/56f4b81ec4db61af,"January 19, 2013","Sao Paulo, Brazil"
c6e6926a81adcd00,UFC 155: Dos Santos vs Velasquez II,http://ufcstats.com/event-details/c6e6926a81adcd00,"December 29, 2012","Las Vegas, Nevada, USA"
c6da1c24fe473418,The Ultimate Fighter: Team Carwin vs. Team Nelson Finale,http://ufcstats.com/event-details/c6da1c24fe473418,"December 15, 2012","Las Vegas, Nevada, USA"
e8c170a64dc920ac,UFC on FX: Sotiropoulos vs Pearson,http://ufcstats.com/event-details/e8c170a64dc920ac,"December 14, 2012","Gold Coast, Queensland, Australia"
d1e6a6536ee62517,UFC on FOX: Henderson vs Diaz,http://ufcstats.com/event-details/d1e6a6536ee62517,"December 08, 2012","Seattle, Washington, USA"
d41937647eae9a34,UFC 154: St-Pierre vs Condit,http://ufcstats.com/event-details/d41937647eae9a34,"November 17, 2012","Montreal, Quebec, Canada"
319fa1bd3176bded,UFC Macao: Franklin vs Le,http://ufcstats.com/event-details/319fa1bd3176bded,"November 10, 2012","Macau, China"
96d173b7f92aa520,UFC 153: Silva vs Bonnar,http://ufcstats.com/event-details/96d173b7f92aa520,"October 13, 2012","Rio de Janeiro, Brazil"
6a0b80a24f22e152,UFC on FX: Browne vs Bigfoot,http://ufcstats.com/event-details/6a0b80a24f22e152,"October 05, 2012","Minneapolis, Minnesota, USA"
6cbb7661c3258617,UFC on FUEL TV: Struve vs Miocic,http://ufcstats.com/event-details/6cbb7661c3258617,"September 29, 2012","Nottingham, England, United Kingdom"
53e533db1b8e9712,UFC 152: Jones vs Belfort,http://ufcstats.com/event-details/53e533db1b8e9712,"September 22, 2012","Toronto, Ontario, Canada"
3c48019bc387b80c,UFC 150: Henderson vs Edgar II,http://ufcstats.com/event-details/3c48019bc387b80c,"August 11, 2012","Denver, Colorado, USA"
f62850b3c7480db9,UFC on FOX: Shogun vs Vera,http://ufcstats.com/event-details/f62850b3c7480db9,"August 04, 2012","Los Angeles, California, USA"
abbc4fc02e0d84b3,UFC 149: Faber vs Barao,http://ufcstats.com/event-details/abbc4fc02e0d84b3,"July 21, 2012","Calgary, Alberta, Canada"
d3b5ad3b15a64a18,UFC on FUEL TV: Munoz vs Weidman,http://ufcstats.com/event-details/d3b5ad3b15a64a18,"July 11, 2012","San Jose, California, USA"
e8efeb9cf33b1941,UFC 148: Silva vs Sonnen 2,http://ufcstats.com/event-details/e8efeb9cf33b1941,"July 07, 2012","Las Vegas, Nevada, USA"
3da19339ee7051d5,UFC 147: Silva vs Franklin 2,http://ufcstats.com/event-details/3da19339ee7051d5,"June 23, 2012","Belo Horizonte, Minas Gerais, Brazil"
505934897b8b4824,UFC on FX: Maynard vs Guida,http://ufcstats.com/event-details/505934897b8b4824,"June 22, 2012","Atlantic City, New Jersey, USA"
49590e0508b2c19f,UFC on FX: Johnson vs McCall,http://ufcstats.com/event-details/49590e0508b2c19f,"June 08, 2012","Sunrise, Florida, USA"
96087e90d900f0ef,The Ultimate Fighter: Live Finale,http://ufcstats.com/event-details/96087e90d900f0ef,"June 01, 2012","Las Vegas, Nevada, USA"
4985113c0928aa62,UFC 146: Dos Santos vs Mir,http://ufcstats.com/event-details/4985113c0928aa62,"May 26, 2012","Las Vegas, Nevada, USA"
8caca5857ce0e30b,UFC on FUEL TV: Korean Zombie vs Poirier,http://ufcstats.com/event-details/8caca5857ce0e30b,"May 15, 2012","Fairfax, Virginia, USA"
5898357a45a73674,UFC on FOX: Diaz vs Miller,http://ufcstats.com/event-details/5898357a45a73674,"May 05, 2012","East Rutherford, New Jersey, USA"
155bfc7ed36622df,UFC 145: Jones vs Evans,http://ufcstats.com/event-details/155bfc7ed36622df,"April 21, 2012","Atlanta, Georgia, USA"
21f2974fd08085e3,UFC on FUEL TV: Gustafsson vs Silva,http://ufcstats.com/event-details/21f2974fd08085e3,"April 14, 2012","Stockholm, Sweden"
b5ea750025697880,UFC on FX: Alves vs Kampmann,http://ufcstats.com/event-details/b5ea750025697880,"March 02, 2012","Sydney, New South Wales, Australia"
8377c5572cb356f3,UFC 144: Edgar vs Henderson,http://ufcstats.com/event-details/8377c5572cb356f3,"February 25, 2012","Saitama, Japan"
0a97691039c4bbfb,UFC on FUEL TV: Sanchez vs Ellenberger,http://ufcstats.com/event-details/0a97691039c4bbfb,"February 15, 2012","Omaha, Nebraska, USA"
df2cf66d8c0123db,UFC 143: Diaz vs Condit,http://ufcstats.com/event-details/df2cf66d8c0123db,"February 04, 2012","Las Vegas, Nevada, USA"
c3c23c99477c041b,UFC on FOX: Evans vs Davis,http://ufcstats.com/event-details/c3c23c99477c041b,"January 28, 2012","Chicago, Illinois, USA"
4d74641fac830182,UFC on FX: Guillard vs Miller,http://ufcstats.com/event-details/4d74641fac830182,"January 20, 2012","Nashville, Tennessee, USA"
18524b46c570730b,UFC 142: Aldo vs Mendes,http://ufcstats.com/event-details/18524b46c570730b,"January 14, 2012","Rio de Janeiro, Brazil"
91720876db0ee468,UFC 141: Lesnar vs Overeem,http://ufcstats.com/event-details/91720876db0ee468,"December 30, 2011","Las Vegas, Nevada, USA"
6d7886b094b471ac,UFC 140: Jones vs Machida,http://ufcstats.com/event-details/6d7886b094b471ac,"December 10, 2011","Toronto, Ontario, Canada"
1f5f75658551f2d3,The Ultimate Fighter: Team Bisping vs Team Miller Finale,http://ufcstats.com/event-details/1f5f75658551f2d3,"December 03, 2011","Las Vegas, Nevada, USA"
0ec821423baa26bd,UFC 139: Shogun vs Henderson,http://ufcstats.com/event-details/0ec821423baa26bd,"November 19, 2011","San Jose, California, USA"
1c061eb6e29eaa0a,UFC on FOX: Velasquez vs Dos Santos,http://ufcstats.com/event-details/1c061eb6e29eaa0a,"November 12, 2011","Anaheim, California, USA"
e780ccc79a209985,UFC 138: Leben vs Munoz,http://ufcstats.com/event-details/e780ccc79a209985,"November 05, 2011","Birmingham, England, United Kingdom"
8788beb528894f33,UFC 137: Penn vs Diaz,http://ufcstats.com/event-details/8788beb528894f33,"October 29, 2011","Las Vegas, Nevada, USA"
7d5b12de1625984e,UFC 136: Edgar vs Maynard 3,http://ufcstats.com/event-details/7d5b12de1625984e,"October 08, 2011","Houston, Texas, USA"
44f9c777fed7ca03,UFC Live: Cruz vs Johnson,http://ufcstats.com/event-details/44f9c777fed7ca03,"October 01, 2011","Washington, DC, USA"
73ef22f25d0f70e2,UFC 135: Jones vs Rampage,http://ufcstats.com/event-details/73ef22f25d0f70e2,"September 24, 2011","Denver, Colorado, USA"
1ffc38f67785797b,UFC Fight Night: Shields vs Ellenberger,http://ufcstats.com/event-details/1ffc38f67785797b,"September 17, 2011","New Orleans, Louisiana, USA"
18968f97ad34f15c,UFC 134: Silva vs Okami,http://ufcstats.com/event-details/18968f97ad34f15c,"August 27, 2011","Rio de Janeiro, Brazil"
4c8d6fde2dde07c4,UFC Live: Hardy vs Lytle,http://ufcstats.com/event-details/4c8d6fde2dde07c4,"August 14, 2011","Milwaukee, Wisconsin, USA"
f1f9e48a0d150757,UFC 133: Evans vs Ortiz 2,http://ufcstats.com/event-details/f1f9e48a0d150757,"August 06, 2011","Philadelphia, Pennsylvania, USA"
83fd97284f4bb4a4,UFC 132: Cruz vs Faber,http://ufcstats.com/event-details/83fd97284f4bb4a4,"July 02, 2011","Las Vegas, Nevada, USA"
d023ae89a2a4a41e,UFC Live: Kongo vs Barry,http://ufcstats.com/event-details/d023ae89a2a4a41e,"June 26, 2011","Pittsburgh, Pennsylvania, USA"
aac5ac38148f0528,UFC 131: Dos Santos vs Carwin,http://ufcstats.com/event-details/aac5ac38148f0528,"June 11, 2011","Vancouver, British Columbia, Canada"
3ba3b5cc94498437,The Ultimate Fighter: Team Lesnar vs Team dos Santos Finale,http://ufcstats.com/event-details/3ba3b5cc94498437,"June 04, 2011","Las Vegas, Nevada, USA"
b732b326c362fb62,UFC 130: Rampage vs Hamill,http://ufcstats.com/event-details/b732b326c362fb62,"May 28, 2011","Las Vegas, Nevada, USA"
2db7fa8db6bc9632,UFC 129: St-Pierre vs Shields,http://ufcstats.com/event-details/2db7fa8db6bc9632,"April 30, 2011","Toronto, Ontario, Canada"
8a59d346dc976a10,UFC Fight Night: Nogueira vs Davis,http://ufcstats.com/event-details/8a59d346dc976a10,"March 26, 2011","Seattle, Washington, USA"
1411c630ba711b64,UFC 128: Shogun vs Jones,http://ufcstats.com/event-details/1411c630ba711b64,"March 19, 2011","Newark, New Jersey, USA"
a54fc2d6fc224dc3,UFC Live: Sanchez vs Kampmann,http://ufcstats.com/event-details/a54fc2d6fc224dc3,"March 03, 2011","Louisville, Kentucky, USA"
88a9bc81271ccd89,UFC 127: Penn vs Fitch,http://ufcstats.com/event-details/88a9bc81271ccd89,"February 26, 2011","Sydney, New South Wales, Australia"
65ddc8a9ac4e8531,UFC 126: Silva vs Belfort,http://ufcstats.com/event-details/65ddc8a9ac4e8531,"February 05, 2011","Las Vegas, Nevada, USA"
282fa667ff9c51ed,UFC Fight Night: Fight for the Troops 2,http://ufcstats.com/event-details/282fa667ff9c51ed,"January 22, 2011","Killeen, Texas, USA"
d1152823307d7e7c,UFC 125: Resolution,http://ufcstats.com/event-details/d1152823307d7e7c,"January 01, 2011","Las Vegas, Nevada, USA"
132f860d02953f4c,UFC 124: St-Pierre vs Koscheck 2,http://ufcstats.com/event-details/132f860d02953f4c,"December 11, 2010","Montreal, Quebec, Canada"
5d7bdab5e03e3216,The Ultimate Fighter: Team GSP vs Team Koscheck Finale,http://ufcstats.com/event-details/5d7bdab5e03e3216,"December 04, 2010","Las Vegas, Nevada, USA"
dd992d569aaebee6,UFC 123: Rampage vs Machida,http://ufcstats.com/event-details/dd992d569aaebee6,"November 20, 2010","Auburn Hills, Michigan, USA"
0ff11cc094e887bc,UFC 122: Marquardt vs Okami,http://ufcstats.com/event-details/0ff11cc094e887bc,"November 13, 2010","Oberhausen, North Rhine-Westphalia, Germany"
afdb76fbd86f6d11,UFC 121: Lesnar vs Velasquez,http://ufcstats.com/event-details/afdb76fbd86f6d11,"October 23, 2010","Anaheim, California, USA"
d512d9f204059f57,UFC 120: Bisping vs Akiyama,http://ufcstats.com/event-details/d512d9f204059f57,"October 16, 2010","London, England, United Kingdom"
ad32471f01e7b1a5,UFC 119: Mir vs Cro Cop,http://ufcstats.com/event-details/ad32471f01e7b1a5,"September 25, 2010","Indianapolis, Indiana, USA"
acff437707625fc7,UFC Fight Night: Marquardt vs Palhares,http://ufcstats.com/event-details/acff437707625fc7,"September 15, 2010","Austin, Texas, USA"
054defd5420a551f,UFC 118: Edgar vs Penn 2,http://ufcstats.com/event-details/054defd5420a551f,"August 28, 2010","Boston, Massachusetts, USA"
2f3f12002564bb55,UFC 117: Silva vs Sonnen,http://ufcstats.com/event-details/2f3f12002564bb55,"August 07, 2010","Oakland, California, USA"
f12f979b657ab876,UFC Live: Jones vs Matyushenko,http://ufcstats.com/event-details/f12f979b657ab876,"August 01, 2010","San Diego, California, USA"
140745cbbcb023ac,UFC 116: Lesnar vs Carwin,http://ufcstats.com/event-details/140745cbbcb023ac,"July 03, 2010","Las Vegas, Nevada, USA"
9bcf8603ceb25680,The Ultimate Fighter: Team Liddell vs Team Ortiz Finale,http://ufcstats.com/event-details/9bcf8603ceb25680,"June 19, 2010","Las Vegas, Nevada, USA"
cfb65863d5099327,UFC 115: Liddell vs Franklin,http://ufcstats.com/event-details/cfb65863d5099327,"June 12, 2010","Vancouver, British Columbia, Canada"
bfc2fc38a0e20211,UFC 114: Rampage vs Evans,http://ufcstats.com/event-details/bfc2fc38a0e20211,"May 29, 2010","Las Vegas, Nevada, USA"
d0c29452d3272603,UFC 113: Machida vs Shogun 2,http://ufcstats.com/event-details/d0c29452d3272603,"May 08, 2010","Montreal, Quebec, Canada"
24b033b3daf1c9df,UFC 112: Invincible,http://ufcstats.com/event-details/24b033b3daf1c9df,"April 10, 2010","Abu Dhabi, United Arab Emirates"
3ed134d85dfbd7b4,UFC Fight Night: Florian vs Gomi,http://ufcstats.com/event-details/3ed134d85dfbd7b4,"March 31, 2010","Charlotte, North Carolina, USA"
c80095f6092271a7,UFC 111: St-Pierre vs Hardy,http://ufcstats.com/event-details/c80095f6092271a7,"March 27, 2010","Newark, New Jersey, USA"
3795fca327cbcf23,UFC Live: Vera vs Jones,http://ufcstats.com/event-details/3795fca327cbcf23,"March 21, 2010","Broomfield, Colorado, USA"
49efbdc6c9f650c4,UFC 110: Nogueira vs Velasquez,http://ufcstats.com/event-details/49efbdc6c9f650c4,"February 20, 2010","Sydney, New South Wales, Australia"
15edcf67ccf5be84,UFC 109: Relentless,http://ufcstats.com/event-details/15edcf67ccf5be84,"February 06, 2010","Las Vegas, Nevada, USA"
58bc81376286b3d3,UFC Fight Night: Maynard vs Diaz,http://ufcstats.com/event-details/58bc81376286b3d3,"January 11, 2010","Fairfax, Virginia, USA"
a6d8bfe9e0c8153b,UFC 108: Evans vs Silva,http://ufcstats.com/event-details/a6d8bfe9e0c8153b,"January 02, 2010","Las Vegas, Nevada, USA"
821cd80aab70d5f9,UFC 107: Penn vs Sanchez,http://ufcstats.com/event-details/821cd80aab70d5f9,"December 12, 2009","Memphis, Tennessee, USA"
91d73ee59347ac16,The Ultimate Fighter: Heavyweights Finale,http://ufcstats.com/event-details/91d73ee59347ac16,"December 05, 2009","Las Vegas, Nevada, USA"
84a067c46306a737,UFC 106: Ortiz vs Griffin 2,http://ufcstats.com/event-details/84a067c46306a737,"November 21, 2009","Las Vegas, Nevada, USA"
fa8b9e6b0c2269f8,UFC 105: Couture vs Vera,http://ufcstats.com/event-details/fa8b9e6b0c2269f8,"November 14, 2009","Manchester, England, United Kingdom"
7c0847d3854a95f2,UFC 104: Machida vs Shogun,http://ufcstats.com/event-details/7c0847d3854a95f2,"October 24, 2009","Los Angeles, California, USA"
896c322f56b8be5a,UFC 103: Franklin vs Belfort,http://ufcstats.com/event-details/896c322f56b8be5a,"September 19, 2009","Dallas, Texas, USA"
a8ea84cbe1655f0a,UFC Fight Night: Diaz vs Guillard,http://ufcstats.com/event-details/a8ea84cbe1655f0a,"September 16, 2009","Oklahoma City, Oklahoma, USA"
c6a33ff198aaaeeb,UFC 102: Couture vs Nogueira,http://ufcstats.com/event-details/c6a33ff198aaaeeb,"August 29, 2009","Portland, Oregon, USA"
48d1f690b763934c,UFC 101: Declaration,http://ufcstats.com/event-details/48d1f690b763934c,"August 08, 2009","Philadelphia, Pennsylvania, USA"
0ee783aa00e468f0,UFC 100,http://ufcstats.com/event-details/0ee783aa00e468f0,"July 11, 2009","Las Vegas, Nevada, USA"
4908c5ee68a50ee5,The Ultimate Fighter: United States vs. United Kingdom Finale,http://ufcstats.com/event-details/4908c5ee68a50ee5,"June 20, 2009","Las Vegas, Nevada, USA"
cb6783c39c01d896,UFC 99: The Comeback,http://ufcstats.com/event-details/cb6783c39c01d896,"June 13, 2009","Cologne, North Rhine-Westphalia, Germany"
c4b6099f0d25f75e,UFC 98: Evans vs Machida,http://ufcstats.com/event-details/c4b6099f0d25f75e,"May 23, 2009","Las Vegas, Nevada, USA"
1652f3213655b935,UFC 97: Redemption,http://ufcstats.com/event-details/1652f3213655b935,"April 18, 2009","Montreal, Quebec, Canada"
04d5718ed2661e8c,UFC Fight Night: Condit vs Kampmann,http://ufcstats.com/event-details/04d5718ed2661e8c,"April 01, 2009","Nashville, Tennessee, USA"
29b5791e51e7e832,UFC 96: Jackson vs Jardine,http://ufcstats.com/event-details/29b5791e51e7e832,"March 07, 2009","Columbus, Ohio, USA"
7d21de9c6d7c98b2,UFC 95: Sanchez vs Stevenson,http://ufcstats.com/event-details/7d21de9c6d7c98b2,"February 21, 2009","London, England, United Kingdom"
d1759b2b7be9be56,UFC Fight Night: Lauzon vs Stephens,http://ufcstats.com/event-details/d1759b2b7be9be56,"February 07, 2009","Tampa, Florida, USA"
2a542ee8a8b83559,UFC 94: St-Pierre vs Penn 2,http://ufcstats.com/event-details/2a542ee8a8b83559,"January 31, 2009","Las Vegas, Nevada, USA"
68c6cd5287b473a7,UFC 93: Franklin vs Henderson,http://ufcstats.com/event-details/68c6cd5287b473a7,"January 17, 2009","Dublin, Leinster, Ireland"
23ab42947c1990e3,UFC 92: The Ultimate 2008,http://ufcstats.com/event-details/23ab42947c1990e3,"December 27, 2008","Las Vegas, Nevada, USA"
ea398c802d9998ee,The Ultimate Fighter: Team Nogueira vs. Team Mir Finale,http://ufcstats.com/event-details/ea398c802d9998ee,"December 13, 2008","Las Vegas, Nevada, USA"
30cd319d39ee689b,UFC Fight Night - Fight for the Troops,http://ufcstats.com/event-details/30cd319d39ee689b,"December 10, 2008","Fayetteville, North Carolina, USA"
a2b06ca02bca14c0,UFC 91: Couture vs Lesnar,http://ufcstats.com/event-details/a2b06ca02bca14c0,"November 15, 2008","Las Vegas, Nevada, USA"
c670aa48827d6be6,UFC 90: Silva vs Cote,http://ufcstats.com/event-details/c670aa48827d6be6,"October 25, 2008","Rosemont, Illinois, USA"
312f47c3d2f83ffa,UFC 89: Bisping vs Leben,http://ufcstats.com/event-details/312f47c3d2f83ffa,"October 18, 2008","Birmingham, England, United Kingdom"
279093302a6f44b3,UFC Fight Night: Diaz vs Neer,http://ufcstats.com/event-details/279093302a6f44b3,"September 17, 2008","Omaha, Nebraska, USA"
0db70ca89e1c7374,UFC 88: Breakthrough,http://ufcstats.com/event-details/0db70ca89e1c7374,"September 06, 2008","Atlanta, Georgia, USA"
19ffeb5e3fffd6d5,UFC 87: Seek And Destroy,http://ufcstats.com/event-details/19ffeb5e3fffd6d5,"August 09, 2008","Minneapolis, Minnesota, USA"
46f11d15c0134fe3,UFC: Silva vs Irvin,http://ufcstats.com/event-details/46f11d15c0134fe3,"July 19, 2008","Las Vegas, Nevada, USA"
bf12aca029bfcc47,UFC 86: Jackson vs Griffin,http://ufcstats.com/event-details/bf12aca029bfcc47,"July 05, 2008","Las Vegas, Nevada, USA"
2299605af59fd309,The Ultimate Fighter: Team Rampage vs Team Forrest Finale,http://ufcstats.com/event-details/2299605af59fd309,"June 21, 2008","Las Vegas, Nevada, USA"
2efbc83a6b9b7f86,UFC 85: Bedlam,http://ufcstats.com/event-details/2efbc83a6b9b7f86,"June 07, 2008","London, England, United Kingdom"
2549d63da9c456cb,UFC 84: Ill Will,http://ufcstats.com/event-details/2549d63da9c456cb,"May 24, 2008","Las Vegas, Nevada, USA"
ad047e3073a775f3,UFC 83: Serra vs St-Pierre 2,http://ufcstats.com/event-details/ad047e3073a775f3,"April 19, 2008","Montreal, Quebec, Canada"
b9e871af730f826c,UFC Fight Night: Florian vs Lauzon,http://ufcstats.com/event-details/b9e871af730f826c,"April 02, 2008","Broomfield, Colorado, USA"
598a58db87b890ee,UFC 82: Pride of a Champion,http://ufcstats.com/event-details/598a58db87b890ee,"March 01, 2008","Columbus, Ohio, USA"
597db668b01c442c,UFC 81: Breaking Point,http://ufcstats.com/event-details/597db668b01c442c,"February 02, 2008","Las Vegas, Nevada, USA"
33e33d51f289d2a1,UFC Fight Night: Swick vs Burkman,http://ufcstats.com/event-details/33e33d51f289d2a1,"January 23, 2008","Las Vegas, Nevada, USA"
a24e080000fa7a35,UFC 80: Rapid Fire,http://ufcstats.com/event-details/a24e080000fa7a35,"January 19, 2008","Newcastle, England, United Kingdom"
7269329bd87eb479,UFC 79: Nemesis,http://ufcstats.com/event-details/7269329bd87eb479,"December 29, 2007","Las Vegas, Nevada, USA"
df85d6ec3493d120,The Ultimate Fighter: Team Hughes vs. Team Serra Finale,http://ufcstats.com/event-details/df85d6ec3493d120,"December 08, 2007","Las Vegas, Nevada, USA"
1d147d4163a6989b,UFC 78: Validation,http://ufcstats.com/event-details/1d147d4163a6989b,"November 17, 2007","Newark, New Jersey, USA"
91181b29be041f1c,UFC 77: Hostile Territory,http://ufcstats.com/event-details/91181b29be041f1c,"October 20, 2007","Cincinnati, Ohio, USA"
bad28b7b34f334de,UFC 76: Knockout,http://ufcstats.com/event-details/bad28b7b34f334de,"September 22, 2007","Anaheim, California, USA"
f341f9551ba744e2,UFC Fight Night: Thomas vs Florian,http://ufcstats.com/event-details/f341f9551ba744e2,"September 19, 2007","Las Vegas, Nevada, USA"
0aa92558424ced9e,UFC 75: Champion vs Champion,http://ufcstats.com/event-details/0aa92558424ced9e,"September 08, 2007","London, England, United Kingdom"
a5c53b3ddb31cc7d,UFC 74: Respect,http://ufcstats.com/event-details/a5c53b3ddb31cc7d,"August 25, 2007","Las Vegas, Nevada, USA"
2a6f8136da1e52c0,UFC 73: Stacked,http://ufcstats.com/event-details/2a6f8136da1e52c0,"July 07, 2007","Sacramento, California, USA"
e7ec11096eac0282,The Ultimate Fighter: Team Pulver vs. Team Penn Finale,http://ufcstats.com/event-details/e7ec11096eac0282,"June 23, 2007","Las Vegas, Nevada, USA"
5ca158b1cc9cb242,UFC 72: Victory,http://ufcstats.com/event-details/5ca158b1cc9cb242,"June 16, 2007","Belfast, Northern Ireland, United Kingdom"
304fcd812f12c589,UFC Fight Night: Stout vs Fisher,http://ufcstats.com/event-details/304fcd812f12c589,"June 12, 2007","Hollywood, Florida, USA"
2e04a3b4a2011b97,UFC 71: Liddell vs Jackson,http://ufcstats.com/event-details/2e04a3b4a2011b97,"May 26, 2007","Las Vegas, Nevada, USA"
4604ab1de9058474,UFC 70: Nations Collide,http://ufcstats.com/event-details/4604ab1de9058474,"April 21, 2007","Manchester, England, United Kingdom"
c1684f00c626f4c0,UFC 69: Shootout,http://ufcstats.com/event-details/c1684f00c626f4c0,"April 07, 2007","Houston, Texas, USA"
a6c2f5381d575920,UFC Fight Night: Stevenson vs Guillard,http://ufcstats.com/event-details/a6c2f5381d575920,"April 05, 2007","Las Vegas, Nevada, USA"
de3ed2e152520c8d,UFC 68: The Uprising,http://ufcstats.com/event-details/de3ed2e152520c8d,"March 03, 2007","Columbus, Ohio, USA"
63b65af1c5cb02cb,UFC 67: All or Nothing,http://ufcstats.com/event-details/63b65af1c5cb02cb,"February 03, 2007","Las Vegas, Nevada, USA"
13c4313ed0f744f3,UFC Fight Night: Evans vs Salmon,http://ufcstats.com/event-details/13c4313ed0f744f3,"January 25, 2007","Hollywood, Florida, USA"
ee5df903f80c6816,UFC 66: Liddell vs Ortiz 2,http://ufcstats.com/event-details/ee5df903f80c6816,"December 30, 2006","Las Vegas, Nevada, USA"
21b8a0f5c231096f,UFC Fight Night: Sanchez vs Riggs,http://ufcstats.com/event-details/21b8a0f5c231096f,"December 13, 2006","San Diego, California, USA"
3fed746acfd026dd,UFC 65: Bad Intentions,http://ufcstats.com/event-details/3fed746acfd026dd,"November 18, 2006","Sacramento, California, USA"
baf942f4bcb09894,The Ultimate Fighter: The Comeback Finale,http://ufcstats.com/event-details/baf942f4bcb09894,"November 11, 2006","Las Vegas, Nevada, USA"
13b2f59210dda9cc,UFC 64: Unstoppable,http://ufcstats.com/event-details/13b2f59210dda9cc,"October 14, 2006","Las Vegas, Nevada, USA"
577ec7e108b94be3,Ortiz vs Shamrock 3: The Final Chapter,http://ufcstats.com/event-details/577ec7e108b94be3,"October 10, 2006","Hollywood, Florida, USA"
13e62d766b709aa6,UFC 63: Hughes vs Penn,http://ufcstats.com/event-details/13e62d766b709aa6,"September 23, 2006","Anaheim, California, USA"
f717b6002486f73f,UFC 62: Liddell vs Sobral,http://ufcstats.com/event-details/f717b6002486f73f,"August 26, 2006","Las Vegas, Nevada, USA"
46c8ec317aff28ac,UFC Fight Night 6,http://ufcstats.com/event-details/46c8ec317aff28ac,"August 17, 2006","Las Vegas, Nevada, USA"
f70144caea5c4c80,UFC 61: Bitter Rivals,http://ufcstats.com/event-details/f70144caea5c4c80,"July 08, 2006","Las Vegas, Nevada, USA"
445a98acb8985970,UFC Fight Night 5,http://ufcstats.com/event-details/445a98acb8985970,"June 28, 2006","Las Vegas, Nevada, USA"
1dab0d1d81dd06db,The Ultimate Fighter: Team Ortiz vs. Team Shamrock Finale,http://ufcstats.com/event-details/1dab0d1d81dd06db,"June 24, 2006","Las Vegas, Nevada, USA"
a54a35a670d8e852,UFC 60: Hughes vs Gracie,http://ufcstats.com/event-details/a54a35a670d8e852,"May 27, 2006","Los Angeles, California, USA"
03688dc3c3af3ac1,UFC 59: Reality Check,http://ufcstats.com/event-details/03688dc3c3af3ac1,"April 15, 2006","Anaheim, California, USA"
b361180739bed4b0,UFC Fight Night 4,http://ufcstats.com/event-details/b361180739bed4b0,"April 06, 2006","Las Vegas, Nevada, USA"
0e9869d712e81f8f,UFC 58: USA vs Canada,http://ufcstats.com/event-details/0e9869d712e81f8f,"March 04, 2006","Las Vegas, Nevada, USA"
977081bc01197656,UFC 57: Liddell vs Couture 3,http://ufcstats.com/event-details/977081bc01197656,"February 04, 2006","Las Vegas, Nevada, USA"
2ee09ec2a0695eb9,UFC Fight Night 3,http://ufcstats.com/event-details/2ee09ec2a0695eb9,"January 16, 2006","Las Vegas, Nevada, USA"
c7e9d15cfce52f1d,UFC 56: Full Force,http://ufcstats.com/event-details/c7e9d15cfce52f1d,"November 19, 2005","Las Vegas, Nevada, USA"
31ceaf0e670c1578,The Ultimate Fighter: Team Hughes vs. Team Franklin Finale,http://ufcstats.com/event-details/31ceaf0e670c1578,"November 05, 2005","Las Vegas, Nevada, USA"
271fe91f4ba9d2c5,UFC 55: Fury,http://ufcstats.com/event-details/271fe91f4ba9d2c5,"October 07, 2005","Uncasville, Connecticut, USA"
efaf544314bb5c2e,UFC Fight Night 2,http://ufcstats.com/event-details/efaf544314bb5c2e,"October 03, 2005","Las Vegas, Nevada, USA"
669a3cb6e394f515,UFC 54: Boiling Point,http://ufcstats.com/event-details/669a3cb6e394f515,"August 20, 2005","Las Vegas, Nevada, USA"
3f24c96753dbd9f9,UFC Fight Night 1,http://ufcstats.com/event-details/3f24c96753dbd9f9,"August 06, 2005","Las Vegas, Nevada, USA"
d3711d3784b76255,UFC 53: Heavy Hitters,http://ufcstats.com/event-details/d3711d3784b76255,"June 04, 2005","Atlantic City, New Jersey, USA"
c933d423ebdbbbdb,UFC 52: Couture vs Liddell 2,http://ufcstats.com/event-details/c933d423ebdbbbdb,"April 16, 2005","Las Vegas, Nevada, USA"
fbbde91f7bc2d3c5,The Ultimate Fighter: Team Couture vs. Team Liddell Finale,http://ufcstats.com/event-details/fbbde91f7bc2d3c5,"April 09, 2005","Las Vegas, Nevada, USA"
85d905f7c4f5a1af,UFC 51: Super Saturday,http://ufcstats.com/event-details/85d905f7c4f5a1af,"February 05, 2005","Las Vegas, Nevada, USA"
ce783bf73b5131f9,UFC 50: The War Of '04,http://ufcstats.com/event-details/ce783bf73b5131f9,"October 22, 2004","Atlantic City, New Jersey, USA"
b4bc2e3353a770b5,UFC 49: Unfinished Business,http://ufcstats.com/event-details/b4bc2e3353a770b5,"August 21, 2004","Las Vegas, Nevada, USA"
429e7d3725852ce9,UFC 48: Payback,http://ufcstats.com/event-details/429e7d3725852ce9,"June 19, 2004","Las Vegas, Nevada, USA"
e8fb8e53bc2e29d6,UFC 47: It's On!,http://ufcstats.com/event-details/e8fb8e53bc2e29d6,"April 02, 2004","Las Vegas, Nevada, USA"
94609dd91731d428,UFC 46: Supernatural,http://ufcstats.com/event-details/94609dd91731d428,"January 31, 2004","Las Vegas, Nevada, USA"
e670f8cc2969a789,UFC 45: Revolution,http://ufcstats.com/event-details/e670f8cc2969a789,"November 21, 2003","Uncasville, Connecticut, USA"
c61f66d8c3fd5f07,UFC 44: Undisputed,http://ufcstats.com/event-details/c61f66d8c3fd5f07,"September 26, 2003","Las Vegas, Nevada, USA"
108afe61a26bcbf4,UFC 43: Meltdown,http://ufcstats.com/event-details/108afe61a26bcbf4,"June 06, 2003","Las Vegas, Nevada, USA"
ae58685caf8e4a0d,UFC 42: Sudden Impact,http://ufcstats.com/event-details/ae58685caf8e4a0d,"April 25, 2003","Miami, Florida, USA"
bba678d312590087,UFC 41: Onslaught,http://ufcstats.com/event-details/bba678d312590087,"February 28, 2003","Atlantic City, New Jersey, USA"
e06fd1260ac865a7,UFC 40: Vendetta,http://ufcstats.com/event-details/e06fd1260ac865a7,"November 22, 2002","Las Vegas, Nevada, USA"
0cf935519d439ba6,UFC 39: The Warriors Return,http://ufcstats.com/event-details/0cf935519d439ba6,"September 27, 2002","Uncasville, Connecticut, USA"
1dc56b59cb28425d,UFC 38: Brawl at the Hall,http://ufcstats.com/event-details/1dc56b59cb28425d,"July 13, 2002","London, England, United Kingdom"
9ccdd2ce45903f34,UFC 37.5: As Real As It Gets,http://ufcstats.com/event-details/9ccdd2ce45903f34,"June 22, 2002","Las Vegas, Nevada, USA"
9fd1f08dd4aec14a,UFC 37: High Impact,http://ufcstats.com/event-details/9fd1f08dd4aec14a,"May 10, 2002","Bossier City, Louisiana, USA"
02fc8f50f56eb307,UFC 36: Worlds Collide,http://ufcstats.com/event-details/02fc8f50f56eb307,"March 22, 2002","Las Vegas, Nevada, USA"
946f341df6472ee0,UFC 35: Throwdown,http://ufcstats.com/event-details/946f341df6472ee0,"January 11, 2002","Uncasville, Connecticut, USA"
4dc496aa0cfc0d95,UFC 34: High Voltage,http://ufcstats.com/event-details/4dc496aa0cfc0d95,"November 02, 2001","Las Vegas, Nevada, USA"
c75b99887c8c3f5a,UFC 33: Victory in Vegas,http://ufcstats.com/event-details/c75b99887c8c3f5a,"September 28, 2001","Las Vegas, Nevada, USA"
7b9aa973e5c04624,UFC 32: Showdown in the Meadowlands,http://ufcstats.com/event-details/7b9aa973e5c04624,"June 29, 2001","East Rutherford, New Jersey, USA"
20bd6c3e03c46ee6,UFC 31: Locked and Loaded,http://ufcstats.com/event-details/20bd6c3e03c46ee6,"May 04, 2001","Atlantic City, New Jersey, USA"
2b1587a3376ab743,UFC 30: Battle on the Boardwalk,http://ufcstats.com/event-details/2b1587a3376ab743,"February 23, 2001","Atlantic City, New Jersey, USA"
08ae5cd9aef7ddd3,UFC 29: Defense of the Belts,http://ufcstats.com/event-details/08ae5cd9aef7ddd3,"December 16, 2000","Tokyo, Japan"
da6dfd09cca1d705,UFC 28: High Stakes,http://ufcstats.com/event-details/da6dfd09cca1d705,"November 17, 2000","Atlantic City, New Jersey, USA"
31652c9267606d54,UFC 27: Ultimate Bad Boyz,http://ufcstats.com/event-details/31652c9267606d54,"September 22, 2000","New Orleans, Louisiana, USA"
cedfdf8d423d500c,UFC 26: Ultimate Field Of Dreams,http://ufcstats.com/event-details/cedfdf8d423d500c,"June 09, 2000","Cedar Rapids, Iowa, USA"
d2b1c1317a39f6c6,UFC 25: Ultimate Japan 3,http://ufcstats.com/event-details/d2b1c1317a39f6c6,"April 14, 2000","Tokyo, Japan"
20ec0061400178ca,UFC 24: First Defense,http://ufcstats.com/event-details/20ec0061400178ca,"March 10, 2000","Lake Charles, Louisiana, USA"
a8fa0c4e95512806,UFC 23: Ultimate Japan 2,http://ufcstats.com/event-details/a8fa0c4e95512806,"November 19, 1999","Chiba, Japan"
afaad7d6a581e307,UFC 22: Only One Can be Champion,http://ufcstats.com/event-details/afaad7d6a581e307,"September 24, 1999","Lake Charles, Louisiana, USA"
1a1a4d7a29041d77,UFC 21: Return of the Champions,http://ufcstats.com/event-details/1a1a4d7a29041d77,"July 16, 1999","Cedar Rapids, Iowa, USA"
a7b48e18ca27795d,UFC 20: Battle for the Gold,http://ufcstats.com/event-details/a7b48e18ca27795d,"May 07, 1999","Birmingham, Alabama, USA"
a220be6d41d6f97d,UFC 19: Ultimate Young Guns,http://ufcstats.com/event-details/a220be6d41d6f97d,"March 05, 1999","Bay St. Louis, Mississippi, USA"
c9bbf1a0285a8076,UFC 18: The Road to the Heavyweight Title,http://ufcstats.com/event-details/c9bbf1a0285a8076,"January 08, 1999","New Orleans, Louisiana, USA"
32a3025d5db456ae,UFC - Ultimate Brazil,http://ufcstats.com/event-details/32a3025d5db456ae,"October 16, 1998","Sao Paulo, Brazil"
4a01dc8376736ef5,UFC 17: Redemption,http://ufcstats.com/event-details/4a01dc8376736ef5,"May 15, 1998","Mobile, Alabama, USA"
749685d24e2cac50,UFC 16: Battle in the Bayou,http://ufcstats.com/event-details/749685d24e2cac50,"March 13, 1998","New Orleans, Louisiana, USA"
29f935654825331b,UFC - Ultimate Japan,http://ufcstats.com/event-details/29f935654825331b,"December 21, 1997","Yokohama, Kanagawa, Japan"
07a18ae55dfc3cd9,UFC 15: Collision Course,http://ufcstats.com/event-details/07a18ae55dfc3cd9,"October 17, 1997","Bay St. Louis, Mississippi, USA"
dc950d59dc590aca,UFC 14: Showdown,http://ufcstats.com/event-details/dc950d59dc590aca,"July 27, 1997","Birmingham, Alabama, USA"
5bd533d50c8e7b8a,UFC 13: The Ultimate Force,http://ufcstats.com/event-details/5bd533d50c8e7b8a,"May 30, 1997","Augusta, Georgia, USA"
96eff1a628adcc7f,UFC 12: Judgement Day,http://ufcstats.com/event-details/96eff1a628adcc7f,"February 07, 1997","Dothan, Alabama, USA"
9b5b5a75523728f3,UFC - Ultimate Ultimate '96,http://ufcstats.com/event-details/9b5b5a75523728f3,"December 07, 1996","Birmingham, Alabama, USA"
6ceff86fae4f6b3b,UFC 11: The Proving Ground,http://ufcstats.com/event-details/6ceff86fae4f6b3b,"September 20, 1996","Augusta, Georgia, USA"
aee8eecfc4bfb1e7,UFC 10: The Tournament,http://ufcstats.com/event-details/aee8eecfc4bfb1e7,"July 12, 1996","Birmingham, Alabama, USA"
a390eb8a9b2df298,UFC 9: Motor City Madness,http://ufcstats.com/event-details/a390eb8a9b2df298,"May 17, 1996","Detroit, Michigan, USA"
b63e800c18e011b5,UFC 8: David vs Goliath,http://ufcstats.com/event-details/b63e800c18e011b5,"February 16, 1996","San Juan, Puerto Rico"
31bbd46d57dfbcb7,UFC - Ultimate Ultimate '95,http://ufcstats.com/event-details/31bbd46d57dfbcb7,"December 16, 1995","Denver, Colorado, USA"
5af480a3b2e1726b,UFC 7: The Brawl in Buffalo,http://ufcstats.com/event-details/5af480a3b2e1726b,"September 08, 1995","Buffalo, New York, USA"
1c3f5e85b59ec710,UFC 6: Clash of the Titans,http://ufcstats.com/event-details/1c3f5e85b59ec710,"July 14, 1995","Casper, Wyoming, USA"
dedc3bb440d09554,UFC 5: The Return of the Beast,http://ufcstats.com/event-details/dedc3bb440d09554,"April 07, 1995","Charlotte, North Carolina, USA"
b60391da771deefe,UFC 4: Revenge of the Warriors,http://ufcstats.com/event-details/b60391da771deefe,"December 16, 1994","Tulsa, Oklahoma, USA"
1a49e0670dfaca31,UFC 3: The American Dream,http://ufcstats.com/event-details/1a49e0670dfaca31,"September 09, 1994","Charlotte, North Carolina, USA"
a6a9ab5a824e8f66,UFC 2: No Way Out,http://ufcstats.com/event-details/a6a9ab5a824e8f66,"March 11, 1994","Denver, Colorado, USA"
