FIGHTER_ID,FIRST,LAST,NICKNAME,URL
93fe7332d16c6ad9,Tom,Aaron,,http://ufcstats.com/fighter-details/93fe7332d16c6ad9
15df64c02b6b0fde,Danny,Abbadi,The Assassin,http://ufcstats.com/fighter-details/15df64c02b6b0fde
59a9d6dac61c2540,Nariman,Abbasov,Bayraktar,http://ufcstats.com/fighter-details/59a9d6dac61c2540
b361180739bed4b0,David,Abbott,Tank,http://ufcstats.com/fighter-details/b361180739bed4b0
3329d692aea4dc28,Hamdy,Abdelwahab,The Hammer,http://ufcstats.com/fighter-details/3329d692aea4dc28
841695e02c99a521,Mansur,Abdul-Malik,,http://ufcstats.com/fighter-details/841695e02c99a521
2f5cbecbbe18bac4,Shamil,Abdurakhimov,Abrek,http://ufcstats.com/fighter-details/2f5cbecbbe18bac4
c0ed7b208197e8de,Hiroyuki,Abe,Abe Ani,http://ufcstats.com/fighter-details/c0ed7b208197e8de
5140122c3eecd307,Daichi,Abe,,http://ufcstats.com/fighter-details/5140122c3eecd307
c9f6385af6df66d7,Papy,Abedi,Makambo,http://ufcstats.com/fighter-details/c9f6385af6df66d7
aa6e591c2a2cdecd,Ricardo,Abreu,Demente,http://ufcstats.com/fighter-details/aa6e591c2a2cdecd
7279654c7674cd24,Klidson,Abreu,White Bear,http://ufcstats.com/fighter-details/7279654c7674cd24
f689bd7bbd14b392,Cyborg,Abreu,,http://ufcstats.com/fighter-details/f689bd7bbd14b392
1c5879330d42255f,Daniel,Acacio,,http://ufcstats.com/fighter-details/1c5879330d42255f
989b85f6540c86b1,John,Adajar,The Outlaw,http://ufcstats.com/fighter-details/989b85f6540c86b1
2620f3eb21c79614,Scott,Adams,,http://ufcstats.com/fighter-details/2620f3eb21c79614
83b00f7597e5ac83,Juan,Adams,The Kraken,http://ufcstats.com/fighter-details/83b00f7597e5ac83
a77633a989013265,Anthony,Adams,Sugafoot,http://ufcstats.com/fighter-details/a77633a989013265
79cb2a690b9ba5e8,Zarrukh,Adashev,The Lion,http://ufcstats.com/fighter-details/79cb2a690b9ba5e8
1338e2c7480bdf9e,Israel,Adesanya,The Last Stylebender,http://ufcstats.com/fighter-details/1338e2c7480bdf9e
0e9869d712e81f8f,Sam,Adkins,The Experience,http://ufcstats.com/fighter-details/0e9869d712e81f8f
7a846fcbf182a7c8,Mohamed,Ado,,http://ufcstats.com/fighter-details/7a846fcbf182a7c8
ebc5af72ad5a28cb,Nick,Agallar,,http://ufcstats.com/fighter-details/ebc5af72ad5a28cb
a08ddd04eaffd81d,Mariya,Agapova,Money Mashka,http://ufcstats.com/fighter-details/a08ddd04eaffd81d
26f4288e83188c61,Kantharaj,Agasa,Kannadiga,http://ufcstats.com/fighter-details/26f4288e83188c61
44aa652b181bcf68,Marcelo,Aguiar,,http://ufcstats.com/fighter-details/44aa652b181bcf68
501821d7fb7b95c1,Fabio,Aguiar,,http://ufcstats.com/fighter-details/501821d7fb7b95c1
6cadc0a0ba7dc015,Edwin,Aguilar,Tigre,http://ufcstats.com/fighter-details/6cadc0a0ba7dc015
8f382b3baa954d2a,Jessica,Aguilar,Jag,http://ufcstats.com/fighter-details/8f382b3baa954d2a
cf946e03ba2e7666,Kevin,Aguilar,Angel of Death,http://ufcstats.com/fighter-details/cf946e03ba2e7666
c051c2e12d692b8a,Jesus,Aguilar,,http://ufcstats.com/fighter-details/c051c2e12d692b8a
ae071698e1a3ccd4,Christian,Aguilera,The Beast,http://ufcstats.com/fighter-details/ae071698e1a3ccd4
0978385b2bd9ef9b,Nick,Aguirre,Slick,http://ufcstats.com/fighter-details/0978385b2bd9ef9b
b2efa582adf73604,,Agulali,,http://ufcstats.com/fighter-details/b2efa582adf73604
ff584c17bccbae0b,Ahejiang,Ailinuer,,http://ufcstats.com/fighter-details/ff584c17bccbae0b
9e3dbb9c68ed5d1a,Mike,Aina,Iron,http://ufcstats.com/fighter-details/9e3dbb9c68ed5d1a
49dea784f6cfed71,Ashiek,Ajim,Peak Physique,http://ufcstats.com/fighter-details/49dea784f6cfed71
2eada40ac8801559,Hitomi,Akano,Girlfight Monster,http://ufcstats.com/fighter-details/2eada40ac8801559
16690d100f995f8f,Omari,Akhmedov,Wolverine,http://ufcstats.com/fighter-details/16690d100f995f8f
b0550072e5f0afa7,Yoshihiro,Akiyama,,http://ufcstats.com/fighter-details/b0550072e5f0afa7
1fc64507a0cb38cf,Rostem,Akman,,http://ufcstats.com/fighter-details/1fc64507a0cb38cf
38b50fd1e1b5b656,Razak,Al-Hassan,,http://ufcstats.com/fighter-details/38b50fd1e1b5b656
597499ac7a5aac62,Abdul-Kareem,Al-Selwady,Pride of Palestine,http://ufcstats.com/fighter-details/597499ac7a5aac62
1cf1310684a841f5,Mostapha,Al-Turk,,http://ufcstats.com/fighter-details/1cf1310684a841f5
7578cc6bd750206b,Herdem,Alacabek,,http://ufcstats.com/fighter-details/7578cc6bd750206b
2144954270be834d,Javi,Alanis,,http://ufcstats.com/fighter-details/2144954270be834d
1897b7b913736a7c,,Alatengheili,The Mongolian Knight,http://ufcstats.com/fighter-details/1897b7b913736a7c
6d35bf94f7d30241,Amir,Albazi,The Prince,http://ufcstats.com/fighter-details/6d35bf94f7d30241
9b28292abe3166d5,Brett,Albee,,http://ufcstats.com/fighter-details/9b28292abe3166d5
7bd94b60d7521e4a,John,Albert,Prince,http://ufcstats.com/fighter-details/7bd94b60d7521e4a
c482c8605455a213,Junior,Albini,Baby,http://ufcstats.com/fighter-details/c482c8605455a213
184b955181bdef52,Wes,Albritton,,http://ufcstats.com/fighter-details/184b955181bdef52
e76d9f656ceb82ab,Aleksandra,Albu,Stitch,http://ufcstats.com/fighter-details/e76d9f656ceb82ab
dd1b90eea08887f6,Israel,Albuquerque,,http://ufcstats.com/fighter-details/dd1b90eea08887f6
39f62b833e4cf126,Juan,Alcain,,http://ufcstats.com/fighter-details/39f62b833e4cf126
2f95a3c6d58b2aad,Iuri,Alcantara,Marajo,http://ufcstats.com/fighter-details/2f95a3c6d58b2aad
7c6e87729e824ef4,Ildemar,Alcantara,Marajo,http://ufcstats.com/fighter-details/7c6e87729e824ef4
1e38bba6738b7b10,Alfonso,Alcarez,,http://ufcstats.com/fighter-details/1e38bba6738b7b10
d26934530dc5b248,Gilbert,Aldana,El Peligro,http://ufcstats.com/fighter-details/d26934530dc5b248
578ef12674df1e6a,Irene,Aldana,,http://ufcstats.com/fighter-details/578ef12674df1e6a
c487223b0289bda9,Hector,Aldana,,http://ufcstats.com/fighter-details/c487223b0289bda9
7460ddef986d3144,Jose,Alday,Pochito,http://ufcstats.com/fighter-details/7460ddef986d3144
d0f3959b4a9747e6,Jose,Aldo,,http://ufcstats.com/fighter-details/d0f3959b4a9747e6
6fd953151d981979,JJ,Aldrich,,http://ufcstats.com/fighter-details/6fd953151d981979
103e2e33a60683e1,Irina,Alekseeva,Russian Ronda,http://ufcstats.com/fighter-details/103e2e33a60683e1
d35298b6df168456,Talita,Alencar,Problem Child,http://ufcstats.com/fighter-details/d35298b6df168456
fe5a9547479396ab,Jim,Alers,The Beast,http://ufcstats.com/fighter-details/fe5a9547479396ab
7a15f3694c5cbc02,John,Alessio,The Natural,http://ufcstats.com/fighter-details/7a15f3694c5cbc02
0541480fbf719d86,Houston,Alexander,The Assassin,http://ufcstats.com/fighter-details/0541480fbf719d86
8fd76e1b49c00ae2,Kenneth,Alexander,The Machine,http://ufcstats.com/fighter-details/8fd76e1b49c00ae2
11583163f45c7b31,Lucas,Alexander,The Lion,http://ufcstats.com/fighter-details/11583163f45c7b31
d53482bef23235ba,Marcio,Alexandre Junior,Lyoto,http://ufcstats.com/fighter-details/d53482bef23235ba
b757c73f443d4fca,Olaf,Alfonso,,http://ufcstats.com/fighter-details/b757c73f443d4fca
4b37a0bc2ab4cae1,Pablo,Alfonso,The Hurricane,http://ufcstats.com/fighter-details/4b37a0bc2ab4cae1
41b34b7f11f6d085,Levi,Alford,,http://ufcstats.com/fighter-details/41b34b7f11f6d085
9abc648e76c4493a,Bill,Algeo,Senor Perfecto,http://ufcstats.com/fighter-details/9abc648e76c4493a
669a3cb6e394f515,Royce,Alger,,http://ufcstats.com/fighter-details/669a3cb6e394f515
e17770faae3ca54c,Amir,Aliakbari,,http://ufcstats.com/fighter-details/e17770faae3ca54c
e70de1859b7ee78e,Sultan,Aliev,,http://ufcstats.com/fighter-details/e70de1859b7ee78e
ca28cdf526d6b6e9,Nurullo,Aliev,Tajik Eagle,http://ufcstats.com/fighter-details/ca28cdf526d6b6e9
b07aed698fba8624,Ikram,Aliskerov,,http://ufcstats.com/fighter-details/b07aed698fba8624
6db394bf6c3b017c,Leon,Aliu,The Albanian Lion,http://ufcstats.com/fighter-details/6db394bf6c3b017c
6ebe96a116e79e52,John,Allan,,http://ufcstats.com/fighter-details/6ebe96a116e79e52
1e13936d708bcff7,George,Allen,,http://ufcstats.com/fighter-details/1e13936d708bcff7
040a74bb0a465c54,Arnold,Allen,Almighty,http://ufcstats.com/fighter-details/040a74bb0a465c54
2f181c0467965b98,Brendan,Allen,All In,http://ufcstats.com/fighter-details/2f181c0467965b98
adf9a901308fb8e3,Daniel,Allen,,http://ufcstats.com/fighter-details/adf9a901308fb8e3
c4fe2e9a06ea5bcb,Ben,Alloway,Blanco,http://ufcstats.com/fighter-details/c4fe2e9a06ea5bcb
8d3273573b85be09,Asu,Almabayev,Zulfikar,http://ufcstats.com/fighter-details/8d3273573b85be09
a4dc0f2b95df4cc1,Bekzat,Almakhan,The Turan Warrior,http://ufcstats.com/fighter-details/a4dc0f2b95df4cc1
088aa1b19b2dc14a,John Dave,Almanza,The Striker,http://ufcstats.com/fighter-details/088aa1b19b2dc14a
91186547a7f3f758,Ricardo,Almeida,Big Dog,http://ufcstats.com/fighter-details/91186547a7f3f758
d615d6a10a4704cd,Magno,Almeida,,http://ufcstats.com/fighter-details/d615d6a10a4704cd
2b074403b7c6cdb4,Thomas,Almeida,Thominhas,http://ufcstats.com/fighter-details/2b074403b7c6cdb4
67a992d4cff22466,Ericka,Almeida,,http://ufcstats.com/fighter-details/67a992d4cff22466
f16ddfa31236efed,Estefani,Almeida,,http://ufcstats.com/fighter-details/f16ddfa31236efed
41e83a89929d1327,Jailton,Almeida,Malhadinho,http://ufcstats.com/fighter-details/41e83a89929d1327
710f0f8c5d5c9d41,Lucas,Almeida,,http://ufcstats.com/fighter-details/710f0f8c5d5c9d41
64d47ef881a437a4,Cesar,Almeida,Cesinha,http://ufcstats.com/fighter-details/64d47ef881a437a4
c6bf75775b278ed8,Mauricio,Alonso,,http://ufcstats.com/fighter-details/c6bf75775b278ed8
49b130de1da2e1bf,Sarah,Alpar,Too Sweet,http://ufcstats.com/fighter-details/49b130de1da2e1bf
e87a13e02c01331d,Ali,AlQaisi,The Royal Fighter,http://ufcstats.com/fighter-details/e87a13e02c01331d
c61b49cec6abd6b9,Rico,Altamirano,,http://ufcstats.com/fighter-details/c61b49cec6abd6b9
dc7927cd622676a7,Victor,Altamirano,El Magnifico,http://ufcstats.com/fighter-details/dc7927cd622676a7
c11036da9162cb5f,Mike,Altman,,http://ufcstats.com/fighter-details/c11036da9162cb5f
430c533614d45813,Patricia,Alujas,The Angel,http://ufcstats.com/fighter-details/430c533614d45813
e741536153227386,Sean,Alvarez,,http://ufcstats.com/fighter-details/e741536153227386
33a331684283900f,Eddie,Alvarez,,http://ufcstats.com/fighter-details/33a331684283900f
4438482bd1d5a029,Jaime,Alvarez,,http://ufcstats.com/fighter-details/4438482bd1d5a029
58bbef3770bb2dfc,Joel,Alvarez,El Fenomeno,http://ufcstats.com/fighter-details/58bbef3770bb2dfc
31ee470ef5dc8d7f,Thiago,Alves,Pitbull,http://ufcstats.com/fighter-details/31ee470ef5dc8d7f
bd92cf5da5413d2a,Anthony,Alves,,http://ufcstats.com/fighter-details/bd92cf5da5413d2a
dc5a6b2fdb27e7dc,Amilcar,Alves,,http://ufcstats.com/fighter-details/dc5a6b2fdb27e7dc
d317a5e2b3f88c5f,Warlley,Alves,,http://ufcstats.com/fighter-details/d317a5e2b3f88c5f
029afd138865d20a,Rafael,Alves,The Turn,http://ufcstats.com/fighter-details/029afd138865d20a
d156513a19acf856,Sam,Alvey,Smile'N,http://ufcstats.com/fighter-details/d156513a19acf856
f4abf9aeda861283,Christopher,Alvidrez,,http://ufcstats.com/fighter-details/f4abf9aeda861283
86c1441676af2c73,Mahamed,Aly,,http://ufcstats.com/fighter-details/86c1441676af2c73
20821819c401ced8,Andre,Amado,Dida,http://ufcstats.com/fighter-details/20821819c401ced8
1e327b281ef6a745,Adlan,Amagov,Borz,http://ufcstats.com/fighter-details/1e327b281ef6a745
247fbbfafea60bb1,Maiara,Amanajas dos Santos,,http://ufcstats.com/fighter-details/247fbbfafea60bb1
ee0b69e307c857e5,Chris,Amarante,,http://ufcstats.com/fighter-details/ee0b69e307c857e5
c912f676692c353a,Jimmy,Ambriz,The Titan,http://ufcstats.com/fighter-details/c912f676692c353a
d562b12b8fe88336,JJ,Ambrose,,http://ufcstats.com/fighter-details/d562b12b8fe88336
70fa1c64a2c439ef,Alen,Amedovski,,http://ufcstats.com/fighter-details/70fa1c64a2c439ef
41cc71cbf210e0fe,Hyder,Amil,The Hurricane,http://ufcstats.com/fighter-details/41cc71cbf210e0fe
6c40705cf6c0d7e2,Hamid,Amiri,The Storm,http://ufcstats.com/fighter-details/6c40705cf6c0d7e2
87a1dc546b1c5caf,Makwan,Amirkhani,Mr. Finland,http://ufcstats.com/fighter-details/87a1dc546b1c5caf
bc7d1ad49fcb2d08,Jaqueline,Amorim,,http://ufcstats.com/fighter-details/bc7d1ad49fcb2d08
53adf5b845d91e4a,Bertrand,Amoussou,,http://ufcstats.com/fighter-details/53adf5b845d91e4a
23a8c33869bf5392,Karl,Amoussou,The Psycho,http://ufcstats.com/fighter-details/23a8c33869bf5392
cad24459b28592ca,Eryk,Anders,Ya Boi,http://ufcstats.com/fighter-details/cad24459b28592ca
8738eacd62e82a32,Matt,Andersen,,http://ufcstats.com/fighter-details/8738eacd62e82a32
9199e0735b83dd32,Andy,Anderson,The Hammer,http://ufcstats.com/fighter-details/9199e0735b83dd32
1ffc38f67785797b,Lowell,Anderson,,http://ufcstats.com/fighter-details/1ffc38f67785797b
5e4eec08896c9423,Corey,Anderson,Overtime,http://ufcstats.com/fighter-details/5e4eec08896c9423
19ba965651486013,Derek,Anderson,Barbaric,http://ufcstats.com/fighter-details/19ba965651486013
a0e75f4a13eb73f1,Megan,Anderson,,http://ufcstats.com/fighter-details/a0e75f4a13eb73f1
b03a0c78ca45facf,Liam,Anderson,,http://ufcstats.com/fighter-details/b03a0c78ca45facf
17615148dd4be6f6,Tatsuya,Ando,Kirinji,http://ufcstats.com/fighter-details/17615148dd4be6f6
1562b12763cc8d67,Alex,Andrade,El Toro,http://ufcstats.com/fighter-details/1562b12763cc8d67
6a1901c62ab3870f,Jessica,Andrade,Bate Estaca,http://ufcstats.com/fighter-details/6a1901c62ab3870f
d221ee27afc7a60e,Viscardi,Andrade,,http://ufcstats.com/fighter-details/d221ee27afc7a60e
9bad58fa651d6196,Jermaine,Andre,,http://ufcstats.com/fighter-details/9bad58fa651d6196
7977fb0fd9c5955d,Fellipe,Andrew,,http://ufcstats.com/fighter-details/7977fb0fd9c5955d
00debc804e2b1cd4,Dylan,Andrews,The Villain,http://ufcstats.com/fighter-details/00debc804e2b1cd4
46e2ca71fd5089cb,Reese,Andy,Riptide,http://ufcstats.com/fighter-details/46e2ca71fd5089cb
d6a3e131ad4ba064,,Angga,The Hitman,http://ufcstats.com/fighter-details/d6a3e131ad4ba064
e20ad078a7d63361,Julius,Anglickas,,http://ufcstats.com/fighter-details/e20ad078a7d63361
047a91d3d9c79b05,Collin,Anglin,,http://ufcstats.com/fighter-details/047a91d3d9c79b05
c7c39e2fb70248b3,Chad,Anheliger,The Monster,http://ufcstats.com/fighter-details/c7c39e2fb70248b3
e06fd1260ac865a7,Yoji,Anjo,Mr. 200%,http://ufcstats.com/fighter-details/e06fd1260ac865a7
d802174b0c0c1f4e,Magomed,Ankalaev,,http://ufcstats.com/fighter-details/d802174b0c0c1f4e
af997f7611673880,Gadzhimurad,Antigulov,,http://ufcstats.com/fighter-details/af997f7611673880
25b31165758402dd,Adam,Antolin,Captain Chaos,http://ufcstats.com/fighter-details/25b31165758402dd
dbd198f780286aca,Angelo,Antonio,,http://ufcstats.com/fighter-details/dbd198f780286aca
cc49ada1ea955b13,Vanilto,Antunes,,http://ufcstats.com/fighter-details/cc49ada1ea955b13
78d48d3874dacafd,Azunna,Anyanwu,Zulu,http://ufcstats.com/fighter-details/78d48d3874dacafd
4665f9f909cd7214,Shinsho,Anzai,Animal,http://ufcstats.com/fighter-details/4665f9f909cd7214
031da10a00c8ccd4,Jin,Aoi,,http://ufcstats.com/fighter-details/031da10a00c8ccd4
79ded75550efc139,Shinya,Aoki,Tobikan Judan,http://ufcstats.com/fighter-details/79ded75550efc139
7d420039bbfe7c1a,,Aoriqileng,The Mongolian Murderer,http://ufcstats.com/fighter-details/7d420039bbfe7c1a
0c1a04afca64e38f,Josh,Appelt,,http://ufcstats.com/fighter-details/0c1a04afca64e38f
1ccff7f0cfdf85eb,Erik,Apple,,http://ufcstats.com/fighter-details/1ccff7f0cfdf85eb
269d103c96a4c3a5,Kenji,Arai,,http://ufcstats.com/fighter-details/269d103c96a4c3a5
73ef22f25d0f70e2,Romie,Aram,,http://ufcstats.com/fighter-details/73ef22f25d0f70e2
71002dbc1743b9a7,Felipe,Arantes,Sertanejo,http://ufcstats.com/fighter-details/71002dbc1743b9a7
dbea8c1cb327ab3d,Igor,Araujo,,http://ufcstats.com/fighter-details/dbea8c1cb327ab3d
36541f1e6c5d4955,Viviane,Araujo,Vivi,http://ufcstats.com/fighter-details/36541f1e6c5d4955
1291edf2d566a71a,Julio,Arce,,http://ufcstats.com/fighter-details/1291edf2d566a71a
d25e39e74efb0a77,Art,Arciniega,King Arthur,http://ufcstats.com/fighter-details/d25e39e74efb0a77
87f8699fdcc2c404,Alice,Ardelean,,http://ufcstats.com/fighter-details/87f8699fdcc2c404
9c9455912d917e4e,Tristan,Arenal,,http://ufcstats.com/fighter-details/9c9455912d917e4e
db3c4a884d704efe,Gabriel,Arges,,http://ufcstats.com/fighter-details/db3c4a884d704efe
e4ba58725825412d,Dan,Argueta,The Determined,http://ufcstats.com/fighter-details/e4ba58725825412d
90063913321e7670,Reza,Arianto,The Crazy Lion,http://ufcstats.com/fighter-details/90063913321e7670
9a7ffa80766caa51,Hashem,Arkhagha,,http://ufcstats.com/fighter-details/9a7ffa80766caa51
3738e68d2261e60f,Andrei,Arlovski,The Pitbull,http://ufcstats.com/fighter-details/3738e68d2261e60f
1effd880e1f1bb30,Garrett,Armfield,,http://ufcstats.com/fighter-details/1effd880e1f1bb30
30ad2050273d016a,Joey,Armstrong,,http://ufcstats.com/fighter-details/30ad2050273d016a
bf0e700106d00e55,Austin,Arnett,,http://ufcstats.com/fighter-details/bf0e700106d00e55
05fbfe628658c538,Ricardo,Arona,The Brazilian Tiger,http://ufcstats.com/fighter-details/05fbfe628658c538
a90c200c3fbb22c4,Eli,Aronov,The Israeli Tank,http://ufcstats.com/fighter-details/a90c200c3fbb22c4
770b9d4813c25902,Chalid,Arrab,Die Faust,http://ufcstats.com/fighter-details/770b9d4813c25902
c136b2a8852da5bd,Akbarh,Arreola,El Caballero,http://ufcstats.com/fighter-details/c136b2a8852da5bd
de62052b2ede65ba,Matt,Arroyo,No Regard,http://ufcstats.com/fighter-details/de62052b2ede65ba
61fb8098ccf81c7f,Antonio,Arroyo,,http://ufcstats.com/fighter-details/61fb8098ccf81c7f
2dea80c069847321,Gilles,Arsene,,http://ufcstats.com/fighter-details/2dea80c069847321
91e3388e69060e69,Veta,Arteaga,,http://ufcstats.com/fighter-details/91e3388e69060e69
49f78022126bf4a4,Cesar,Arzamendia,Goku,http://ufcstats.com/fighter-details/49f78022126bf4a4
d33da8a3d82bdb62,Kai,Asakura,,http://ufcstats.com/fighter-details/d33da8a3d82bdb62
a373085066dbfb54,Teddy,Ash,Bear,http://ufcstats.com/fighter-details/a373085066dbfb54
d26a0988c9dc9886,Arman,Ashimov,Mustafa Ozturik,http://ufcstats.com/fighter-details/d26a0988c9dc9886
c739c2995a275314,Yanal,Ashmouz,Red Fox,http://ufcstats.com/fighter-details/c739c2995a275314
8be9deb7d6b36354,,Asjabharan,,http://ufcstats.com/fighter-details/8be9deb7d6b36354
2abc414136504554,Askar,Askar,AK-47,http://ufcstats.com/fighter-details/2abc414136504554
b1d19449397541dc,Askar,Askarov,Bullet,http://ufcstats.com/fighter-details/b1d19449397541dc
9be6020024133293,Cyril,Asker,Silverback,http://ufcstats.com/fighter-details/9be6020024133293
5c10da56d712ac9c,Khusein,Askhabov,Nohcho,http://ufcstats.com/fighter-details/5c10da56d712ac9c
06827d70c53ff0d9,Scott,Askham,,http://ufcstats.com/fighter-details/06827d70c53ff0d9
0b31f87be71ebbb1,Ben,Askren,Funky,http://ufcstats.com/fighter-details/0b31f87be71ebbb1
6e8f1bcdda94ff45,Ibo,Aslan,The Last Ottoman,http://ufcstats.com/fighter-details/6e8f1bcdda94ff45
399afbabc02376b5,Tom,Aspinall,,http://ufcstats.com/fighter-details/399afbabc02376b5
ff222167cce02919,Bruno,Assis,Brunao,http://ufcstats.com/fighter-details/ff222167cce02919
d0d7160824278840,Junior,Assuncao,,http://ufcstats.com/fighter-details/d0d7160824278840
2f13e4020cea5b38,Raphael,Assuncao,,http://ufcstats.com/fighter-details/2f13e4020cea5b38
01c9e4013afce141,Michael,Aswell,The Texas Kid,http://ufcstats.com/fighter-details/01c9e4013afce141
fd7acf42bd6e7e95,Bazigit,Atajev,Volk,http://ufcstats.com/fighter-details/fd7acf42bd6e7e95
210935fd21670f6d,Rich,Attonito,The Raging Bull,http://ufcstats.com/fighter-details/210935fd21670f6d
55ee431411ccf07a,Olivier,Aubin-Mercier,The Canadian Gangster,http://ufcstats.com/fighter-details/55ee431411ccf07a
196ed28337adc630,Pat,Audinwood,Awesomely Awesome,http://ufcstats.com/fighter-details/196ed28337adc630
4d3b08ab127c7585,Jose,Augusto,Gugu,http://ufcstats.com/fighter-details/4d3b08ab127c7585
04643fd03d9159cc,Marcus,Aurelio,Maximus,http://ufcstats.com/fighter-details/04643fd03d9159cc
956dcac65e7b34d6,David,Avellan,,http://ufcstats.com/fighter-details/956dcac65e7b34d6
8753e125f4499816,Blas,Avena,The Disciple,http://ufcstats.com/fighter-details/8753e125f4499816
ba5c6eeb8ef45f5c,Levi,Avera,,http://ufcstats.com/fighter-details/ba5c6eeb8ef45f5c
033d19259f589457,Anthony,Avila,,http://ufcstats.com/fighter-details/033d19259f589457
4665cbf36b08193b,Chris,Avila,,http://ufcstats.com/fighter-details/4665cbf36b08193b
86d9dbe1bfcbade7,Julia,Avila,Raging Panda,http://ufcstats.com/fighter-details/86d9dbe1bfcbade7
da603332ad41f165,Saad,Awad,Assassin,http://ufcstats.com/fighter-details/da603332ad41f165
26387c19f32dda0f,Javy,Ayala,Eye Candy,http://ufcstats.com/fighter-details/26387c19f32dda0f
6eaec40f724852f4,Jessin,Ayari,,http://ufcstats.com/fighter-details/6eaec40f724852f4
46d0a888d87d91ac,Abu,Azaitar,Captain Morocco,http://ufcstats.com/fighter-details/46d0a888d87d91ac
ee18ff42063174df,Ottman,Azaitar,Bulldozer,http://ufcstats.com/fighter-details/ee18ff42063174df
063649e21bc9d6d5,Luiz,Azeredo,,http://ufcstats.com/fighter-details/063649e21bc9d6d5
9bcfb40dbcd50568,Luciano,Azevedo,,http://ufcstats.com/fighter-details/9bcfb40dbcd50568
2af2f2e26c4c0402,Hunter,Azure,,http://ufcstats.com/fighter-details/2af2f2e26c4c0402
39cc64bf0a269db9,Niklas,Backstrom,,http://ufcstats.com/fighter-details/39cc64bf0a269db9
fd5b6598a3b70c0a,Seth,Baczynski,The Polish Pistola,http://ufcstats.com/fighter-details/fd5b6598a3b70c0a
968764372c49eab6,Abdul Azeem,Badakhshi,The Afghan Lion,http://ufcstats.com/fighter-details/968764372c49eab6
c0ab242c40decc55,Ryan,Bader,Darth,http://ufcstats.com/fighter-details/c0ab242c40decc55
4fcf6e0c4e0e6664,Izabela,Badurek,,http://ufcstats.com/fighter-details/4fcf6e0c4e0e6664
82d4c957649faf9b,Miguel,Baeza,Caramel Thunder,http://ufcstats.com/fighter-details/82d4c957649faf9b
3dd92ff9fb0412b3,Ali,Bagautinov,Puncher,http://ufcstats.com/fighter-details/3dd92ff9fb0412b3
e4d2564ea0e34e2b,Mehdi,Baghdad,The Sultan,http://ufcstats.com/fighter-details/e4d2564ea0e34e2b
a52bc1e62cf0b7c6,Melsik,Baghdasaryan,The Gun,http://ufcstats.com/fighter-details/a52bc1e62cf0b7c6
aec185309b4843d0,Siyar,Bahadurzada,The Great,http://ufcstats.com/fighter-details/aec185309b4843d0
e4a47b07044ddd72,Ignacio,Bahamondes,La Jaula,http://ufcstats.com/fighter-details/e4a47b07044ddd72
8f313e9c3a39c06e,Bahatebole,Batebolati,Lion King,http://ufcstats.com/fighter-details/8f313e9c3a39c06e
e2b8186b618b00c4,Shamar,Bailey,,http://ufcstats.com/fighter-details/e2b8186b618b00c4
34dbcd4dbaf21a36,Jordan,Bailey,,http://ufcstats.com/fighter-details/34dbcd4dbaf21a36
7d5b12de1625984e,Scott,Baker,,http://ufcstats.com/fighter-details/7d5b12de1625984e
898337ef520fe4d3,Bryan,Baker,The Beast,http://ufcstats.com/fighter-details/898337ef520fe4d3
371efa53bd0cf669,Jin,Bala,,http://ufcstats.com/fighter-details/371efa53bd0cf669
e626e92a8f2a9737,,Balajin,The Snow Leopard,http://ufcstats.com/fighter-details/e626e92a8f2a9737
04b39f4e8eb59d7c,Oluwale,Bamgbose,Holy War Angel,http://ufcstats.com/fighter-details/04b39f4e8eb59d7c
4c4b44e3cf5815b3,Stephen,Banaszak,,http://ufcstats.com/fighter-details/4c4b44e3cf5815b3
5c2ce761399dc9c5,Marcin,Bandel,Bomba,http://ufcstats.com/fighter-details/5c2ce761399dc9c5
2c2caf2f2bab9df5,Humberto,Bandenay,,http://ufcstats.com/fighter-details/2c2caf2f2bab9df5
9a2d3567abc02e34,Tae Hyun,Bang,Supernatural,http://ufcstats.com/fighter-details/9a2d3567abc02e34
c50ea21fe9ef478d,Yohan,Banks,,http://ufcstats.com/fighter-details/c50ea21fe9ef478d
9c442aaf149ea982,Shauna,Bannon,Mama B,http://ufcstats.com/fighter-details/9c442aaf149ea982
9ddfb3369a3b0394,Antonio,Banuelos,,http://ufcstats.com/fighter-details/9ddfb3369a3b0394
1c23ec2f1b71be40,Iwo,Baraniewski,,http://ufcstats.com/fighter-details/1c23ec2f1b71be40
2c99576fefe53c7c,Renan,Barao,The Baron,http://ufcstats.com/fighter-details/2c99576fefe53c7c
06dced58ca24a6bd,Junior,Barata,,http://ufcstats.com/fighter-details/06dced58ca24a6bd
6a740daf1b279661,Maycee,Barber,The Future,http://ufcstats.com/fighter-details/6a740daf1b279661
a331233f597090a5,Bryan,Barberena,Bam Bam,http://ufcstats.com/fighter-details/a331233f597090a5
d4baaa0630bf5798,Dani,Barbir,,http://ufcstats.com/fighter-details/d4baaa0630bf5798
27b388f0aab49780,Dione,Barbosa,The Witch,http://ufcstats.com/fighter-details/27b388f0aab49780
c85bad793cd14e28,Marcio,Barbosa,Ticoto,http://ufcstats.com/fighter-details/c85bad793cd14e28
64a50dad704d1d49,Edson,Barboza,Junior,http://ufcstats.com/fighter-details/64a50dad704d1d49
b9f28e7045fdfce7,Raoni,Barcelos,,http://ufcstats.com/fighter-details/b9f28e7045fdfce7
e8fe9c15d348e778,Daniel,Barez,,http://ufcstats.com/fighter-details/e8fe9c15d348e778
b7c5eb7cdbac6a63,Danny,Barlow,LeftHand2God,http://ufcstats.com/fighter-details/b7c5eb7cdbac6a63
172c2135e70f87b7,Luke,Barnatt,The Bigslow,http://ufcstats.com/fighter-details/172c2135e70f87b7
c06a5c95f1169c0b,James,Barnes,Mooka,http://ufcstats.com/fighter-details/c06a5c95f1169c0b
78a5eea49638685d,Nick,Barnes,,http://ufcstats.com/fighter-details/78a5eea49638685d
e575b6ff678c1aca,Shonte,Barnes,Shyne,http://ufcstats.com/fighter-details/e575b6ff678c1aca
ad3f53c454cbbead,Josh,Barnett,The Warmaster,http://ufcstats.com/fighter-details/ad3f53c454cbbead
7a5e8c94a86f9895,Chris,Barnett,Beastboy,http://ufcstats.com/fighter-details/7a5e8c94a86f9895
91e69a1c3c87325b,Chris,Barnhizer,,http://ufcstats.com/fighter-details/91e69a1c3c87325b
80c0bed43da0e27b,David,Baron,,http://ufcstats.com/fighter-details/80c0bed43da0e27b
1652f3213655b935,Phil,Baroni,The New York Bad Ass,http://ufcstats.com/fighter-details/1652f3213655b935
f12f979b657ab876,Dan,Barrera,The Fireman,http://ufcstats.com/fighter-details/f12f979b657ab876
a220be6d41d6f97d,Carlos,Barreto,,http://ufcstats.com/fighter-details/a220be6d41d6f97d
c32eab6c2119e989,Jose,Barreto,,http://ufcstats.com/fighter-details/c32eab6c2119e989
d21113c9ff3788ae,Peter,Barrett,Slippery,http://ufcstats.com/fighter-details/d21113c9ff3788ae
8e9eb3fc86db0f7d,Marc-Andre,Barriault,Powerbar,http://ufcstats.com/fighter-details/8e9eb3fc86db0f7d
e6015889f50075d2,David,Barrios,,http://ufcstats.com/fighter-details/e6015889f50075d2
8fd1f27e86661ede,Alexandre,Barros,Baixinho,http://ufcstats.com/fighter-details/8fd1f27e86661ede
d26394fc0e8e880a,Ricardo,Barros,,http://ufcstats.com/fighter-details/d26394fc0e8e880a
b69f24c500d783e7,Francimar,Barroso,Bodao,http://ufcstats.com/fighter-details/b69f24c500d783e7
658c3465581ae46b,Pat,Barry,HD,http://ufcstats.com/fighter-details/658c3465581ae46b
a6f3d15cb84334bb,Dean,Barry,The Sniper,http://ufcstats.com/fighter-details/a6f3d15cb84334bb
be0b310a12eb80b4,Enrique,Barzola,El Fuerte,http://ufcstats.com/fighter-details/be0b310a12eb80b4
bbab3baf66128ae2,Javid,Basharat,The Snow Leopard,http://ufcstats.com/fighter-details/bbab3baf66128ae2
a09ed60aa67a3f67,Farid,Basharat,Ferocious,http://ufcstats.com/fighter-details/a09ed60aa67a3f67
d3f89fa685bd8420,Austin,Bashi,,http://ufcstats.com/fighter-details/d3f89fa685bd8420
1cecc8fe6748a532,Stephen,Bass,Bigfish,http://ufcstats.com/fighter-details/1cecc8fe6748a532
2c733e059462c1dc,Sean,Bassett,,http://ufcstats.com/fighter-details/2c733e059462c1dc
29508aff4d93cbbe,Ryan,Bastianelli,Relentless,http://ufcstats.com/fighter-details/29508aff4d93cbbe
8ef4a91ac694b7ce,Shayna,Baszler,The Queen of Spades,http://ufcstats.com/fighter-details/8ef4a91ac694b7ce
e1f8beeb6d2d871a,Namsrai,Batbayar,Steppe Warrior,http://ufcstats.com/fighter-details/e1f8beeb6d2d871a
34218661c44ed55d,Michel,Batista,,http://ufcstats.com/fighter-details/34218661c44ed55d
f626118b6da0e020,Bryan,Battle,The Butcher,http://ufcstats.com/fighter-details/f626118b6da0e020
c9a94278df042f46,Alan,Baudot,The Black Samourai,http://ufcstats.com/fighter-details/c9a94278df042f46
bc711b6dd95c1af6,Mario,Bautista,,http://ufcstats.com/fighter-details/bc711b6dd95c1af6
55f446032177b119,Chris,Beal,Real Deal,http://ufcstats.com/fighter-details/55f446032177b119
3a6ac598320ca7f2,Donovan,Beard,The Highlight Reel,http://ufcstats.com/fighter-details/3a6ac598320ca7f2
74f13066b1417ef3,Rudy,Bears,,http://ufcstats.com/fighter-details/74f13066b1417ef3
4fd76e7ba8313457,Salvador,Becerra,,http://ufcstats.com/fighter-details/4fd76e7ba8313457
b96939f2b8d88e82,Ariel,Beck,,http://ufcstats.com/fighter-details/b96939f2b8d88e82
b5a379583673510a,Jack,Becker,,http://ufcstats.com/fighter-details/b5a379583673510a
93bf96be327fcd98,Jeff,Bedard,Little Popeye,http://ufcstats.com/fighter-details/93bf96be327fcd98
ce05955c26c3c090,Eric,Bedard,Lucky Strikes,http://ufcstats.com/fighter-details/ce05955c26c3c090
ffc3e6daaa6da0b7,Johnny,Bedford,Brutal,http://ufcstats.com/fighter-details/ffc3e6daaa6da0b7
40a456a25d52ee65,Rolando,Bedoya,The Machine,http://ufcstats.com/fighter-details/40a456a25d52ee65
b16a7e6a627e9789,Chase,Beebe,,http://ufcstats.com/fighter-details/b16a7e6a627e9789
babc6b5745335f18,Lyle,Beerbohm,Fancy Pants,http://ufcstats.com/fighter-details/babc6b5745335f18
d6ed764f8b78d32a,Allan,Begosso,Mini,http://ufcstats.com/fighter-details/d6ed764f8b78d32a
3bc3f60b21cddc6a,Azamat,Bekoev,Iron,http://ufcstats.com/fighter-details/3bc3f60b21cddc6a
cbd3e590a85b18c5,Mirsad,Bektic,,http://ufcstats.com/fighter-details/cbd3e590a85b18c5
d7e40dca3ae125be,Diana,Belbita,The Warrior Princess,http://ufcstats.com/fighter-details/d7e40dca3ae125be
4130a743d9d22163,Alan,Belcher,The Talent,http://ufcstats.com/fighter-details/4130a743d9d22163
0ee783aa00e468f0,Vitor,Belfort,The Phenom,http://ufcstats.com/fighter-details/0ee783aa00e468f0
7674b836ce0698a0,Yousri,Belgaroui,,http://ufcstats.com/fighter-details/7674b836ce0698a0
69898645d600abdb,Rodolfo,Bellato,Trator,http://ufcstats.com/fighter-details/69898645d600abdb
c3f6db17cea09ca7,Danilo,Belluardo,Caterpillar,http://ufcstats.com/fighter-details/c3f6db17cea09ca7
46baf0f57edfa4df,Joey,Beltran,The Mexicutioner,http://ufcstats.com/fighter-details/46baf0f57edfa4df
ec71a892fada28c7,Marco,Beltran,Psycho,http://ufcstats.com/fighter-details/ec71a892fada28c7
80eacd4da0617c57,Joseph,Benavidez,,http://ufcstats.com/fighter-details/80eacd4da0617c57
a71feb7ea7592a71,Mike,Bencic,Batman,http://ufcstats.com/fighter-details/a71feb7ea7592a71
9fd1f08dd4aec14a,Dave,Beneteau,Dangerous,http://ufcstats.com/fighter-details/9fd1f08dd4aec14a
6104730621ff318d,Karla,Benitez,,http://ufcstats.com/fighter-details/6104730621ff318d
436f970c9ea9169c,Gabriel,Benitez,Moggly,http://ufcstats.com/fighter-details/436f970c9ea9169c
8dc4f34c1f50d00d,Charles,Bennett,Krazy Horse,http://ufcstats.com/fighter-details/8dc4f34c1f50d00d
c3ac8d0da7b05772,Josh,Bennett,,http://ufcstats.com/fighter-details/c3ac8d0da7b05772
404ecb2700844072,DeAnna,Bennett,The Argentine Assassin,http://ufcstats.com/fighter-details/404ecb2700844072
7030c27fc9778964,Benjamin,Bennett,Mr. Alaska,http://ufcstats.com/fighter-details/7030c27fc9778964
5431dccc09118234,Lance,Benoist,,http://ufcstats.com/fighter-details/5431dccc09118234
a30f6d375dea5f9b,Joe,Benoit,,http://ufcstats.com/fighter-details/a30f6d375dea5f9b
20999e27ddd94bda,Ryan,Benoit,Baby Face,http://ufcstats.com/fighter-details/20999e27ddd94bda
a25f3dc0df974597,Pat,Benson,,http://ufcstats.com/fighter-details/a25f3dc0df974597
592d23aed850e652,Len,Bentley,,http://ufcstats.com/fighter-details/592d23aed850e652
21b1132949f2a9b0,Steve,Berger,The Red Nosed Pitbull,http://ufcstats.com/fighter-details/21b1132949f2a9b0
aa8189053b3a8994,Kenneth,Bergh,,http://ufcstats.com/fighter-details/aa8189053b3a8994
2891c9f7b26b26fc,Bret,Bergmark,The Angry Hick,http://ufcstats.com/fighter-details/2891c9f7b26b26fc
e3779ef06e98f185,Keith,Berish,Sha Bang Bang,http://ufcstats.com/fighter-details/e3779ef06e98f185
6f242453c91a5af0,Dennis,Bermudez,The Menace,http://ufcstats.com/fighter-details/6f242453c91a5af0
2dc1bc1a02961656,Manny,Bermudez,The Bermudez Triangle,http://ufcstats.com/fighter-details/2dc1bc1a02961656
5b2325cd70dbe2ea,Talita,Bernardo,,http://ufcstats.com/fighter-details/5b2325cd70dbe2ea
b3bbe88fecd6a0d2,Dave,Berry,,http://ufcstats.com/fighter-details/b3bbe88fecd6a0d2
0b935b9bbbe5fc07,Keith,Berry,,http://ufcstats.com/fighter-details/0b935b9bbbe5fc07
0db70ca89e1c7374,Dieusel,Berto,,http://ufcstats.com/fighter-details/0db70ca89e1c7374
66766984842c13dc,Edson,Berto,Little Tiger,http://ufcstats.com/fighter-details/66766984842c13dc
aebfb84d1f6d2d8c,Allen,Berube,Monstah Lobstah,http://ufcstats.com/fighter-details/aebfb84d1f6d2d8c
8ba8e8d7eafa7267,Anton,Berzin,The Body Snatcher,http://ufcstats.com/fighter-details/8ba8e8d7eafa7267
3f24c96753dbd9f9,Scott,Bessac,,http://ufcstats.com/fighter-details/3f24c96753dbd9f9
0b8d512c79b4baf3,Matt,Bessette,The Mangler,http://ufcstats.com/fighter-details/0b8d512c79b4baf3
e05f4ce199baca91,Khadzhi,Bestaev,Best,http://ufcstats.com/fighter-details/e05f4ce199baca91
a524710c3ef918fa,Fernando,Bettega,,http://ufcstats.com/fighter-details/a524710c3ef918fa
7e511f8d842a109d,Arjan,Bhullar,,http://ufcstats.com/fighter-details/7e511f8d842a109d
9cd047a828dd7515,KB,Bhullar,The Bengal,http://ufcstats.com/fighter-details/9cd047a828dd7515
87f19d19f4cb73f8,Bibulatov,Magomed,Chaborz,http://ufcstats.com/fighter-details/87f19d19f4cb73f8
1efa064872f089d0,David,Bielkheden,,http://ufcstats.com/fighter-details/1efa064872f089d0
5095b0920a3602aa,Blake,Bilder,El Animal,http://ufcstats.com/fighter-details/5095b0920a3602aa
ebbf571f349e79d9,Jonas,Bilharinho,,http://ufcstats.com/fighter-details/ebbf571f349e79d9
b3b6e80b7d5f8f0d,Jeremiah,Billington,,http://ufcstats.com/fighter-details/b3b6e80b7d5f8f0d
53f02bbc41d99432,Scott,Bills,,http://ufcstats.com/fighter-details/53f02bbc41d99432
c5a126ace82a6025,Anthony,Birchak,El Toro,http://ufcstats.com/fighter-details/c5a126ace82a6025
8a22c6b4d29880a3,Chris,Birchler,The Big Buck,http://ufcstats.com/fighter-details/8a22c6b4d29880a3
7b4ae3fd439a05b6,Angad,Bisht,,http://ufcstats.com/fighter-details/7b4ae3fd439a05b6
2b93ebd9f5417ad2,Michael,Bisping,The Count,http://ufcstats.com/fighter-details/2b93ebd9f5417ad2
7a359ef685a304a7,Amaury,Bitetti,,http://ufcstats.com/fighter-details/7a359ef685a304a7
a653cb5eb4b39339,Caio,Bittencourt,Leao,http://ufcstats.com/fighter-details/a653cb5eb4b39339
dd6ec6f941c3a414,Davi,Bittencourt,The Black,http://ufcstats.com/fighter-details/dd6ec6f941c3a414
27ab7257bf6a3b65,Simon,Biyong,,http://ufcstats.com/fighter-details/27ab7257bf6a3b65
99df7d0a2a08a8a8,Jan,Blachowicz,,http://ufcstats.com/fighter-details/99df7d0a2a08a8a8
b2f743746e8dcfa2,Jason,Black,The Black Legion,http://ufcstats.com/fighter-details/b2f743746e8dcfa2
7e69a4b0961aa555,Brad,Blackburn,Bad Brad,http://ufcstats.com/fighter-details/7e69a4b0961aa555
619d807fa54ae8f7,Jason,Blackford,,http://ufcstats.com/fighter-details/619d807fa54ae8f7
2adb11835acd815b,Tom,Blackledge,,http://ufcstats.com/fighter-details/2adb11835acd815b
0e5c79b3594ff0ad,Sherrard,Blackledge,The Thriller,http://ufcstats.com/fighter-details/0e5c79b3594ff0ad
da22387a0407a2dc,Da'Mon,Blackshear,The Monster,http://ufcstats.com/fighter-details/da22387a0407a2dc
0f4a536507f33576,Chasen,Blair,Mestizo,http://ufcstats.com/fighter-details/0f4a536507f33576
669970f7feba8ecd,Erin,Blanchfield,Cold Blooded,http://ufcstats.com/fighter-details/669970f7feba8ecd
4a1329cc8eb0928a,Maximo,Blanco,Maxi,http://ufcstats.com/fighter-details/4a1329cc8eb0928a
ebf298f8ac7e232b,David,Blanco,,http://ufcstats.com/fighter-details/ebf298f8ac7e232b
fa6796c55d6c5440,Curtis,Blaydes,Razor,http://ufcstats.com/fighter-details/fa6796c55d6c5440
59c438c81fbf3ece,Tereza,Bleda,,http://ufcstats.com/fighter-details/59c438c81fbf3ece
35d6337320a4ae48,Arlene,Blencowe,Angerfist,http://ufcstats.com/fighter-details/35d6337320a4ae48
ecdf14f4f8643d39,Byron,Bloodworth,,http://ufcstats.com/fighter-details/ecdf14f4f8643d39
046a85108610c0d2,Dashawn,Boatwright,"Buck, the 400-pound Silverback",http://ufcstats.com/fighter-details/046a85108610c0d2
f348d05403fad037,Dan,Bobish,,http://ufcstats.com/fighter-details/f348d05403fad037
cf9d24e4bd0cf2ce,Mark,Bocek,,http://ufcstats.com/fighter-details/cf9d24e4bd0cf2ce
c5af5750e8bae4f0,Kyle,Bochniak,Killer B,http://ufcstats.com/fighter-details/c5af5750e8bae4f0
984d15d5dc7bfcf9,James,Bochnovic,,http://ufcstats.com/fighter-details/984d15d5dc7bfcf9
1afd74f8cb0719f3,Jeremy,Boczulak,,http://ufcstats.com/fighter-details/1afd74f8cb0719f3
c80095f6092271a7,Tim,Boetsch,The Barbarian,http://ufcstats.com/fighter-details/c80095f6092271a7
8a56ea383fd26e52,Galore,Bofando,,http://ufcstats.com/fighter-details/8a56ea383fd26e52
53c21779d84ceb75,Jay,Bogan,,http://ufcstats.com/fighter-details/53c21779d84ceb75
d61316139d68dbe3,Roman,Bogatov,,http://ufcstats.com/fighter-details/d61316139d68dbe3
70a1c7626b5e0599,Derek,Bohi,Marshmallow,http://ufcstats.com/fighter-details/70a1c7626b5e0599
93892752c5fc23ca,Jerry,Bohlander,,http://ufcstats.com/fighter-details/93892752c5fc23ca
297a2b35444c245b,Mandy,Bohm,Monster,http://ufcstats.com/fighter-details/297a2b35444c245b
d227958e8a0c1466,Kotetsu,Boku,,http://ufcstats.com/fighter-details/d227958e8a0c1466
96924b0019b3aff1,Gaston,Bolanos,The Dreamkiller,http://ufcstats.com/fighter-details/96924b0019b3aff1
9d455d5cfe6a0e35,Kyle,Bolt,,http://ufcstats.com/fighter-details/9d455d5cfe6a0e35
2526be54e6a0e62a,Denys,Bondar,Psycho,http://ufcstats.com/fighter-details/2526be54e6a0e62a
8691881b31c16b88,Luc,Bondole,,http://ufcstats.com/fighter-details/8691881b31c16b88
702a72aa7a266d86,Tony,Bonello,The Gun,http://ufcstats.com/fighter-details/702a72aa7a266d86
01641ba5df0c69b0,Gabriel,Bonfim,Marretinha,http://ufcstats.com/fighter-details/01641ba5df0c69b0
eb393afdbe3293d5,Ismael,Bonfim,Marreta,http://ufcstats.com/fighter-details/eb393afdbe3293d5
934de214814b8ff4,Jesse,Bongfeldt,Water,http://ufcstats.com/fighter-details/934de214814b8ff4
d311fbefff44a39b,Marcos,Bonilla,Murder Marx,http://ufcstats.com/fighter-details/d311fbefff44a39b
c6a33ff198aaaeeb,Stephan,Bonnar,The American Psycho,http://ufcstats.com/fighter-details/c6a33ff198aaaeeb
07a2bdaa0afdd831,Rogerio,Bontorin,,http://ufcstats.com/fighter-details/07a2bdaa0afdd831
a4de54ea806fb525,Ray,Borg,The Tazmexican Devil,http://ufcstats.com/fighter-details/a4de54ea806fb525
0313bf497de9c470,Igor,Borisov,,http://ufcstats.com/fighter-details/0313bf497de9c470
34b96d52db1d26e6,Kevin,Borjas,El Gallo Negro,http://ufcstats.com/fighter-details/34b96d52db1d26e6
3c85e04b08a05751,Calen,Born,,http://ufcstats.com/fighter-details/3c85e04b08a05751
4126a78111c0855a,Caio,Borralho,The Natural,http://ufcstats.com/fighter-details/4126a78111c0855a
b8fdb2903a2582a8,Zachary,Borrego,The Dragon,http://ufcstats.com/fighter-details/b8fdb2903a2582a8
19c591115a58982c,Viacheslav,Borshchev,Slava Claus,http://ufcstats.com/fighter-details/19c591115a58982c
04c8b08b16a5b99e,Tanner,Boser,The Bulldozer,http://ufcstats.com/fighter-details/04c8b08b16a5b99e
e023fa2e648ea0f1,Steve,Bosse,The Boss,http://ufcstats.com/fighter-details/e023fa2e648ea0f1
e8fb8e53bc2e29d6,Marcus,Bossett,The Grasshopper,http://ufcstats.com/fighter-details/e8fb8e53bc2e29d6
239224bedeb2c7a4,Chris,Bostick,,http://ufcstats.com/fighter-details/239224bedeb2c7a4
5c126c6aac3ef364,Poliana,Botelho,,http://ufcstats.com/fighter-details/5c126c6aac3ef364
545d549d6bf87187,Francois,Botha,White Buffalo,http://ufcstats.com/fighter-details/545d549d6bf87187
d5e929c26f25f0d3,Ilian,Bouafia,The Gorilla,http://ufcstats.com/fighter-details/d5e929c26f25f0d3
59851163aaf1aed8,Gregory,Bouchelaghem,,http://ufcstats.com/fighter-details/59851163aaf1aed8
2aaf0181432adf0b,Roy,Boughton,Black Dynamite,http://ufcstats.com/fighter-details/2aaf0181432adf0b
611b9c068c9e2c44,Rich,Bouphanouvong,,http://ufcstats.com/fighter-details/611b9c068c9e2c44
dfdd0c5dd0d4bc23,Mike,Bourke,The Rhino,http://ufcstats.com/fighter-details/dfdd0c5dd0d4bc23
38b1417ec17072da,Jess,Bouscal,,http://ufcstats.com/fighter-details/38b1417ec17072da
2efbc83a6b9b7f86,Tai,Bowden,,http://ufcstats.com/fighter-details/2efbc83a6b9b7f86
81ca2c245b19b3c5,Melton,Bowen,The Punisher,http://ufcstats.com/fighter-details/81ca2c245b19b3c5
5488b3c67600333a,Kyron,Bowen,Bullseye,http://ufcstats.com/fighter-details/5488b3c67600333a
b26d3e3746fb4024,Brian,Bowles,,http://ufcstats.com/fighter-details/b26d3e3746fb4024
3b9f723e2720a238,Roger,Bowling,Relentless,http://ufcstats.com/fighter-details/3b9f723e2720a238
a95a0504fd73bd3e,Blake,Bowman,,http://ufcstats.com/fighter-details/a95a0504fd73bd3e
8a0a35e7c74bebcc,Ashe,Bowman,The Archer,http://ufcstats.com/fighter-details/8a0a35e7c74bebcc
4a191f4ea2fce7fc,Anvar,Boynazarov,The Uzbek,http://ufcstats.com/fighter-details/4a191f4ea2fce7fc
1433786ac76cf777,Colley ,Bradford,,http://ufcstats.com/fighter-details/1433786ac76cf777
a6959da32f0e6b5d,Kyle,Bradley,,http://ufcstats.com/fighter-details/a6959da32f0e6b5d
c7011de4765d2497,Paul,Bradley,The Gentleman,http://ufcstats.com/fighter-details/c7011de4765d2497
45f7cb591c3ab00b,Sean,Brady,,http://ufcstats.com/fighter-details/45f7cb591c3ab00b
dc950d59dc590aca,Ebenezer Fontes,Braga,Pitbull,http://ufcstats.com/fighter-details/dc950d59dc590aca
3d074044a33825e7,Ramiz,Brahimaj,,http://ufcstats.com/fighter-details/3d074044a33825e7
3c99bd6cb5d835ef,Adam,Bramhald,Samurai,http://ufcstats.com/fighter-details/3c99bd6cb5d835ef
013da757877044a2,Joe,Brammer,The South Side Strangler,http://ufcstats.com/fighter-details/013da757877044a2
d2c55d1d2e67773b,David,Branch,,http://ufcstats.com/fighter-details/d2c55d1d2e67773b
edae6db2b3453632,Billy,Brand,,http://ufcstats.com/fighter-details/edae6db2b3453632
c2e3e67b5911bfb7,Diego,Brandao,DB,http://ufcstats.com/fighter-details/c2e3e67b5911bfb7
7138a15258dabf20,Bruna,Brasil,,http://ufcstats.com/fighter-details/7138a15258dabf20
dc63542668295c23,Michael,Bravo,,http://ufcstats.com/fighter-details/dc63542668295c23
9c44f290f5726d95,Martin,Bravo,El Toro,http://ufcstats.com/fighter-details/9c44f290f5726d95
37ce890a4670b287,Roman,Bravo-Young,,http://ufcstats.com/fighter-details/37ce890a4670b287
d80ee110748171ac,Mike,Breeden,Money,http://ufcstats.com/fighter-details/d80ee110748171ac
1588b787bda7b540,Tom,Breese,,http://ufcstats.com/fighter-details/1588b787bda7b540
48a9a128784d53d1,Elves,Brener,,http://ufcstats.com/fighter-details/48a9a128784d53d1
b19fc66613dc75b9,Chris,Brennan,The Westside Strangler,http://ufcstats.com/fighter-details/b19fc66613dc75b9
98f6da59d765ec94,Charlie,Brenneman,The Spaniard,http://ufcstats.com/fighter-details/98f6da59d765ec94
e319d6697d41f3cf,Robert,Breslin,The Bullet,http://ufcstats.com/fighter-details/e319d6697d41f3cf
106a925d947a0de9,Mack,Brewer,,http://ufcstats.com/fighter-details/106a925d947a0de9
11547e29f253fb89,Marcos,Brigagao,Ironside,http://ufcstats.com/fighter-details/11547e29f253fb89
497ba5b12a4bfc47,Jason,Brilz,Hitman,http://ufcstats.com/fighter-details/497ba5b12a4bfc47
81801f57bd0a7c41,Marcus,Brimage,The Bama Beast,http://ufcstats.com/fighter-details/81801f57bd0a7c41
cf1a88371c8cb690,Aaron,Brink,,http://ufcstats.com/fighter-details/cf1a88371c8cb690
01fcef7e3d051722,Henry,Briones,Bure,http://ufcstats.com/fighter-details/01fcef7e3d051722
3a97fda0de6f1fa4,Marcelo,Brito,Jungle Boy,http://ufcstats.com/fighter-details/3a97fda0de6f1fa4
791c8437b341fba5,Joanderson,Brito,Tubarao,http://ufcstats.com/fighter-details/791c8437b341fba5
b07f14fc0e53f8bd,Kaik,Brito,,http://ufcstats.com/fighter-details/b07f14fc0e53f8bd
06dd61c8d545c63f,Icaro,Brito,,http://ufcstats.com/fighter-details/06dd61c8d545c63f
2833f50b20e96e52,Antwain,Britt,The Juggernaut,http://ufcstats.com/fighter-details/2833f50b20e96e52
aa571d75f80fde7d,Drew,Brokenshire,,http://ufcstats.com/fighter-details/aa571d75f80fde7d
df3c39573d01f55b,Mike,Bronzoulis,The Greek,http://ufcstats.com/fighter-details/df3c39573d01f55b
b0a6124751a56bc4,Jonathan,Brookins,,http://ufcstats.com/fighter-details/b0a6124751a56bc4
b6e6c3b1dcaae0a1,Will,Brooks,Ill,http://ufcstats.com/fighter-details/b6e6c3b1dcaae0a1
81d9df19e255b8b6,Jarred,Brooks,The Monkey God,http://ufcstats.com/fighter-details/81d9df19e255b8b6
a7d687e6ecb30981,Rob,Broughton,The Bear,http://ufcstats.com/fighter-details/a7d687e6ecb30981
0974d8d4053a7237,Lee,Brousseau,Manimal,http://ufcstats.com/fighter-details/0974d8d4053a7237
31123249b0bbf52e,Matt,Brown,The Immortal,http://ufcstats.com/fighter-details/31123249b0bbf52e
e0b74df14f52cd15,Mike,Brown,,http://ufcstats.com/fighter-details/e0b74df14f52cd15
52b3ec072ad497a4,Dominic,Brown,,http://ufcstats.com/fighter-details/52b3ec072ad497a4
9b68bf67c5695185,Todd,Brown,Bulldog,http://ufcstats.com/fighter-details/9b68bf67c5695185
85df85a4e276c90e,Terrell,Brown,,http://ufcstats.com/fighter-details/85df85a4e276c90e
9e2624ac992660c6,Chris,Brown,,http://ufcstats.com/fighter-details/9e2624ac992660c6
880c6b788266a3ef,Frederick,Brown,,http://ufcstats.com/fighter-details/880c6b788266a3ef
c6aee362c7a7d482,Randy,Brown,Rudeboy,http://ufcstats.com/fighter-details/c6aee362c7a7d482
d024ed963e8bf7ea,Damien,Brown,Beatdown,http://ufcstats.com/fighter-details/d024ed963e8bf7ea
d31cbcdd7d69536d,TJ,Brown,Downtown,http://ufcstats.com/fighter-details/d31cbcdd7d69536d
e9e7e1c8ff289e1b,Humberto,Brown Morrison,,http://ufcstats.com/fighter-details/e9e7e1c8ff289e1b
3236bf606fe9fa5b,Travis,Browne,Hapa,http://ufcstats.com/fighter-details/3236bf606fe9fa5b
d74cba8566291bfa,Junie,Browning,,http://ufcstats.com/fighter-details/d74cba8566291bfa
d1dcd4e96464a53d,Jules,Bruchez,,http://ufcstats.com/fighter-details/d1dcd4e96464a53d
5f8e00c27b7e7410,Justin,Bruckmann,Loaf,http://ufcstats.com/fighter-details/5f8e00c27b7e7410
f14f644d41ade29f,Cody,Brundage,,http://ufcstats.com/fighter-details/f14f644d41ade29f
2f3f12002564bb55,Steve,Bruno,Hollywood,http://ufcstats.com/fighter-details/2f3f12002564bb55
b8c0f30ee9a98b69,Fernando,Bruno,Acougueiro,http://ufcstats.com/fighter-details/b8c0f30ee9a98b69
b1a3e0aca758b322,Derek,Brunson,The One,http://ufcstats.com/fighter-details/b1a3e0aca758b322
01f022fa494188e2,Josh,Bryant,The Beast,http://ufcstats.com/fighter-details/01f022fa494188e2
3b17353b8002c7d0,Dennis,Bryant,The Beard,http://ufcstats.com/fighter-details/3b17353b8002c7d0
f96856f9d69fd7e4,Robert,Bryczek,,http://ufcstats.com/fighter-details/f96856f9d69fd7e4
0c25d0a5e8cdbf19,Lukasz,Brzeski,The Bull,http://ufcstats.com/fighter-details/0c25d0a5e8cdbf19
095854a135e6db55,Marcus,Buchecha,,http://ufcstats.com/fighter-details/095854a135e6db55
231926533134ec1f,Justin,Buchholz,,http://ufcstats.com/fighter-details/231926533134ec1f
6bbb8dc6e128779e,Zak,Bucia,,http://ufcstats.com/fighter-details/6bbb8dc6e128779e
3feed7d02711d8b7,Courtney,Buck,,http://ufcstats.com/fighter-details/3feed7d02711d8b7
b9437600497350f3,Joaquin,Buckley,New Mansa,http://ufcstats.com/fighter-details/b9437600497350f3
8eb046f83e82bf26,Martin,Buday,Badys,http://ufcstats.com/fighter-details/8eb046f83e82bf26
dcdc4503b9d49977,Julia,Budd,,http://ufcstats.com/fighter-details/dcdc4503b9d49977
a817e238b2747404,Dylan,Budka,The Mindless Hulk,http://ufcstats.com/fighter-details/a817e238b2747404
b98209144b63ae26,Mike,Budnik,,http://ufcstats.com/fighter-details/b98209144b63ae26
a72d260b436924c4,Francisco,Bueno,,http://ufcstats.com/fighter-details/a72d260b436924c4
cc8c623cca88f54f,Mayra,Bueno Silva,Sheetara,http://ufcstats.com/fighter-details/cc8c623cca88f54f
f0abbb6f3444dae7,Paul,Buentello,The Headhunter,http://ufcstats.com/fighter-details/f0abbb6f3444dae7
476fe566d2df676e,Modestas,Bukauskas,The Baltic Gladiator,http://ufcstats.com/fighter-details/476fe566d2df676e
c0342805a1948cbb,Lee Kwan,Bum,,http://ufcstats.com/fighter-details/c0342805a1948cbb
9900ab86a4c458bd,Josh,Bumgarner,,http://ufcstats.com/fighter-details/9900ab86a4c458bd
6e9af164ab91a229,Shawn,Bunch,Bunch the Great,http://ufcstats.com/fighter-details/6e9af164ab91a229
53c10176e3bc7416,Felipe,Bunes,Felipinho,http://ufcstats.com/fighter-details/53c10176e3bc7416
98d961097baaf308,Shane,Burgos,Hurricane,http://ufcstats.com/fighter-details/98d961097baaf308
6da99156486ed6c2,Joshua,Burkman,The People's Warrior,http://ufcstats.com/fighter-details/6da99156486ed6c2
dadd80ef954e54ed,Justin,Burlinson,,http://ufcstats.com/fighter-details/dadd80ef954e54ed
69f01b25dfabaf6b,Mads,Burnell,,http://ufcstats.com/fighter-details/69f01b25dfabaf6b
4c805f5f58a75df0,Mikey,Burnett,The Eastside Assassin,http://ufcstats.com/fighter-details/4c805f5f58a75df0
a6d8bfe9e0c8153b,Kevin,Burns,The Fire,http://ufcstats.com/fighter-details/a6d8bfe9e0c8153b
23024fdfc966410a,Gilbert,Burns,Durinho,http://ufcstats.com/fighter-details/23024fdfc966410a
1e092415a7eeaf65,Josh,Burns,The Hammer,http://ufcstats.com/fighter-details/1e092415a7eeaf65
4f140403000158b5,Herbert,Burns,The Blaze,http://ufcstats.com/fighter-details/4f140403000158b5
2213330f082f82d5,Derrick,Burnsed,,http://ufcstats.com/fighter-details/2213330f082f82d5
2c64c035485906aa,Nah-Shon,Burrell,The Rock n Rolla,http://ufcstats.com/fighter-details/2c64c035485906aa
8fc30d8cebb17116,Martin,Buschkamp,,http://ufcstats.com/fighter-details/8fc30d8cebb17116
f0c779dc2ca3816c,George,Bush,,http://ufcstats.com/fighter-details/f0c779dc2ca3816c
132505067f08c54d,Bubba,Bush,The Fightin' Texas Aggie,http://ufcstats.com/fighter-details/132505067f08c54d
3033c1c080672475,Dakota,Bush,,http://ufcstats.com/fighter-details/3033c1c080672475
85d905f7c4f5a1af,Murilo,Bustamante,,http://ufcstats.com/fighter-details/85d905f7c4f5a1af
51b1ca2a4b064101,Nick,Bustamante,,http://ufcstats.com/fighter-details/51b1ca2a4b064101
f273f1b8df04c8a1,Eduardo,Bustillos,,http://ufcstats.com/fighter-details/f273f1b8df04c8a1
30e39145fec48d25,Jason,Butcher,,http://ufcstats.com/fighter-details/30e39145fec48d25
3fed746acfd026dd,Todd,Butler,,http://ufcstats.com/fighter-details/3fed746acfd026dd
e2d5072048b825b1,Goldman,Butler,,http://ufcstats.com/fighter-details/e2d5072048b825b1
6b8fd98eb52363d1,Ian,Butler,,http://ufcstats.com/fighter-details/6b8fd98eb52363d1
f941505e35fb1eae,Raphael,Butler,The Silencer,http://ufcstats.com/fighter-details/f941505e35fb1eae
a75a48bfe776b2c2,Jesse,Butler,,http://ufcstats.com/fighter-details/a75a48bfe776b2c2
0b362247806341e5,JP,Buys,Young Savage,http://ufcstats.com/fighter-details/0b362247806341e5
c4d039123e62f6a9,Dennis,Buzukja,The Great,http://ufcstats.com/fighter-details/c4d039123e62f6a9
76ee3d666c648f6b,Charles,Byrd,Kid Dynamite,http://ufcstats.com/fighter-details/76ee3d666c648f6b
43612456979e5d5e,Steve,Byrnes,The Sergeant,http://ufcstats.com/fighter-details/43612456979e5d5e
87f0b37f153cf497,Michael,Byrnes,,http://ufcstats.com/fighter-details/87f0b37f153cf497
7cdd3e5d3aa9cb39,Yan,Cabral,,http://ufcstats.com/fighter-details/7cdd3e5d3aa9cb39
601f8439a0277670,Juan,Cabrera,Papi Juancho,http://ufcstats.com/fighter-details/601f8439a0277670
ce7871949b0ed2bf,Alvin,Cacdac,,http://ufcstats.com/fighter-details/ce7871949b0ed2bf
7aa3d6964eff4877,Alex,Caceres,Bruce Leeroy,http://ufcstats.com/fighter-details/7aa3d6964eff4877
ed2a8cc402173781,Vince,Cachero,The Anomaly,http://ufcstats.com/fighter-details/ed2a8cc402173781
b1e5bcaad32a3cac,Priscila,Cachoeira,Zombie Girl,http://ufcstats.com/fighter-details/b1e5bcaad32a3cac
90d28fee0af74f2d,Travis,Calanoc,The Dark Knight,http://ufcstats.com/fighter-details/90d28fee0af74f2d
800feaa25700a85f,Ricky,Calatayud,,http://ufcstats.com/fighter-details/800feaa25700a85f
8661578c8bb80f51,Lucas,Caldas,,http://ufcstats.com/fighter-details/8661578c8bb80f51
7d4d7583df7eebf9,Carlos,Calderon,Chief,http://ufcstats.com/fighter-details/7d4d7583df7eebf9
b7dc25ee40ee8334,Darrion,Caldwell,The Wolf,http://ufcstats.com/fighter-details/b7dc25ee40ee8334
fc0a4053eb8a3a59,Nicolle,Caliari,,http://ufcstats.com/fighter-details/fc0a4053eb8a3a59
53d471e9bf5f2fc8,Taylor,Callens,,http://ufcstats.com/fighter-details/53d471e9bf5f2fc8
98215d037be5bcb7,Cynthia,Calvillo,,http://ufcstats.com/fighter-details/98215d037be5bcb7
dfb965c9824425db,Joe,Camacho,,http://ufcstats.com/fighter-details/dfb965c9824425db
764342d39cdaa54a,Frank,Camacho,The Crank,http://ufcstats.com/fighter-details/764342d39cdaa54a
71d25689f70e4036,Lucas,Camacho,,http://ufcstats.com/fighter-details/71d25689f70e4036
72f890c5d421e705,Matheus,Camilo,Jaguar,http://ufcstats.com/fighter-details/72f890c5d421e705
7abe471b61725980,Fabricio,Camoes,Morango,http://ufcstats.com/fighter-details/7abe471b61725980
6c2030e0a143a94b,Chris,Camozzi,,http://ufcstats.com/fighter-details/6c2030e0a143a94b
1999ffb5cebc314f,Brian,Camozzi,Mantis,http://ufcstats.com/fighter-details/1999ffb5cebc314f
4a99978a0366bb29,Ricky,Camp,2 Slick,http://ufcstats.com/fighter-details/4a99978a0366bb29
f5585e675af7afd4,Mike,Campbell,The Beast,http://ufcstats.com/fighter-details/f5585e675af7afd4
d060014a5a039829,Thomas,Campbell,,http://ufcstats.com/fighter-details/d060014a5a039829
784285b7ae7dd85f,Shane,Campbell,Shaolin,http://ufcstats.com/fighter-details/784285b7ae7dd85f
b39f7a6c2be17ee8,Charlie,Campbell,The Cannibal,http://ufcstats.com/fighter-details/b39f7a6c2be17ee8
903ef36a6adc09a3,Kitt,Campbell,The Killer,http://ufcstats.com/fighter-details/903ef36a6adc09a3
9d51798e61f2e0c7,Kurtis,Campbell,The Pink Panther,http://ufcstats.com/fighter-details/9d51798e61f2e0c7
31bbd46d57dfbcb7,John,Campetella,,http://ufcstats.com/fighter-details/31bbd46d57dfbcb7
db6d5f691aea3fd3,Wagner,Campos,Galeto,http://ufcstats.com/fighter-details/db6d5f691aea3fd3
aa8dc72b3a1f761c,Derek,Campos,The Stallion,http://ufcstats.com/fighter-details/aa8dc72b3a1f761c
901cddcbfa079097,Will,Campuzano,,http://ufcstats.com/fighter-details/901cddcbfa079097
c2a670b22d2e196f,Aleksa,Camur,,http://ufcstats.com/fighter-details/c2a670b22d2e196f
32be4b7f7de1c905,Chico,Camus,The King,http://ufcstats.com/fighter-details/32be4b7f7de1c905
2a7afe14b3a0a058,Asbel,Cancio,,http://ufcstats.com/fighter-details/2a7afe14b3a0a058
760a55d5b6098cbe,Carlos,Candelario,The Cannon,http://ufcstats.com/fighter-details/760a55d5b6098cbe
23fbe02caabcd214,Ronaldo,Candido,Pacman,http://ufcstats.com/fighter-details/23fbe02caabcd214
24b033b3daf1c9df,Luiz,Cane,Banha,http://ufcstats.com/fighter-details/24b033b3daf1c9df
d05412b513b19621,Guido,Cannetti,Ninja,http://ufcstats.com/fighter-details/d05412b513b19621
13a0275fa13c4d26,Jared,Cannonier,The Killa Gorilla,http://ufcstats.com/fighter-details/13a0275fa13c4d26
03da33a102d9a45f,Jose,Canseco,,http://ufcstats.com/fighter-details/03da33a102d9a45f
23100e8f71f25a4a,Cody,Canterbury,,http://ufcstats.com/fighter-details/23100e8f71f25a4a
6750e338922a099d,Bo,Cantrell,Redrum,http://ufcstats.com/fighter-details/6750e338922a099d
f1f9e48a0d150757,Steve,Cantwell,The Robot,http://ufcstats.com/fighter-details/f1f9e48a0d150757
83b8fe74224dd642,Paul,Capaldo,,http://ufcstats.com/fighter-details/83b8fe74224dd642
bd81a97864acf098,Phil,Caracappa,The Hitman,http://ufcstats.com/fighter-details/bd81a97864acf098
44f9c777fed7ca03,Frank,Caracci,,http://ufcstats.com/fighter-details/44f9c777fed7ca03
899eaba48fa864a6,Gina,Carano,Conviction,http://ufcstats.com/fighter-details/899eaba48fa864a6
155a02a8b4311057,Dos,Caras Jr.,,http://ufcstats.com/fighter-details/155a02a8b4311057
5ef0088c1b19beeb,Bryan,Caraway,Kid Lightning,http://ufcstats.com/fighter-details/5ef0088c1b19beeb
e5512a6aed150d8f,Remo,Cardarelli,,http://ufcstats.com/fighter-details/e5512a6aed150d8f
f6a7b02c42e9fc5b,Phil,Cardella,,http://ufcstats.com/fighter-details/f6a7b02c42e9fc5b
99a86b134dccc166,Edgar,Cardenas,Kitty Katt,http://ufcstats.com/fighter-details/99a86b134dccc166
b2e3aca4cd363477,Chris,Cariaso,Kamikaze,http://ufcstats.com/fighter-details/b2e3aca4cd363477
cbd022eaf2ac546a,Ronald,Carillo,,http://ufcstats.com/fighter-details/cbd022eaf2ac546a
08a7080ff5904661,Rafael,Carino,,http://ufcstats.com/fighter-details/08a7080ff5904661
f59a6de8a5dfe297,Don,Carlo-Clauss,,http://ufcstats.com/fighter-details/f59a6de8a5dfe297
52e76bb4b3e852f3,Antonio,Carlos Junior,Cara de Sapato,http://ufcstats.com/fighter-details/52e76bb4b3e852f3
be68b375707dcb85,Spike,Carlyle,Alpha Ginger,http://ufcstats.com/fighter-details/be68b375707dcb85
3591d0d5d382a381,Francis,Carmont,Limitless,http://ufcstats.com/fighter-details/3591d0d5d382a381
51a0c09cbe9b8472,Liz,Carmouche,Girlrilla,http://ufcstats.com/fighter-details/51a0c09cbe9b8472
1c86754617d9813a,Roan,Carneiro,Jucao,http://ufcstats.com/fighter-details/1c86754617d9813a
c0d5c0c95c59050b,Ariane,Carnelossi,Sorriso,http://ufcstats.com/fighter-details/c0d5c0c95c59050b
528b071cf3da7c56,Luana,Carolina,Dread,http://ufcstats.com/fighter-details/528b071cf3da7c56
b80ea4880f25c187,Tim,Caron,The Bear,http://ufcstats.com/fighter-details/b80ea4880f25c187
b62d5280966b2460,Clayton,Carpenter,,http://ufcstats.com/fighter-details/b62d5280966b2460
89ed44801968b8e3,Gabriel,Carrasco,,http://ufcstats.com/fighter-details/89ed44801968b8e3
9346efb4bbaedd08,Cody,Carrillo,,http://ufcstats.com/fighter-details/9346efb4bbaedd08
064b7dc68d786254,Cain,Carrizosa,The Insane,http://ufcstats.com/fighter-details/064b7dc68d786254
572a89dbe1f76761,Roger,Carroll,The Leprechaun,http://ufcstats.com/fighter-details/572a89dbe1f76761
0d49ddc07bd8c747,Jonny,Carson,,http://ufcstats.com/fighter-details/0d49ddc07bd8c747
1e3302f9ab6f549a,Scott,Carson,,http://ufcstats.com/fighter-details/1e3302f9ab6f549a
7b6e40a73b567072,Shonie,Carter,Mr. International,http://ufcstats.com/fighter-details/7b6e40a73b567072
1f592bfefb0d62a3,Jack,Cartwright,,http://ufcstats.com/fighter-details/1f592bfefb0d62a3
456c02115efc4a01,Bruno,Carvalho,,http://ufcstats.com/fighter-details/456c02115efc4a01
fef3d17e27e916e7,Antonio,Carvalho,Pato,http://ufcstats.com/fighter-details/fef3d17e27e916e7
620d8710e89cfeae,Rafael,Carvalho,,http://ufcstats.com/fighter-details/620d8710e89cfeae
68dd7b3783c19f9c,Shane,Carwin,The Engineer,http://ufcstats.com/fighter-details/68dd7b3783c19f9c
1f4b04a926ef1287,Johnny,Case,Hollywood,http://ufcstats.com/fighter-details/1f4b04a926ef1287
8d9586726252dbf7,Kevin,Casey,King,http://ufcstats.com/fighter-details/8d9586726252dbf7
5f179af5fffeb9f6,Cortney,Casey,Cast Iron,http://ufcstats.com/fighter-details/5f179af5fffeb9f6
3993f7dcb7caf42a,Brandon,Cash,Money,http://ufcstats.com/fighter-details/3993f7dcb7caf42a
ec7ac09293d26c05,Bendy,Casimir,,http://ufcstats.com/fighter-details/ec7ac09293d26c05
31c01fbc2586a5eb,Dwayne,Cason,,http://ufcstats.com/fighter-details/31c01fbc2586a5eb
2b1c6f28039efe36,Joe,Cason,,http://ufcstats.com/fighter-details/2b1c6f28039efe36
5fa2974cbd18e05c,John,Castaneda,Sexi Mexi,http://ufcstats.com/fighter-details/5fa2974cbd18e05c
a0a69dc9914ef6e1,Eric,Castile,,http://ufcstats.com/fighter-details/a0a69dc9914ef6e1
31ceaf0e670c1578,Gil,Castillo,,http://ufcstats.com/fighter-details/31ceaf0e670c1578
d1e7fc58d4225cdf,Danny,Castillo,Last Call,http://ufcstats.com/fighter-details/d1e7fc58d4225cdf
feeae92f951f49a9,Raul,Castillo,,http://ufcstats.com/fighter-details/feeae92f951f49a9
e680418329c84ec4,Jenna,Castillo,,http://ufcstats.com/fighter-details/e680418329c84ec4
6ca68b636fbc1f18,Tim,Catalfo,Obake,http://ufcstats.com/fighter-details/6ca68b636fbc1f18
f8fe2053d73d7bcf,Nick,Catone,The Jersey Devil,http://ufcstats.com/fighter-details/f8fe2053d73d7bcf
68d76fd9ecf7431d,Luke,Caudillo,Lil' Hulk,http://ufcstats.com/fighter-details/68d76fd9ecf7431d
2a74bbba57058f12,Gesias,Cavalcante,JZ,http://ufcstats.com/fighter-details/2a74bbba57058f12
5c1ca0c72b599a3c,Rafael,Cavalcante,Feijao,http://ufcstats.com/fighter-details/5c1ca0c72b599a3c
e3964ece586e0635,Jacqueline,Cavalcanti,,http://ufcstats.com/fighter-details/e3964ece586e0635
9c3de7f8966326de,Igor,Cavalcanti,Jacare,http://ufcstats.com/fighter-details/9c3de7f8966326de
0e21976afc92e4d1,Magnus,Cedenblad,Jycken,http://ufcstats.com/fighter-details/0e21976afc92e4d1
3e61082025db8137,Yosdenis,Cedeno,Pink Panther,http://ufcstats.com/fighter-details/3e61082025db8137
056c493bbd76a918,Henry,Cejudo,Triple C,http://ufcstats.com/fighter-details/056c493bbd76a918
b27b8881d7444114,Adam,Cella,El Naturel,http://ufcstats.com/fighter-details/b27b8881d7444114
f21a152aaa3e95c6,Vinicius,Cenci,Chambinho,http://ufcstats.com/fighter-details/f21a152aaa3e95c6
e872e9a9a902c045,Katlyn,Cerminara,Blonde Fighter,http://ufcstats.com/fighter-details/e872e9a9a902c045
09a4447655fd4b7b,Rafael,Cerqueira,The Lion,http://ufcstats.com/fighter-details/09a4447655fd4b7b
1d00756835ca67c9,Donald,Cerrone,Cowboy,http://ufcstats.com/fighter-details/1d00756835ca67c9
fdf59144e535bc38,Jared,Chaffee,,http://ufcstats.com/fighter-details/fdf59144e535bc38
9ccf8371fd80d45d,Luan,Chagas,Tarzan,http://ufcstats.com/fighter-details/9ccf8371fd80d45d
5ef94841c4bc3f86,Edgar,Chairez,Puro Chicali,http://ufcstats.com/fighter-details/5ef94841c4bc3f86
7342fcc41a4817fa,Ansar,Chalangov,,http://ufcstats.com/fighter-details/7342fcc41a4817fa
26b63bc5c0c1f65d,Alex,Chambers,Astro Girl,http://ufcstats.com/fighter-details/26b63bc5c0c1f65d
4b93a88f3b1de35b,Michael,Chandler,Iron,http://ufcstats.com/fighter-details/4b93a88f3b1de35b
af9efbfd63d39734,Chelsea,Chandler,,http://ufcstats.com/fighter-details/af9efbfd63d39734
8788beb528894f33,Donnie,Chappell,,http://ufcstats.com/fighter-details/8788beb528894f33
19ffeb5e3fffd6d5,Joe,Charles,The Ghetto Man,http://ufcstats.com/fighter-details/19ffeb5e3fffd6d5
32a4f1235f0dad73,Dan,Charles,The Man,http://ufcstats.com/fighter-details/32a4f1235f0dad73
5b03b61f9d90125e,Morgan,Charriere,The Last Pirate,http://ufcstats.com/fighter-details/5b03b61f9d90125e
8061a3136026a673,Jeisla,Chaves,A Braba,http://ufcstats.com/fighter-details/8061a3136026a673
b406da701c479076,Ernest,Chavez,EJ,http://ufcstats.com/fighter-details/b406da701c479076
84e8920e59ff14a7,Emilio,Chavez,,http://ufcstats.com/fighter-details/84e8920e59ff14a7
0de720c0f1d4ab9c,Danny,Chavez,The Colombian Warrior,http://ufcstats.com/fighter-details/0de720c0f1d4ab9c
9c5f7d5c6d084b35,Gabriel,Checco,Zangief,http://ufcstats.com/fighter-details/9c5f7d5c6d084b35
d8d7b24d276c8cb0,Albert,Cheng,,http://ufcstats.com/fighter-details/d8d7b24d276c8cb0
78a68f1dade6aaf7,Fabio,Cherant,Water Buffalo,http://ufcstats.com/fighter-details/78a68f1dade6aaf7
c713a845360d604b,Ion,Cherdivara,,http://ufcstats.com/fighter-details/c713a845360d604b
79a193111e3bc99b,Mark,Cherico,The Pride of Bloomfield,http://ufcstats.com/fighter-details/79a193111e3bc99b
9cdd2da1a9104a0b,Macy,Chiasson,,http://ufcstats.com/fighter-details/9cdd2da1a9104a0b
c58f51dedb310998,Michael,Chiesa,Maverick,http://ufcstats.com/fighter-details/c58f51dedb310998
9560ff14eb3129f7,Giga,Chikadze,Ninja,http://ufcstats.com/fighter-details/9560ff14eb3129f7
767755fd74662dbf,Khamzat,Chimaev,Borz,http://ufcstats.com/fighter-details/767755fd74662dbf
9f7787e56a6bc0f4,Sako,Chivitchian,,http://ufcstats.com/fighter-details/9f7787e56a6bc0f4
371a1c91b24dec2b,Mu Bae,Choi,,http://ufcstats.com/fighter-details/371a1c91b24dec2b
2c104b7e59a72629,Hong Man,Choi,Techno Goliath,http://ufcstats.com/fighter-details/2c104b7e59a72629
e93b04e308913c2e,Dooho,Choi,The Korean Superboy,http://ufcstats.com/fighter-details/e93b04e308913c2e
a68575214ecad140,SeungWoo,Choi,Sting,http://ufcstats.com/fighter-details/a68575214ecad140
adccbc19b22e19af,SeungGuk,Choi,,http://ufcstats.com/fighter-details/adccbc19b22e19af
3be16d817b36098b,DongHun,Choi,,http://ufcstats.com/fighter-details/3be16d817b36098b
001eb2ab0f30e7ea,Mark,Choinski,The Shark,http://ufcstats.com/fighter-details/001eb2ab0f30e7ea
03c9994c5b8958ec,John,Cholish,,http://ufcstats.com/fighter-details/03c9994c5b8958ec
55a7b2d4e54ffac9,Ryo,Chonan,Piranah,http://ufcstats.com/fighter-details/55a7b2d4e54ffac9
db5dc7cb80d7d418,Will,Chope,The Kill,http://ufcstats.com/fighter-details/db5dc7cb80d7d418
3c4320a1b6106611,Cody,Chovancek,,http://ufcstats.com/fighter-details/3c4320a1b6106611
2d447cc91bdaa545,Joachim,Christensen,,http://ufcstats.com/fighter-details/2d447cc91bdaa545
7e9b36a9847db116,Kevin,Christian,,http://ufcstats.com/fighter-details/7e9b36a9847db116
b369533a577fa97c,Dan,Christison,The Sandman,http://ufcstats.com/fighter-details/b369533a577fa97c
4f11e9ce318ffbcb,Anthony,Christodoulou,,http://ufcstats.com/fighter-details/4f11e9ce318ffbcb
d4a12dfa4067742f,Murad,Chunkaiev,,http://ufcstats.com/fighter-details/d4a12dfa4067742f
f197ce0cbe69996d,Cameron,Church,,http://ufcstats.com/fighter-details/f197ce0cbe69996d
eaebaa6801338ea1,Steven,Ciaccio,Stryker,http://ufcstats.com/fighter-details/eaebaa6801338ea1
51b0bb73a1da34bc,Mike,Ciesnolevicz,,http://ufcstats.com/fighter-details/51b0bb73a1da34bc
2244d9a2b64b8c3b,Hannah,Cifers,Shockwave,http://ufcstats.com/fighter-details/2244d9a2b64b8c3b
4e5bbc4566049cbf,Branko,Cikatic,,http://ufcstats.com/fighter-details/4e5bbc4566049cbf
3f3550bf126a5721,Nikolajus,Cilkinas,,http://ufcstats.com/fighter-details/3f3550bf126a5721
67f272324a030d00,Misha,Cirkunov,,http://ufcstats.com/fighter-details/67f272324a030d00
42611508ba8c3298,Johnny,Cisneros,The Tattooed Terror,http://ufcstats.com/fighter-details/42611508ba8c3298
1c2f2571b18791b6,Laverne,Clark,,http://ufcstats.com/fighter-details/1c2f2571b18791b6
6776260cb0aef647,Logan,Clark,,http://ufcstats.com/fighter-details/6776260cb0aef647
69108cb8b32efe04,Mychal,Clark,,http://ufcstats.com/fighter-details/69108cb8b32efe04
8a64b3f87ad29d1e,Dominic,Clark,,http://ufcstats.com/fighter-details/8a64b3f87ad29d1e
dd4c16777fb2ccf9,Heather,Clark,Hurricane,http://ufcstats.com/fighter-details/dd4c16777fb2ccf9
cc7040fe76f0ef91,Devin,Clark,Brown Bear,http://ufcstats.com/fighter-details/cc7040fe76f0ef91
6c8072b61c276e67,Jessica-Rose,Clark,,http://ufcstats.com/fighter-details/6c8072b61c276e67
7ae36b3791e0969a,Shannon,Clark,MMA Barbie,http://ufcstats.com/fighter-details/7ae36b3791e0969a
a77c71a574132188,John,Clarke,,http://ufcstats.com/fighter-details/a77c71a574132188
c76ec2bc3a57666a,Mitch,Clarke,Danger Zone,http://ufcstats.com/fighter-details/c76ec2bc3a57666a
7d21de9c6d7c98b2,Rich,Clementi,No Love,http://ufcstats.com/fighter-details/7d21de9c6d7c98b2
e5ecaf884b6da2bc,Chris,Clements,The Menace,http://ufcstats.com/fighter-details/e5ecaf884b6da2bc
8e32bfcff3ec1717,RJ,Clifford,,http://ufcstats.com/fighter-details/8e32bfcff3ec1717
60098849c703e389,Mark,Climaco,,http://ufcstats.com/fighter-details/60098849c703e389
48e96d9cea6d4ab0,Josh,Clopton,The Gentleman,http://ufcstats.com/fighter-details/48e96d9cea6d4ab0
3138fab619faf4d1,Brian,Cobb,,http://ufcstats.com/fighter-details/3138fab619faf4d1
dc6d8256ee3dfba5,Darryl,Cobb,,http://ufcstats.com/fighter-details/dc6d8256ee3dfba5
6dbb1107de9a4a08,Dave,Cochran,,http://ufcstats.com/fighter-details/6dbb1107de9a4a08
8fa7e0bc052185ce,Dakota,Cochrane,,http://ufcstats.com/fighter-details/8fa7e0bc052185ce
0b77a05bcbd2de74,Marloes,Coenen,,http://ufcstats.com/fighter-details/0b77a05bcbd2de74
e90d9d0681270953,Marc,Cofer,,http://ufcstats.com/fighter-details/e90d9d0681270953
8b260672a21d1fd6,John,Cofer,The Potter,http://ufcstats.com/fighter-details/8b260672a21d1fd6
a0c29b13f7a5df32,Chris,Coggins,,http://ufcstats.com/fighter-details/a0c29b13f7a5df32
dbac0a413af64bbe,Felipe,Colares,Cabocao,http://ufcstats.com/fighter-details/dbac0a413af64bbe
2eab7a6c8b0ed8cc,Wayne,Cole,,http://ufcstats.com/fighter-details/2eab7a6c8b0ed8cc
1174782eacde9b0c,Devin,Cole,,http://ufcstats.com/fighter-details/1174782eacde9b0c
cecd72feb0d640e3,Coltin,Cole,,http://ufcstats.com/fighter-details/cecd72feb0d640e3
987b80f57190d6d0,Ivan,Cole,JP,http://ufcstats.com/fighter-details/987b80f57190d6d0
5d8a9c95af50280a,Chandler,Cole,The Hammer,http://ufcstats.com/fighter-details/5d8a9c95af50280a
21b8a0f5c231096f,Mark,Coleman,The Hammer,http://ufcstats.com/fighter-details/21b8a0f5c231096f
ffb20ae0db47ebe6,Cortez,Coleman,Hollywood,http://ufcstats.com/fighter-details/ffb20ae0db47ebe6
cc900c6a71ed23f3,Clay,Collard,Cassius,http://ufcstats.com/fighter-details/cc900c6a71ed23f3
6b64db453edf4c50,Jamie,Colleen,,http://ufcstats.com/fighter-details/6b64db453edf4c50
92fa1401b7927da3,Jake,Collier,The Prototype,http://ufcstats.com/fighter-details/92fa1401b7927da3
9123c54d0a2b72dd,Christian,Colombo,,http://ufcstats.com/fighter-details/9123c54d0a2b72dd
dfc7f0a2d91ad337,Willian,Colorado,,http://ufcstats.com/fighter-details/dfc7f0a2d91ad337
a85998eb79650b2c,Wes,Combs,The Soldier,http://ufcstats.com/fighter-details/a85998eb79650b2c
a76c07e8e4c76e9a,Rose,Conceicao,,http://ufcstats.com/fighter-details/a76c07e8e4c76e9a
b4ebc1539a08054b,Roque,Conceicao,,http://ufcstats.com/fighter-details/b4ebc1539a08054b
f9f07bb5a43535ed,Carlos,Condit,The Natural Born Killer,http://ufcstats.com/fighter-details/f9f07bb5a43535ed
41e77dc504a192c6,Chris,Condo,,http://ufcstats.com/fighter-details/41e77dc504a192c6
c44530d3969134a3,Jack,Congdon,,http://ufcstats.com/fighter-details/c44530d3969134a3
2ebfbe72ed703925,Tristan,Connelly,Boondock,http://ufcstats.com/fighter-details/2ebfbe72ed703925
d450769115a193c2,Marcos,Conrado Jr.,,http://ufcstats.com/fighter-details/d450769115a193c2
18f5669a92e99d92,Jeremiah,Constant,,http://ufcstats.com/fighter-details/18f5669a92e99d92
06d4eb8123087123,Jonathan,Contrestano,JT,http://ufcstats.com/fighter-details/06d4eb8123087123
1c061eb6e29eaa0a,Bob,Cook,Crazy,http://ufcstats.com/fighter-details/1c061eb6e29eaa0a
3ab0df1ddd5f1dc2,Mike,Cook,,http://ufcstats.com/fighter-details/3ab0df1ddd5f1dc2
e6daf9cdbf0da889,Chad,Cook,,http://ufcstats.com/fighter-details/e6daf9cdbf0da889
fa238ecfd048f7d8,TJ,Cook,,http://ufcstats.com/fighter-details/fa238ecfd048f7d8
5efaaf313b652dd7,Dewey,Cooper,The Black Cobra,http://ufcstats.com/fighter-details/5efaaf313b652dd7
88ffe9745e218dd8,Brett,Cooper,,http://ufcstats.com/fighter-details/88ffe9745e218dd8
78bd6940d093fd33,Bill,Cooper,,http://ufcstats.com/fighter-details/78bd6940d093fd33
1b51895e5572cfda,Bobby,Cooper,Super Duper,http://ufcstats.com/fighter-details/1b51895e5572cfda
d4a31850a7457f1b,Amanda,Cooper,ABC,http://ufcstats.com/fighter-details/d4a31850a7457f1b
ce47f49e5c386a9c,Kit,Cope,Havoc,http://ufcstats.com/fighter-details/ce47f49e5c386a9c
8c8c92a12621d7e0,Chris,Cope,C-Murder,http://ufcstats.com/fighter-details/8c8c92a12621d7e0
3aa794cbe1e3484b,Josh,Copeland,Cuddly Bear,http://ufcstats.com/fighter-details/3aa794cbe1e3484b
2b91eff985b532cd,Michael,Cora,Kookie Monster,http://ufcstats.com/fighter-details/2b91eff985b532cd
3f52ce18fb98008f,Akira,Corassani,,http://ufcstats.com/fighter-details/3f52ce18fb98008f
1f9344211ca7fd60,Muhsin,Corbbrey,,http://ufcstats.com/fighter-details/1f9344211ca7fd60
5e9ca8dd7d783a75,Alden,Coria,Cobra,http://ufcstats.com/fighter-details/5e9ca8dd7d783a75
d967f0128c323de6,Daniel,Cormier,DC,http://ufcstats.com/fighter-details/d967f0128c323de6
f2b3f4ef3f780168,Nora,Cornolle,,http://ufcstats.com/fighter-details/f2b3f4ef3f780168
fe67cd6423f7a8ad,Clint,Coronel,,http://ufcstats.com/fighter-details/fe67cd6423f7a8ad
7cb0946d51b8cde7,Henry,Corrales,,http://ufcstats.com/fighter-details/7cb0946d51b8cde7
673ea7dcc786b1b3,Bethe,Correia,Pitbull,http://ufcstats.com/fighter-details/673ea7dcc786b1b3
4e9fb05d7e5e61b8,Wesley,Correira,Cabbage,http://ufcstats.com/fighter-details/4e9fb05d7e5e61b8
fc08099550072fe4,Waldo,Cortes-Acosta,Salsa Boy,http://ufcstats.com/fighter-details/fc08099550072fe4
68d4a891e5cf2029,Tracy,Cortez,,http://ufcstats.com/fighter-details/68d4a891e5cf2029
1a7d44196949577c,Reyes,Cortez Jr.,,http://ufcstats.com/fighter-details/1a7d44196949577c
1267b631db78665a,Chad,Corvin,The Brave Warrior,http://ufcstats.com/fighter-details/1267b631db78665a
afe8d5b39ff7fca2,Louis,Cosce,,http://ufcstats.com/fighter-details/afe8d5b39ff7fca2
2c010b26a3306969,Orion,Cosce,Galaxy,http://ufcstats.com/fighter-details/2c010b26a3306969
d150c6fbdb7687f4,Miguel,Cosio,,http://ufcstats.com/fighter-details/d150c6fbdb7687f4
222d6b547de2e035,Jadson,Costa,,http://ufcstats.com/fighter-details/222d6b547de2e035
28877eddb1c0b967,Guilherme,Costa,The Prodigy,http://ufcstats.com/fighter-details/28877eddb1c0b967
2e5c2aa8e4ab9d82,Paulo,Costa,The Eraser,http://ufcstats.com/fighter-details/2e5c2aa8e4ab9d82
325ad0dd9126d3df,Randy,Costa,The Zohan,http://ufcstats.com/fighter-details/325ad0dd9126d3df
3fa97913cfd205d3,Alessandro,Costa,Nono,http://ufcstats.com/fighter-details/3fa97913cfd205d3
20bccc9bb4ceb23e,Melquizael,Costa,Melk Cauthy,http://ufcstats.com/fighter-details/20bccc9bb4ceb23e
c41cbb5bf944ca54,Vitor,Costa,,http://ufcstats.com/fighter-details/c41cbb5bf944ca54
f584a6e0b5b74604,Oscar,Cota,Elevation,http://ufcstats.com/fighter-details/f584a6e0b5b74604
9fa3bd637edd9aa2,Patrick,Cote,The Predator,http://ufcstats.com/fighter-details/9fa3bd637edd9aa2
3ec1e4ba98c9c85a,JC,Cottrell,,http://ufcstats.com/fighter-details/3ec1e4ba98c9c85a
8112c9a23dccc759,JR,Coughran,Bam Bam,http://ufcstats.com/fighter-details/8112c9a23dccc759
d1528ac5675558b1,Rashad,Coulter,Daywalker,http://ufcstats.com/fighter-details/d1528ac5675558b1
79ab17db3b40831a,Dave,Courchaine,,http://ufcstats.com/fighter-details/79ab17db3b40831a
0aa92558424ced9e,Randy,Couture,The Natural,http://ufcstats.com/fighter-details/0aa92558424ced9e
84c43f0d25f15b0b,Kim,Couture,Sugar Free,http://ufcstats.com/fighter-details/84c43f0d25f15b0b
46fd223e3ced39b3,Ryan,Couture,,http://ufcstats.com/fighter-details/46fd223e3ced39b3
400c7b43c86d27d3,Nikk,Covert,The Brick,http://ufcstats.com/fighter-details/400c7b43c86d27d3
dc9572dd6ec74859,Colby,Covington,Chaos,http://ufcstats.com/fighter-details/dc9572dd6ec74859
3c26c420584d912d,Hailey,Cowan,All Hail,http://ufcstats.com/fighter-details/3c26c420584d912d
c9bbf1a0285a8076,Jeff,Cox,The Grinder,http://ufcstats.com/fighter-details/c9bbf1a0285a8076
15ec018d144710db,Nathan,Coy,Soulforce,http://ufcstats.com/fighter-details/15ec018d144710db
8a70ceb3edbe757b,Andrew,Craig,Highlight,http://ufcstats.com/fighter-details/8a70ceb3edbe757b
eabf206b162b3b83,Paul,Craig,Bearjew,http://ufcstats.com/fighter-details/eabf206b162b3b83
480b702debcb5433,Dan,Cramer,,http://ufcstats.com/fighter-details/480b702debcb5433
25433871e4eee0f4,Alberto,Crane,,http://ufcstats.com/fighter-details/25433871e4eee0f4
89b8d1bf1ff09d1d,Tim,Credeur,,http://ufcstats.com/fighter-details/89b8d1bf1ff09d1d
ed73c85164a5f5a4,Paul,Creighton,,http://ufcstats.com/fighter-details/ed73c85164a5f5a4
a8c3ce469cb8b130,Helena,Crevar,,http://ufcstats.com/fighter-details/a8c3ce469cb8b130
15dedd05f8bcb475,Alexander,Crispim,,http://ufcstats.com/fighter-details/15dedd05f8bcb475
8944a0f9b2f0ce6d,Alex,Crispin,,http://ufcstats.com/fighter-details/8944a0f9b2f0ce6d
35b3772629e27a49,Kevin,Croom,Crash,http://ufcstats.com/fighter-details/35b3772629e27a49
4729c93ba705a3bf,Kiefer,Crosbie,BDK,http://ufcstats.com/fighter-details/4729c93ba705a3bf
923767209632e08a,Ken,Cross,The Boss,http://ufcstats.com/fighter-details/923767209632e08a
98601a40e9d96047,Jeff,Crotty,,http://ufcstats.com/fighter-details/98601a40e9d96047
a9d6e047ce48ab63,Allen,Crowder,Pretty Boy,http://ufcstats.com/fighter-details/a9d6e047ce48ab63
5f99b2bafb10305f,Daron,Cruickshank,Detroit Superstar,http://ufcstats.com/fighter-details/5f99b2bafb10305f
22ee260735da0d58,Richard,Crunkilton,Cleat,http://ufcstats.com/fighter-details/22ee260735da0d58
70e1f8a821b72c8b,Jimmy,Crute,,http://ufcstats.com/fighter-details/70e1f8a821b72c8b
6aa1cbc1466e9a0b,Marcio,Cruz,Pe de Pano,http://ufcstats.com/fighter-details/6aa1cbc1466e9a0b
10f3ba6cd2f44a97,Dominick,Cruz,The Dominator,http://ufcstats.com/fighter-details/10f3ba6cd2f44a97
003d82fa384ca1d0,Aalon,Cruz,,http://ufcstats.com/fighter-details/003d82fa384ca1d0
0e46690e55a8df75,Timmy,Cuamba,Twilight,http://ufcstats.com/fighter-details/0e46690e55a8df75
683ea28a198936fe,Jay,Cucciniello,,http://ufcstats.com/fighter-details/683ea28a198936fe
3aeb69b4a13ff0e8,Emilio,Cuellar,Show Kid,http://ufcstats.com/fighter-details/3aeb69b4a13ff0e8
6751eacd16bd59bc,Josh,Culibao,Kuya,http://ufcstats.com/fighter-details/6751eacd16bd59bc
e59b13321562eed3,Chris,Culley,,http://ufcstats.com/fighter-details/e59b13321562eed3
2f8f3c69522db931,Abel,Cullum,The Silent Assassin,http://ufcstats.com/fighter-details/2f8f3c69522db931
4ba8d454f762005d,Zak,Cummings,,http://ufcstats.com/fighter-details/4ba8d454f762005d
05e4be525cb3578c,Everett,Cummings,,http://ufcstats.com/fighter-details/05e4be525cb3578c
e51e5cb722bd47a8,Patrick,Cummins,Durkin,http://ufcstats.com/fighter-details/e51e5cb722bd47a8
93ce4ac89e3d7652,Luke,Cummo,,http://ufcstats.com/fighter-details/93ce4ac89e3d7652
46a17755f80f63e8,Hugo,Cunha,Silverback,http://ufcstats.com/fighter-details/46a17755f80f63e8
305bde44ff664788,Alton,Cunningham,The Bo-Man,http://ufcstats.com/fighter-details/305bde44ff664788
d1053e55f00e53fe,AJ,Cunningham,The Savage,http://ufcstats.com/fighter-details/d1053e55f00e53fe
eb49fe2f85ae9526,Tommy,Cuozzi,Little T,http://ufcstats.com/fighter-details/eb49fe2f85ae9526
b8b765e320a8db39,Santo,Curatolo,,http://ufcstats.com/fighter-details/b8b765e320a8db39
46f11d15c0134fe3,Larry,Cureton,,http://ufcstats.com/fighter-details/46f11d15c0134fe3
a8ea84cbe1655f0a,Jeff,Curran,Big Frog,http://ufcstats.com/fighter-details/a8ea84cbe1655f0a
05b43e0ead3df345,Kailin,Curran,,http://ufcstats.com/fighter-details/05b43e0ead3df345
d8291d0dd63da29c,Pat,Curran,Paddy Mike,http://ufcstats.com/fighter-details/d8291d0dd63da29c
b8ff02d5703eca3a,Will,Currie,Drago,http://ufcstats.com/fighter-details/b8ff02d5703eca3a
5442f1bc4b47eaf3,Chris,Curtis,Action-Man,http://ufcstats.com/fighter-details/5442f1bc4b47eaf3
cd13728ae1151f46,Ion,Cutelaba,The Hulk,http://ufcstats.com/fighter-details/cd13728ae1151f46
44a94bbde42246e4,Gleidson,Cutis,Poney,http://ufcstats.com/fighter-details/44a94bbde42246e4
ac45450f75d14f16,Sarah,D'alelio,The Monster,http://ufcstats.com/fighter-details/ac45450f75d14f16
3b6d84343579fd33,Marcos,da Matta,Parrumpinha,http://ufcstats.com/fighter-details/3b6d84343579fd33
b0bd0c5425668b8f,Henrique,da Silva,Frankenstein,http://ufcstats.com/fighter-details/b0bd0c5425668b8f
6551c64fbcd1a467,Ariane,da Silva,Queen of Violence,http://ufcstats.com/fighter-details/6551c64fbcd1a467
c3ded6f7155f9ea4,Alex,Da Silva,Leko,http://ufcstats.com/fighter-details/c3ded6f7155f9ea4
0d68c7bfdff1dc34,Radley,Da Silva,Snake Eyes,http://ufcstats.com/fighter-details/0d68c7bfdff1dc34
3fe8ad7e1594537a,Paulo,Da Silva,PH,http://ufcstats.com/fighter-details/3fe8ad7e1594537a
1f8cd7634e8286ff,Henrique,Da Silva Lopes,Montanha,http://ufcstats.com/fighter-details/1f8cd7634e8286ff
d28bef63e7d8d536,Deni,Daffa,,http://ufcstats.com/fighter-details/d28bef63e7d8d536
9d19d9e4aa2662e8,Nicolas,Dalby,Danish Dynamite,http://ufcstats.com/fighter-details/9d19d9e4aa2662e8
23725c826c481e7f,Paul,Daley,Semtex,http://ufcstats.com/fighter-details/23725c826c481e7f
ddbd0d6259ce57cc,Dave,Dalgliesh,,http://ufcstats.com/fighter-details/ddbd0d6259ce57cc
6cd3dfc54f01287f,Richard,Dalton,,http://ufcstats.com/fighter-details/6cd3dfc54f01287f
e50cd77732d39967,Aisling,Daly,Ais the Bash,http://ufcstats.com/fighter-details/e50cd77732d39967
6e9b5c74c0860deb,Marko,Damiani,,http://ufcstats.com/fighter-details/6e9b5c74c0860deb
acd870570949d8a2,Leonardo,Damiani,Puppy,http://ufcstats.com/fighter-details/acd870570949d8a2
a20d7dfaba74c067,Rodrigo,Damm,,http://ufcstats.com/fighter-details/a20d7dfaba74c067
033343da4c0cff8a,Carina,Damm,Beauty But the Beast,http://ufcstats.com/fighter-details/033343da4c0cff8a
3b0a516d2921e0d6,Batgerel,Danaa,Storm,http://ufcstats.com/fighter-details/3b0a516d2921e0d6
9eef6584fab21fbb,Cindy,Dandois,Battlecat,http://ufcstats.com/fighter-details/9eef6584fab21fbb
5f119b24c0f9679c,Peter,Danesoe,The Asian Viking,http://ufcstats.com/fighter-details/5f119b24c0f9679c
8614b7134913f5d5,Jarjis,Danho,Man Mountain,http://ufcstats.com/fighter-details/8614b7134913f5d5
fccb0fee256b7b4d,Raymond,Daniels,,http://ufcstats.com/fighter-details/fccb0fee256b7b4d
55a80a9365bc107d,Marques,Daniels,,http://ufcstats.com/fighter-details/55a80a9365bc107d
859e0dafd04fe1ca,Anvarbek,Daniyalbekov,,http://ufcstats.com/fighter-details/859e0dafd04fe1ca
8dc46e9a7895ce1a,Alexandre,Dantas,Cafe,http://ufcstats.com/fighter-details/8dc46e9a7895ce1a
676a2e5ec4d7338c,Eduardo,Dantas,Dudu,http://ufcstats.com/fighter-details/676a2e5ec4d7338c
86f582852a5b240a,Mac,Danzig,,http://ufcstats.com/fighter-details/86f582852a5b240a
d2fa318f34d0aadc,Karen,Darabedyan,,http://ufcstats.com/fighter-details/d2fa318f34d0aadc
08af939f41b5a57b,Beneil,Dariush,,http://ufcstats.com/fighter-details/08af939f41b5a57b
a683f9ddb70aa4bd,Sean,Daugherty,,http://ufcstats.com/fighter-details/a683f9ddb70aa4bd
d6c0cdd7e467c440,Kyle,Daukaus,,http://ufcstats.com/fighter-details/d6c0cdd7e467c440
d0aaedcf7ccd0b45,Chris,Daukaus,,http://ufcstats.com/fighter-details/d0aaedcf7ccd0b45
42775dc893603154,Brian,Davidson,,http://ufcstats.com/fighter-details/42775dc893603154
2549d63da9c456cb,Rick,Davis,The Flying Squirrel,http://ufcstats.com/fighter-details/2549d63da9c456cb
b7d524c77c27389b,Marcus,Davis,The Irish Hand Grenade,http://ufcstats.com/fighter-details/b7d524c77c27389b
6dab8ce5e4bffe77,LC,Davis,,http://ufcstats.com/fighter-details/6dab8ce5e4bffe77
902ab9197b83d0db,Phil,Davis,Mr. Wonderful,http://ufcstats.com/fighter-details/902ab9197b83d0db
a993ef2dd36cea5f,Lemont,Davis,,http://ufcstats.com/fighter-details/a993ef2dd36cea5f
c8661e204c66f325,Mike,Davis,,http://ufcstats.com/fighter-details/c8661e204c66f325
20697b334f6c0a45,Justin,Davis,Dangerous,http://ufcstats.com/fighter-details/20697b334f6c0a45
4c2d90e335e6df19,Alexis,Davis,,http://ufcstats.com/fighter-details/4c2d90e335e6df19
570d40f993171b19,Danny,Davis,,http://ufcstats.com/fighter-details/570d40f993171b19
cc351e408bbb7d43,Brandon,Davis,Killer B,http://ufcstats.com/fighter-details/cc351e408bbb7d43
fb3e61720be4690c,Mike,Davis,Beast Boy,http://ufcstats.com/fighter-details/fb3e61720be4690c
2c9d00968f818270,Hakeem,Dawodu,Mean,http://ufcstats.com/fighter-details/2c9d00968f818270
99bd51917728c25d,Grant,Dawson,KGD,http://ufcstats.com/fighter-details/99bd51917728c25d
a6fd2173d5e2d7f0,Jason,Day,Dooms,http://ufcstats.com/fighter-details/a6fd2173d5e2d7f0
ea3dcc417c322064,Martin,Day,The Spartan,http://ufcstats.com/fighter-details/ea3dcc417c322064
4b450aa602611baa,Angel,De Anda,The Dream,http://ufcstats.com/fighter-details/4b450aa602611baa
1eff7bc0f815b270,Yorgan,De Castro,The Mad Titan,http://ufcstats.com/fighter-details/1eff7bc0f815b270
9cfbfae5fa1fdd93,Geraldo,de Freitas,Spartan,http://ufcstats.com/fighter-details/9cfbfae5fa1fdd93
6ef65b6a152e49d5,Philip,De Fries,,http://ufcstats.com/fighter-details/6ef65b6a152e49d5
e51ee8ded927fc51,Chris,de la Rocha,,http://ufcstats.com/fighter-details/e51ee8ded927fc51
80d8aed0ca9b00f3,Montana,De La Rosa,,http://ufcstats.com/fighter-details/80d8aed0ca9b00f3
f57dd0bfa8c17813,Mark,De La Rosa,Bumblebee,http://ufcstats.com/fighter-details/f57dd0bfa8c17813
1971869b7e054261,Mike,de la Torre,El Cucuy,http://ufcstats.com/fighter-details/1971869b7e054261
a4dc47001f202bcd,Rodrigo,de Lima,Monstro,http://ufcstats.com/fighter-details/a4dc47001f202bcd
afdb76fbd86f6d11,Edilberto,de Oliveira,Crocota,http://ufcstats.com/fighter-details/afdb76fbd86f6d11
f9aa6376ae16bfb4,Johil,de Oliveira,,http://ufcstats.com/fighter-details/f9aa6376ae16bfb4
ddf3e0ea10ea6d8c,Jorge,de Oliveira,Blade,http://ufcstats.com/fighter-details/ddf3e0ea10ea6d8c
f14fbb2e55da044c,Jair,De Oliveira,Mamute,http://ufcstats.com/fighter-details/f14fbb2e55da044c
e0f959f65d0406b4,Isabela,de Padua,Belinha,http://ufcstats.com/fighter-details/e0f959f65d0406b4
5dd180c8b3196786,Gloria,de Paula,Glorinha,http://ufcstats.com/fighter-details/5dd180c8b3196786
1d239d571e342453,Germaine,de Randamie,The Iron Lady,http://ufcstats.com/fighter-details/1d239d571e342453
d549cefc7c54ab78,Reinier,de Ridder,RdR,http://ufcstats.com/fighter-details/d549cefc7c54ab78
3746e21bb508391a,Crezio,de Souza,,http://ufcstats.com/fighter-details/3746e21bb508391a
914a897455693650,Carl,Deaton,The Anishinaabe Kid,http://ufcstats.com/fighter-details/914a897455693650
0bcfe2513cb3bc39,Tom,DeBlass,,http://ufcstats.com/fighter-details/0bcfe2513cb3bc39
0e2c2daf11b5d8f2,Issac,DeJesus,,http://ufcstats.com/fighter-details/0e2c2daf11b5d8f2
e82b2adcaeff71ec,Rafael ,Del Real,,http://ufcstats.com/fighter-details/e82b2adcaeff71ec
85980f5da429c0a6,Shane,del Rosario,,http://ufcstats.com/fighter-details/85980f5da429c0a6
a62f85f6a6c19a4c,Wallen,Del Rosario,,http://ufcstats.com/fighter-details/a62f85f6a6c19a4c
70380ccdc81915b8,Yadier,del Valle,The Cuban Problem,http://ufcstats.com/fighter-details/70380ccdc81915b8
d7c4956d61ae76a9,Jose,Delano,Ze,http://ufcstats.com/fighter-details/d7c4956d61ae76a9
bfaf4c87936b4fae,Humberto,DeLeon,,http://ufcstats.com/fighter-details/bfaf4c87936b4fae
37b1696e6d115957,Rolando,Delgado,Roli,http://ufcstats.com/fighter-details/37b1696e6d115957
01f4bcd26ac08ad5,Israel,Delgado,,http://ufcstats.com/fighter-details/01f4bcd26ac08ad5
7d6ceff6747f2de2,Jose,Delgado,,http://ufcstats.com/fighter-details/7d6ceff6747f2de2
7d8435c56043b0ae,Ante,Delija,Walking Trouble,http://ufcstats.com/fighter-details/7d8435c56043b0ae
6b453bc35a823c3f,Jack,Della Maddalena,,http://ufcstats.com/fighter-details/6b453bc35a823c3f
173acb3f920082b8,Roland,Delorme,,http://ufcstats.com/fighter-details/173acb3f920082b8
0d0351c20169a499,Jon,Delos Reyes,The Heat,http://ufcstats.com/fighter-details/0d0351c20169a499
6ceff86fae4f6b3b,Jason,DeLucia,,http://ufcstats.com/fighter-details/6ceff86fae4f6b3b
985bca5a097fb3f4,Justin,DeMoney,,http://ufcstats.com/fighter-details/985bca5a097fb3f4
2c483cf443f38ece,Vanessa,Demopoulos,Lil Monster,http://ufcstats.com/fighter-details/2c483cf443f38ece
dfae5da5676e4194,Chris,Dempsey,,http://ufcstats.com/fighter-details/dfae5da5676e4194
e4aaaa34535e32b6,Nick,Denis,The Ninja of Love,http://ufcstats.com/fighter-details/e4aaaa34535e32b6
a11a6ee8eeb03c18,Thomas,Denny,The Wildman,http://ufcstats.com/fighter-details/a11a6ee8eeb03c18
b72f3cafa6376e35,Robert,Densley,The Wrecker,http://ufcstats.com/fighter-details/b72f3cafa6376e35
fa8b9e6b0c2269f8,Jason,Dent,Dynamite,http://ufcstats.com/fighter-details/fa8b9e6b0c2269f8
7447e9f28508106a,Mackenzie,Dern,,http://ufcstats.com/fighter-details/7447e9f28508106a
f2c91b67f71bbeab,Booker,DeRousse,,http://ufcstats.com/fighter-details/f2c91b67f71bbeab
6ad9058b7c7898b0,Tony,DeSouza,,http://ufcstats.com/fighter-details/6ad9058b7c7898b0
140567899d98978a,Robelis,Despaigne,The Big Boy,http://ufcstats.com/fighter-details/140567899d98978a
48544433372ecfa6,Cory,Devela,The One,http://ufcstats.com/fighter-details/48544433372ecfa6
2bcc39af95d6f2e8,John,Devine,,http://ufcstats.com/fighter-details/2bcc39af95d6f2e8
75bbd2206a15319f,Edwin,DeWees,Babyface,http://ufcstats.com/fighter-details/75bbd2206a15319f
77d7295d1b22c694,Alessio,Di Chirico,Manzo,http://ufcstats.com/fighter-details/77d7295d1b22c694
8126e4dff0cdf69e,Micol,Di Segni,,http://ufcstats.com/fighter-details/8126e4dff0cdf69e
43563a32c3f10e95,Cyrille,Diabate,The Snake,http://ufcstats.com/fighter-details/43563a32c3f10e95
8567466ae167216b,Thomas,Diagne,,http://ufcstats.com/fighter-details/8567466ae167216b
32c355b04fc57f3a,Marc,Diakiese,Bonecrusher,http://ufcstats.com/fighter-details/32c355b04fc57f3a
f5f6419c5f00abad,Tyler,Diamond,,http://ufcstats.com/fighter-details/f5f6419c5f00abad
9edf2c9082cc2cd8,Blood,Diamond,,http://ufcstats.com/fighter-details/9edf2c9082cc2cd8
ee5df903f80c6816,Eldo Xavier,Dias,,http://ufcstats.com/fighter-details/ee5df903f80c6816
b5abaa65f87938eb,Rafael,Dias,,http://ufcstats.com/fighter-details/b5abaa65f87938eb
ed209f6618c82e41,Hacran,Dias,Barnabe,http://ufcstats.com/fighter-details/ed209f6618c82e41
f7202b3130421d27,Victor,Dias,Crazy Horse,http://ufcstats.com/fighter-details/f7202b3130421d27
270e84d8174721d2,Magno,Dias,The Violence,http://ufcstats.com/fighter-details/270e84d8174721d2
33a86e839ad202d8,Luis,Dias de Assis,,http://ufcstats.com/fighter-details/33a86e839ad202d8
f57a8a52ca401ed9,Nick,Diaz,,http://ufcstats.com/fighter-details/f57a8a52ca401ed9
8355922d564b152c,Nate,Diaz,,http://ufcstats.com/fighter-details/8355922d564b152c
5e7a48e469770615,Michael,Diaz,,http://ufcstats.com/fighter-details/5e7a48e469770615
ceee5dd37253199a,Ryan,Diaz,,http://ufcstats.com/fighter-details/ceee5dd37253199a
bfa8f263815cfa2e,Adrian,Diaz,,http://ufcstats.com/fighter-details/bfa8f263815cfa2e
6967153c7edb4d87,Ozzy,Diaz,,http://ufcstats.com/fighter-details/6967153c7edb4d87
2482ef3331a82e75,Mark,Dickman,Tricky,http://ufcstats.com/fighter-details/2482ef3331a82e75
414bddf0c80c41e1,Josh,Diekmann,The Freight Train,http://ufcstats.com/fighter-details/414bddf0c80c41e1
31da66df48c0c1a0,Kyle,Dietz,,http://ufcstats.com/fighter-details/31da66df48c0c1a0
eb42d4febfafefd1,Seth,Dikun,,http://ufcstats.com/fighter-details/eb42d4febfafefd1
c849740a3ff51931,TJ,Dillashaw,,http://ufcstats.com/fighter-details/c849740a3ff51931
b4f7a2d8ecc5e0c3,Ralph,Dillon,Rage,http://ufcstats.com/fighter-details/b4f7a2d8ecc5e0c3
cc2ad11b1f9d818b,Drew,Dimanlig,,http://ufcstats.com/fighter-details/cc2ad11b1f9d818b
e0664abaa023fd6f,Ding,Meng,The Assassin,http://ufcstats.com/fighter-details/e0664abaa023fd6f
2d2239d0f6fa83dd,Rodolfo Marques,Diniz,,http://ufcstats.com/fighter-details/2d2239d0f6fa83dd
25f9a5f3e8a52618,Jhonata,Diniz,,http://ufcstats.com/fighter-details/25f9a5f3e8a52618
73eb2a552c92a821,Helio,Dipp,,http://ufcstats.com/fighter-details/73eb2a552c92a821
ec7f7263bf36579b,Rico,DiSciullo,,http://ufcstats.com/fighter-details/ec7f7263bf36579b
1db445a4468447d0,Matt,Dixon,Magic,http://ufcstats.com/fighter-details/1db445a4468447d0
ad4e9055bf8cd04d,John,Dixson,Big John,http://ufcstats.com/fighter-details/ad4e9055bf8cd04d
7c9aeba0c4d4bd78,Anthony,Do,,http://ufcstats.com/fighter-details/7c9aeba0c4d4bd78
f50d95223751e6ca,Russell,Doane,,http://ufcstats.com/fighter-details/f50d95223751e6ca
519e4fe37ce9ff75,Drew,Dober,,http://ufcstats.com/fighter-details/519e4fe37ce9ff75
122ac9b816d8b71c,Shana,Dobson,Danger,http://ufcstats.com/fighter-details/122ac9b816d8b71c
009c4420727149ea,AJ,Dobson,,http://ufcstats.com/fighter-details/009c4420727149ea
c2a7623f398d9bd7,David,Dodd,,http://ufcstats.com/fighter-details/c2a7623f398d9bd7
99506df1af6c8b3b,John,Dodson,The Magician,http://ufcstats.com/fighter-details/99506df1af6c8b3b
dbaaf42313af90fa,Joe,Doerksen,El Dirte,http://ufcstats.com/fighter-details/dbaaf42313af90fa
29b5791e51e7e832,Mike,Dolce,Skull Cracker,http://ufcstats.com/fighter-details/29b5791e51e7e832
327d5f279895110d,Roman,Dolidze,,http://ufcstats.com/fighter-details/327d5f279895110d
3bbcd63a016d9715,Cameron,Dollar,,http://ufcstats.com/fighter-details/3bbcd63a016d9715
5d7bdab5e03e3216,CB,Dollaway,The Doberman,http://ufcstats.com/fighter-details/5d7bdab5e03e3216
4145caa2c999fbac,Dennis,Dombrow,,http://ufcstats.com/fighter-details/4145caa2c999fbac
1a50e734bb54861a,OJ,Dominguez,,http://ufcstats.com/fighter-details/1a50e734bb54861a
1c610f900f9884ab,John,Donaldson,J.T.,http://ufcstats.com/fighter-details/1c610f900f9884ab
70dd69b6a703257e,Daniil,Donchenko,,http://ufcstats.com/fighter-details/70dd69b6a703257e
bad82b681819b272,Dong,Huaxiang,,http://ufcstats.com/fighter-details/bad82b681819b272
7bc96507e4b38d3b,Cody,Donovan,Donnybrook,http://ufcstats.com/fighter-details/7bc96507e4b38d3b
312f47c3d2f83ffa,Houston,Dorr,,http://ufcstats.com/fighter-details/312f47c3d2f83ffa
6a2f7c151031653d,Rafael,Dos Anjos,,http://ufcstats.com/fighter-details/6a2f7c151031653d
63def5a5662a6917,Junior,Dos Santos,Cigano,http://ufcstats.com/fighter-details/63def5a5662a6917
b51f6791c794e289,Geronimo,dos Santos,Mondragon,http://ufcstats.com/fighter-details/b51f6791c794e289
81b8b3fb019dc69d,Antonio,Dos Santos,Junior Alpha,http://ufcstats.com/fighter-details/81b8b3fb019dc69d
bbc9ab95fa766493,Anderson,Dos Santos,Berinja,http://ufcstats.com/fighter-details/bbc9ab95fa766493
957562fdf68a725a,Acacio,Dos Santos,Pequeno,http://ufcstats.com/fighter-details/957562fdf68a725a
02bb48869eb7ac8f,Rayanne,dos Santos,,http://ufcstats.com/fighter-details/02bb48869eb7ac8f
5cdf5339728f580d,Felipe,dos Santos,Lipe Detona,http://ufcstats.com/fighter-details/5cdf5339728f580d
8ce87f7e3a9baed2,Tiago,dos Santos e Silva,Trator,http://ufcstats.com/fighter-details/8ce87f7e3a9baed2
86cb6f5b1ca98dc0,Oleksandr,Doskalchuk,,http://ufcstats.com/fighter-details/86cb6f5b1ca98dc0
7cf0944b88966118,David,Douglas,Tarzan,http://ufcstats.com/fighter-details/7cf0944b88966118
ce3b669e39418414,Damion,Douglas,,http://ufcstats.com/fighter-details/ce3b669e39418414
640a0f838f057a81,Lerryan,Douglas,Gunslinger,http://ufcstats.com/fighter-details/640a0f838f057a81
5159e6ee100c717e,Cedric,Doumbe,,http://ufcstats.com/fighter-details/5159e6ee100c717e
e780ccc79a209985,John,Dowdy,,http://ufcstats.com/fighter-details/e780ccc79a209985
0d9312337fdce39a,Jordan,Dowdy,,http://ufcstats.com/fighter-details/0d9312337fdce39a
a66395395b5f1394,Danny,Downes,,http://ufcstats.com/fighter-details/a66395395b5f1394
b05086131c6f5dc5,Derek,Downey,,http://ufcstats.com/fighter-details/b05086131c6f5dc5
0509b954421bb327,John,Doyle,The Iron Bull,http://ufcstats.com/fighter-details/0509b954421bb327
f9c7fe2682af3802,Edson,Drago,,http://ufcstats.com/fighter-details/f9c7fe2682af3802
cb4bf812d9cb78b4,Jimmy,Drago,,http://ufcstats.com/fighter-details/cb4bf812d9cb78b4
c2c4052f58f54988,Anthony,Drilich,,http://ufcstats.com/fighter-details/c2c4052f58f54988
e5e148d4363deff8,Kyle,Driscoll,KD,http://ufcstats.com/fighter-details/e5e148d4363deff8
5fd834edd92c9e50,Chris,Drumm,,http://ufcstats.com/fighter-details/5fd834edd92c9e50
679a9054e2815943,Tomasz,Drwal,Gorilla,http://ufcstats.com/fighter-details/679a9054e2815943
d2a9be6bf2de624c,Robert,Drysdale,,http://ufcstats.com/fighter-details/d2a9be6bf2de624c
0d7b51c9d2649a6e,Dricus,Du Plessis,Stillknocks,http://ufcstats.com/fighter-details/0d7b51c9d2649a6e
706404da0775dcbc,Hugo,Duarte,,http://ufcstats.com/fighter-details/706404da0775dcbc
29b5d32584e02d8d,Antonio,Duarte,Tigre,http://ufcstats.com/fighter-details/29b5d32584e02d8d
454c3e9d4cd4a1b3,Joe,Duarte,,http://ufcstats.com/fighter-details/454c3e9d4cd4a1b3
c3d2b9bcb4cead6b,Yuneisy,Duben,,http://ufcstats.com/fighter-details/c3d2b9bcb4cead6b
ec322adbabbfa6e7,Matthieu,Duclos,,http://ufcstats.com/fighter-details/ec322adbabbfa6e7
02f8fedc18cbd26c,Emily,Ducote,Gordinha,http://ufcstats.com/fighter-details/02f8fedc18cbd26c
6c9b66b43663f2f7,Viktoriia,Dudakova,,http://ufcstats.com/fighter-details/6c9b66b43663f2f7
072a10e85f7d4bff,Milana,Dudieva,,http://ufcstats.com/fighter-details/072a10e85f7d4bff
cb6c45b26b0a877a,Adin,Duenas,,http://ufcstats.com/fighter-details/cb6c45b26b0a877a
bda04c573563cc2e,Todd,Duffee,,http://ufcstats.com/fighter-details/bda04c573563cc2e
654ae722109a0d31,Joe,Duffy,Irish,http://ufcstats.com/fighter-details/654ae722109a0d31
cea51876d8a514a0,Jack,Duffy,The Fury,http://ufcstats.com/fighter-details/cea51876d8a514a0
4ae4049426e0161d,Alexis,Dufresne,Sneaky Zebra,http://ufcstats.com/fighter-details/4ae4049426e0161d
a7ddae0be8b78147,Jessamyn,Duke,The Gun,http://ufcstats.com/fighter-details/a7ddae0be8b78147
e803242fb2e41112,Islam,Dulatov,The Ripper,http://ufcstats.com/fighter-details/e803242fb2e41112
a57cb948c4c70a47,Isaac,Dulgarian,The Midwest Choppa,http://ufcstats.com/fighter-details/a57cb948c4c70a47
1a225f04aa6e0739,Kelly,Dullanty,Psycho,http://ufcstats.com/fighter-details/1a225f04aa6e0739
4e6738062d469256,Sedriques,Dumas,The Reaper,http://ufcstats.com/fighter-details/4e6738062d469256
d3f5d33d61cd00c9,Norma,Dumont,The Immortal,http://ufcstats.com/fighter-details/d3f5d33d61cd00c9
fd406a32a6fb3a29,Chris,Duncan,The Problem,http://ufcstats.com/fighter-details/fd406a32a6fb3a29
a93f94c923c3a9cb,Christian Leroy,Duncan,CLD,http://ufcstats.com/fighter-details/a93f94c923c3a9cb
e5c9de15bb58b1c6,Evan,Dunham,,http://ufcstats.com/fighter-details/e5c9de15bb58b1c6
31732a614e7a3d1d,Alex,Dunworth,,http://ufcstats.com/fighter-details/31732a614e7a3d1d
e979c76341f19b22,Tom,Duquesnoy,Fire Kid,http://ufcstats.com/fighter-details/e979c76341f19b22
6b7c7460855dbbb9,Albert,Duraev,,http://ufcstats.com/fighter-details/6b7c7460855dbbb9
4417980b3e798abf,Reuben,Duran,,http://ufcstats.com/fighter-details/4417980b3e798abf
7f6ed67d3ed3c036,Cody,Durden,Custom Made,http://ufcstats.com/fighter-details/7f6ed67d3ed3c036
2153a7f8396a46cc,Luiz,Dutra,Besouro,http://ufcstats.com/fighter-details/2153a7f8396a46cc
43db649da89fac4b,Rilley,Dutro,,http://ufcstats.com/fighter-details/43db649da89fac4b
7df4d3c38792b083,Bill,Duvall,,http://ufcstats.com/fighter-details/7df4d3c38792b083
c03520b5c88ed6b4,Merab,Dvalishvili,The Machine,http://ufcstats.com/fighter-details/c03520b5c88ed6b4
9ada30894bf04e19,David,Dvorak,Undertaker,http://ufcstats.com/fighter-details/9ada30894bf04e19
8f0d576beba1cfcd,Matt,Dwyer,,http://ufcstats.com/fighter-details/8f0d576beba1cfcd
55ed59d541f8b90c,Rolando,Dy,Dy Incredible,http://ufcstats.com/fighter-details/55ed59d541f8b90c
cfbb3edab781dfd2,Shanelle,Dyer,Nightmare,http://ufcstats.com/fighter-details/cfbb3edab781dfd2
ee457ef1e1c326c1,Ben,Earwood,,http://ufcstats.com/fighter-details/ee457ef1e1c326c1
5713c1d2fac539ac,Cody,East,The Freight Train,http://ufcstats.com/fighter-details/5713c1d2fac539ac
05866d8c3a321856,Marvin,Eastman,The Beastman,http://ufcstats.com/fighter-details/05866d8c3a321856
bc7230f231701d66,Mike,Easton,The Hulk,http://ufcstats.com/fighter-details/bc7230f231701d66
4acb99524a9a81ab,Maurice,Eazel,,http://ufcstats.com/fighter-details/4acb99524a9a81ab
ec421d5de0aea624,Vincent,Eazelle,The Real Deal,http://ufcstats.com/fighter-details/ec421d5de0aea624
a5b0bd216d8ba84e,Ross,Ebanez,The Boss,http://ufcstats.com/fighter-details/a5b0bd216d8ba84e
32ba186f4b0e3267,Brian,Ebersole,Bad Boy,http://ufcstats.com/fighter-details/32ba186f4b0e3267
20b13e96668caaa4,Roybert,Echeverria,The Unbroken,http://ufcstats.com/fighter-details/20b13e96668caaa4
40ff198adda94b9f,Mark,Eddiva,,http://ufcstats.com/fighter-details/40ff198adda94b9f
f2688492b9a525a3,Frankie,Edgar,The Answer,http://ufcstats.com/fighter-details/f2688492b9a525a3
37e03538c960bac6,Abdul-Kerim,Edilov,,http://ufcstats.com/fighter-details/37e03538c960bac6
528c24b99fbaab79,Johnny,Eduardo,,http://ufcstats.com/fighter-details/528c24b99fbaab79
5f04e3d58d9ce982,Yves,Edwards,,http://ufcstats.com/fighter-details/5f04e3d58d9ce982
e56daf7725a0b5ab,Justin,Edwards,Fast Eddy,http://ufcstats.com/fighter-details/e56daf7725a0b5ab
f1fac969a1d70b08,Leon,Edwards,Rocky,http://ufcstats.com/fighter-details/f1fac969a1d70b08
ef44e4ea9050f2ea,Te,Edwards,,http://ufcstats.com/fighter-details/ef44e4ea9050f2ea
e6904a03a66e711d,Adli,Edwards,,http://ufcstats.com/fighter-details/e6904a03a66e711d
f9ab66e67240db7b,Joselyne,Edwards,La Pantera,http://ufcstats.com/fighter-details/f9ab66e67240db7b
eae4aec1a5a8ff01,Tom,Egan,,http://ufcstats.com/fighter-details/eae4aec1a5a8ff01
5e6294b37bbef029,Stephanie,Egger,,http://ufcstats.com/fighter-details/5e6294b37bbef029
27fc9218a3653e3c,Justin,Eilers,The Hammer,http://ufcstats.com/fighter-details/27fc9218a3653e3c
0577808d22dfe79c,Jon Olav,Einemo,The Viking,http://ufcstats.com/fighter-details/0577808d22dfe79c
58bc81376286b3d3,Per,Eklund,,http://ufcstats.com/fighter-details/58bc81376286b3d3
22d80fb67e50ab0b,John,Elam,,http://ufcstats.com/fighter-details/22d80fb67e50ab0b
d9a56ecb6e94f02e,Evan,Elder,The Phenom,http://ufcstats.com/fighter-details/d9a56ecb6e94f02e
07a74004d964c7f4,Billy,Elekana,Son of Susie,http://ufcstats.com/fighter-details/07a74004d964c7f4
e873203fd50542f6,John Paul,Elias,,http://ufcstats.com/fighter-details/e873203fd50542f6
1a064688481f66e1,Joao,Elias,Alicate,http://ufcstats.com/fighter-details/1a064688481f66e1
e295b96f135d758a,Saul,Elizondo,,http://ufcstats.com/fighter-details/e295b96f135d758a
92a9aa9c93192871,Darren,Elkins,The Damage,http://ufcstats.com/fighter-details/92a9aa9c93192871
d81ac739417d7f53,Jake,Ellenberger,The Juggernaut,http://ufcstats.com/fighter-details/d81ac739417d7f53
8e8e4487c621aa1c,Joe,Ellenberger,Excalibur,http://ufcstats.com/fighter-details/8e8e4487c621aa1c
c96d9178c9ed9e62,Tim,Elliott,,http://ufcstats.com/fighter-details/c96d9178c9ed9e62
6b56e94a59b7b134,Oban,Elliott,The Welsh Gangster,http://ufcstats.com/fighter-details/6b56e94a59b7b134
e60d773a0a42048a,Eddy,Ellis,Fast,http://ufcstats.com/fighter-details/e60d773a0a42048a
77350fd0e6d1dba8,Lisa,Ellis,,http://ufcstats.com/fighter-details/77350fd0e6d1dba8
87e4a3a5080ee7ce,Elisha,Ellison,Snack Panther,http://ufcstats.com/fighter-details/87e4a3a5080ee7ce
1536a25e16fc299b,Anna,Elmose,Panda,http://ufcstats.com/fighter-details/1536a25e16fc299b
5f3da9a9610d8969,Cameron,Else,Camchida,http://ufcstats.com/fighter-details/5f3da9a9610d8969
1741343f0ca34dd5,Aaron,Ely,The Cyborg,http://ufcstats.com/fighter-details/1741343f0ca34dd5
45c8fed13a62fe92,Sovannahry,Em,The Sweet Savage,http://ufcstats.com/fighter-details/45c8fed13a62fe92
abd5fb12437eda21,Ramazan,Emeev,Gorets,http://ufcstats.com/fighter-details/abd5fb12437eda21
f54200f1dfb9b5d4,Aleksander,Emelianenko,,http://ufcstats.com/fighter-details/f54200f1dfb9b5d4
b8da6f5c80ae2d15,Fedor,Emelianenko,The Last Emperor,http://ufcstats.com/fighter-details/b8da6f5c80ae2d15
dc0f07928009a127,Rob,Emerson,The Saint,http://ufcstats.com/fighter-details/dc0f07928009a127
e00a3dee329a51f7,Jamall,Emmers,Pretty Boy,http://ufcstats.com/fighter-details/e00a3dee329a51f7
fba03cd6cc28dc41,Josh,Emmett,CC0,http://ufcstats.com/fighter-details/fba03cd6cc28dc41
e3f443e4cbc3da8f,Marius,Enache,,http://ufcstats.com/fighter-details/e3f443e4cbc3da8f
d2f310b5b072e986,Kevin,Engel,The Hitman,http://ufcstats.com/fighter-details/d2f310b5b072e986
4122da4f791b2f4f,Kolton,Englund,White Assassin,http://ufcstats.com/fighter-details/4122da4f791b2f4f
330bafba312face4,Oliver,Enkamp,,http://ufcstats.com/fighter-details/330bafba312face4
d238217e0f8ea8e1,Alex,Enlund,,http://ufcstats.com/fighter-details/d238217e0f8ea8e1
daf9be103c1edbbd,Kenny,Ento,Tha' Dragon,http://ufcstats.com/fighter-details/daf9be103c1edbbd
d7adfcfdf7c6c1f8,Ian,Entwistle,Enty,http://ufcstats.com/fighter-details/d7adfcfdf7c6c1f8
993d385f5a475375,Andy,Enz,Tank Mode,http://ufcstats.com/fighter-details/993d385f5a475375
bc7cf284c1c2f16e,Won Jin,Eoh,,http://ufcstats.com/fighter-details/bc7cf284c1c2f16e
919fc4bc3edf4de7,Yuji,Ephoevi-Ga,The Chef,http://ufcstats.com/fighter-details/919fc4bc3edf4de7
984b0c4c6e773a1c,Josh,Epps,,http://ufcstats.com/fighter-details/984b0c4c6e773a1c
b593cd58b0afffb0,Abdellah,Er-Ramy,The Golden Boy,http://ufcstats.com/fighter-details/b593cd58b0afffb0
32ab52e5de93092d,Steve,Erceg,Astroboy,http://ufcstats.com/fighter-details/32ab52e5de93092d
7b9a85e5ff31ef47,Tom,Erikson,The Big Cat,http://ufcstats.com/fighter-details/7b9a85e5ff31ef47
22061ff217907c78,Konstantin,Erokhin,,http://ufcstats.com/fighter-details/22061ff217907c78
902ec2cc48c8ae8a,Julian,Erosa,Juicy J,http://ufcstats.com/fighter-details/902ec2cc48c8ae8a
082eba4cd80f736f,Jarno,Errens,,http://ufcstats.com/fighter-details/082eba4cd80f736f
64ad3e3b0efa30bb,Ivan,Erslan,,http://ufcstats.com/fighter-details/64ad3e3b0efa30bb
74061adb224be3cc,Nick,Ertl,,http://ufcstats.com/fighter-details/74061adb224be3cc
c26ea30823f37316,Chel,Erwin-Davis,The First Sun,http://ufcstats.com/fighter-details/c26ea30823f37316
f7ede18b4ec4ec1f,Bobby,Escalante,,http://ufcstats.com/fighter-details/f7ede18b4ec4ec1f
0e4daed84a8f39a6,Eric,Esch,Butterbean,http://ufcstats.com/fighter-details/0e4daed84a8f39a6
b36874652ed7715d,Pro,Escobedo,,http://ufcstats.com/fighter-details/b36874652ed7715d
5df17b3620145578,Cole,Escovedo,Apache Kid,http://ufcstats.com/fighter-details/5df17b3620145578
83fd97284f4bb4a4,Efrain,Escudero,Hecho En Mexico,http://ufcstats.com/fighter-details/83fd97284f4bb4a4
ed220e87bef0cc64,Evan,Esguerra,,http://ufcstats.com/fighter-details/ed220e87bef0cc64
d910665038efc639,Carla,Esparza,Cookie Monster,http://ufcstats.com/fighter-details/d910665038efc639
ccf5dc41417e9daf,Juan,Espino,El Guapo,http://ufcstats.com/fighter-details/ccf5dc41417e9daf
215a70f073a7b726,Jordan,Espinosa,The Gamer,http://ufcstats.com/fighter-details/215a70f073a7b726
411539901068522f,Jodie,Esquibel,,http://ufcstats.com/fighter-details/411539901068522f
83455a9d17f57dae,Rafael,Estevam,Macapa,http://ufcstats.com/fighter-details/83455a9d17f57dae
41f3cfdab0b22236,Achilles,Estremadura,,http://ufcstats.com/fighter-details/41f3cfdab0b22236
ea9bfe9c25037bba,Shaun,Etchell,The Buzzsaw,http://ufcstats.com/fighter-details/ea9bfe9c25037bba
33011768c3c4dc9a,Terry,Etim,,http://ufcstats.com/fighter-details/33011768c3c4dc9a
8d5daf67983b65ba,Fred,Ettish,,http://ufcstats.com/fighter-details/8d5daf67983b65ba
74b5736f1df40be3,Scott,Ettling,,http://ufcstats.com/fighter-details/74b5736f1df40be3
4234f0097c83fa62,Sijara,Eubanks,SarJ,http://ufcstats.com/fighter-details/4234f0097c83fa62
9766ed20b68c7c33,Billy,Evangelista,,http://ufcstats.com/fighter-details/9766ed20b68c7c33
ee779c43a8926d52,Rashad,Evans,Suga,http://ufcstats.com/fighter-details/ee779c43a8926d52
d3de4a24f7eefac8,Doug,Evans,,http://ufcstats.com/fighter-details/d3de4a24f7eefac8
fc6e681bf6658faf,Ashlee,Evans-Smith,Rebel Girl,http://ufcstats.com/fighter-details/fc6e681bf6658faf
dd8aec6de7035943,Dan,Evensen,The Viking,http://ufcstats.com/fighter-details/dd8aec6de7035943
b12a1d19ee383b7c,Tonya,Evinger,Triple Threat,http://ufcstats.com/fighter-details/b12a1d19ee383b7c
76e2870ffafbe38f,Movsar,Evloev,,http://ufcstats.com/fighter-details/76e2870ffafbe38f
5f6f049d54728e88,Andre,Ewell,Mr. Highlight,http://ufcstats.com/fighter-details/5f6f049d54728e88
54c2576b7f2f1f57,Chris,Ewert,El Tanke,http://ufcstats.com/fighter-details/54c2576b7f2f1f57
0798f558681d0eb5,Neal,Ewing,,http://ufcstats.com/fighter-details/0798f558681d0eb5
a1cb266d7f44f35f,Manuel,Exposito,,http://ufcstats.com/fighter-details/a1cb266d7f44f35f
f72465a784c1b084,Jessica,Eye,Evil,http://ufcstats.com/fighter-details/f72465a784c1b084
6224e8d0a34264eb,Edward,Faaloloto,,http://ufcstats.com/fighter-details/6224e8d0a34264eb
78114b7199cef90c,Urijah,Faber,The California Kid,http://ufcstats.com/fighter-details/78114b7199cef90c
8c020156779f7888,Melinda,Fabian,,http://ufcstats.com/fighter-details/8c020156779f7888
40389d39a92f5bfa,Wagnney,Fabiano,The Silencer,http://ufcstats.com/fighter-details/40389d39a92f5bfa
e17ac6410c8377f4,Bartosz,Fabinski,The Butcher,http://ufcstats.com/fighter-details/e17ac6410c8377f4
453ee00c3e1ae9dd,Ron,Faircloth,,http://ufcstats.com/fighter-details/453ee00c3e1ae9dd
adea9f0090aa8e14,Jason,Fairn,,http://ufcstats.com/fighter-details/adea9f0090aa8e14
862b0b3375aa4b6e,Zarah,Fairn,Infinite,http://ufcstats.com/fighter-details/862b0b3375aa4b6e
8f765fd5775a8873,Rinat,Fakhretdinov,Gladiator,http://ufcstats.com/fighter-details/8f765fd5775a8873
d58478ded5534695,Maiquel,Falcao,Big Rig,http://ufcstats.com/fighter-details/d58478ded5534695
f7be1db194e03d7e,Pedro,Falcao,Pedrinho,http://ufcstats.com/fighter-details/f7be1db194e03d7e
91d73ee59347ac16,Brodie,Farber,,http://ufcstats.com/fighter-details/91d73ee59347ac16
04e9955f33e0c267,Joao Paulo,Faria,,http://ufcstats.com/fighter-details/04e9955f33e0c267
27b164b0d1833df0,Kalindra,Faria,,http://ufcstats.com/fighter-details/27b164b0d1833df0
431262bbc69215dc,Jair,Farias,Chosen,http://ufcstats.com/fighter-details/431262bbc69215dc
49c7236c737d7e59,Chance,Farrar,,http://ufcstats.com/fighter-details/49c7236c737d7e59
f89e6e66b9b112de,Rico,Farrington,The Triggerman,http://ufcstats.com/fighter-details/f89e6e66b9b112de
9c42a0de8e012870,Kelly,Faszholz,,http://ufcstats.com/fighter-details/9c42a0de8e012870
5af26b3201690d29,Rodney,Faverus,,http://ufcstats.com/fighter-details/5af26b3201690d29
e5010b1b94ca5755,Paul,Felder,The Irish Dragon,http://ufcstats.com/fighter-details/e5010b1b94ca5755
a2ea77e974c5889f,Carlos,Felipe,Boi,http://ufcstats.com/fighter-details/a2ea77e974c5889f
954e3f4e2b0e6510,JP,Felty,,http://ufcstats.com/fighter-details/954e3f4e2b0e6510
86597694317e5e1b,Feng,Pengchao,,http://ufcstats.com/fighter-details/86597694317e5e1b
c940b42df95bbd28,Feng,Xiaocan,,http://ufcstats.com/fighter-details/c940b42df95bbd28
27541033b97c076d,Kevin,Ferguson,Kimbo Slice,http://ufcstats.com/fighter-details/27541033b97c076d
15f4550e017f6c7d,Rhadi,Ferguson,,http://ufcstats.com/fighter-details/15f4550e017f6c7d
22a92d7f62195791,Tony,Ferguson,El Cucuy,http://ufcstats.com/fighter-details/22a92d7f62195791
b0f316c60f8d3b47,Josh,Ferguson,Taz,http://ufcstats.com/fighter-details/b0f316c60f8d3b47
979f7edbb6980b0d,CJ,Fernandes,,http://ufcstats.com/fighter-details/979f7edbb6980b0d
cbc071cb20ea59c7,Bibiano,Fernandes,,http://ufcstats.com/fighter-details/cbc071cb20ea59c7
a6eb54ae17a551be,Gabriella,Fernandes,Gabi,http://ufcstats.com/fighter-details/a6eb54ae17a551be
ec13c393d029297d,Kaue,Fernandes,,http://ufcstats.com/fighter-details/ec13c393d029297d
7ee1babb99f30115,Emily,Fernandez,,http://ufcstats.com/fighter-details/7ee1babb99f30115
d62e280d0f7b6d6f,Luke,Fernandez,,http://ufcstats.com/fighter-details/d62e280d0f7b6d6f
3df223aeaacecf3f,Lucas,Fernando,,http://ufcstats.com/fighter-details/3df223aeaacecf3f
28ba5f27e473420c,Alexandre,Ferreira,Cacareco,http://ufcstats.com/fighter-details/28ba5f27e473420c
dbc17725b887860a,Cezar,Ferreira,Mutante,http://ufcstats.com/fighter-details/dbc17725b887860a
f53d4f21d1b5f2dc,Diego,Ferreira,,http://ufcstats.com/fighter-details/f53d4f21d1b5f2dc
1c2a8915f8431507,Erisson,Ferreira,Gato,http://ufcstats.com/fighter-details/1c2a8915f8431507
1e719d4b676dc19a,Brunno,Ferreira,The Hulk,http://ufcstats.com/fighter-details/1e719d4b676dc19a
977081bc01197656,Scott,Ferrozzo,The Pitbull,http://ufcstats.com/fighter-details/977081bc01197656
8c21eb9fd7c4c203,Timo,Feucht,,http://ufcstats.com/fighter-details/8c21eb9fd7c4c203
33efaf2d0941cfcf,Andre,Fialho,,http://ufcstats.com/fighter-details/33efaf2d0941cfcf
d814f5192e58fb2f,Drew,Fickett,The Master,http://ufcstats.com/fighter-details/d814f5192e58fb2f
0ec821423baa26bd,Scott,Fiedler,,http://ufcstats.com/fighter-details/0ec821423baa26bd
6e380a4d73ab4f0e,Ron,Fields,Killing,http://ufcstats.com/fighter-details/6e380a4d73ab4f0e
b4c57a8c2b773e82,Michal,Figlak,Mad Dog,http://ufcstats.com/fighter-details/b4c57a8c2b773e82
aa72b0f831d0bfe5,Deiveson,Figueiredo,Deus da Guerra,http://ufcstats.com/fighter-details/aa72b0f831d0bfe5
cdadae5363b66eef,Francisco,Figueiredo,Sniper,http://ufcstats.com/fighter-details/cdadae5363b66eef
daff32bc96d1eabf,Anthony,Figueroa,,http://ufcstats.com/fighter-details/daff32bc96d1eabf
bbfca6d5c27d9cd8,Edwin,Figueroa,El Feroz,http://ufcstats.com/fighter-details/bbfca6d5c27d9cd8
2226445c4a196dc8,Jonathan,Figueroa,El Picante,http://ufcstats.com/fighter-details/2226445c4a196dc8
2abdead94ce73552,Paulo,Filho,,http://ufcstats.com/fighter-details/2abdead94ce73552
65adf3856c4d9256,Jafel,Filho,Pastor,http://ufcstats.com/fighter-details/65adf3856c4d9256
8fd808923cffff82,Andre,Fili,Touchy,http://ufcstats.com/fighter-details/8fd808923cffff82
c32fb8c0f6471a4d,Mirko,Filipovic,Cro Cop,http://ufcstats.com/fighter-details/c32fb8c0f6471a4d
997b4f52f76a0b53,Brady,Fink,,http://ufcstats.com/fighter-details/997b4f52f76a0b53
0496cdac0bc9edd8,Jesse,Finney,,http://ufcstats.com/fighter-details/0496cdac0bc9edd8
3317823959d32a05,Jan,Finney,Cuddles,http://ufcstats.com/fighter-details/3317823959d32a05
fbb60f24af5d5a02,Torrez,Finney,The Punisher,http://ufcstats.com/fighter-details/fbb60f24af5d5a02
9583662df31d943f,Luigi,Fioravanti,,http://ufcstats.com/fighter-details/9583662df31d943f
036e96c1c12b8a59,Nick,Fiore,,http://ufcstats.com/fighter-details/036e96c1c12b8a59
34ff304266360297,Manon,Fiorot,The Beast,http://ufcstats.com/fighter-details/34ff304266360297
16d09e800ad7ec79,Luiz,Firmino,Buscape,http://ufcstats.com/fighter-details/16d09e800ad7ec79
f34312c2ccfa0e00,Spencer,Fisher,The King,http://ufcstats.com/fighter-details/f34312c2ccfa0e00
bebb4ae55ac2bf6f,Chris,Fishgold,,http://ufcstats.com/fighter-details/bebb4ae55ac2bf6f
5517bd590dbbe1f8,Bryanna,Fissori,,http://ufcstats.com/fighter-details/5517bd590dbbe1f8
6f018c039b4d5d80,Jon,Fitch,,http://ufcstats.com/fighter-details/6f018c039b4d5d80
b8dc5fbf8338adc5,Isi,Fitikefu,Doxz,http://ufcstats.com/fighter-details/b8dc5fbf8338adc5
c814b4c899793af6,Rafael,Fiziev,Ataman,http://ufcstats.com/fighter-details/c814b4c899793af6
7d09200f6a77b20e,Colin,Fletcher,The Freakshow,http://ufcstats.com/fighter-details/7d09200f6a77b20e
725b1abc9a39d873,AJ,Fletcher,The Ghost,http://ufcstats.com/fighter-details/725b1abc9a39d873
a2d342ffc83913ed,Nathan,Fletcher,,http://ufcstats.com/fighter-details/a2d342ffc83913ed
09e62c450e754913,Jimmy,Flick,The Brick,http://ufcstats.com/fighter-details/09e62c450e754913
b5f44dcb863f595b,Luke,Flores,,http://ufcstats.com/fighter-details/b5f44dcb863f595b
4bb0f74d5e26f89a,Ty,Flores,Big Medicine,http://ufcstats.com/fighter-details/4bb0f74d5e26f89a
d23d5960ac5e117c,Alejandro,Flores,El Gallito,http://ufcstats.com/fighter-details/d23d5960ac5e117c
cb139171ed1b69fe,Kenny,Florian,KenFlo,http://ufcstats.com/fighter-details/cb139171ed1b69fe
65db4065e2bc107d,Darrius,Flowers,Beast Mode,http://ufcstats.com/fighter-details/65db4065e2bc107d
8164250600b7c91b,Cody,Floyd,,http://ufcstats.com/fighter-details/8164250600b7c91b
c97fc5fbf7d32b8a,Bobby,Flynn,,http://ufcstats.com/fighter-details/c97fc5fbf7d32b8a
01d2ed8c502e3828,Caros,Fodor,The Future,http://ufcstats.com/fighter-details/01d2ed8c502e3828
fa534853eb195270,Mal,Foki,Twin Tiger,http://ufcstats.com/fighter-details/fa534853eb195270
5de61b03868035ff,Matt,Foki,Twin Tiger,http://ufcstats.com/fighter-details/5de61b03868035ff
0adf1aacda5e26ac,AJ,Fonseca,,http://ufcstats.com/fighter-details/0adf1aacda5e26ac
05339613bf8e9808,Rob,Font,,http://ufcstats.com/fighter-details/05339613bf8e9808
7a82635ffa9b59fe,Claudionor,Fontinelle,,http://ufcstats.com/fighter-details/7a82635ffa9b59fe
947eccadb72f4f6f,Jesse,Forbes,Kid Hercules,http://ufcstats.com/fighter-details/947eccadb72f4f6f
a71ce6ff0b4a9dbb,Sterling,Ford,,http://ufcstats.com/fighter-details/a71ce6ff0b4a9dbb
5340123d826ceadb,Codale,Ford,Crunch Time,http://ufcstats.com/fighter-details/5340123d826ceadb
90390dd1b0791e7f,Raheam,Forest,Rambo,http://ufcstats.com/fighter-details/90390dd1b0791e7f
b102c26727306ab6,Jussier,Formiga,,http://ufcstats.com/fighter-details/b102c26727306ab6
77ba5b2939c4018b,Carol,Foro,,http://ufcstats.com/fighter-details/77ba5b2939c4018b
44bc27bfa76dcd9e,Renee,Forte,,http://ufcstats.com/fighter-details/44bc27bfa76dcd9e
b53c46f613f6f248,Brianna,Fortino,The Bull,http://ufcstats.com/fighter-details/b53c46f613f6f248
d761b3766e38c5db,Marcel,Fortuna,,http://ufcstats.com/fighter-details/d761b3766e38c5db
3dc3022232b79c7a,Brian,Foster,The Foster Boy,http://ufcstats.com/fighter-details/3dc3022232b79c7a
ec33146e43e58933,Xavier,Foupa-Pokam,Professor X,http://ufcstats.com/fighter-details/ec33146e43e58933
d745d4146be48679,Mason,Fowler,,http://ufcstats.com/fighter-details/d745d4146be48679
f65a0eb902f9476b,Brandon,Foxworth,,http://ufcstats.com/fighter-details/f65a0eb902f9476b
e0ec3c3b6b611f7e,Hermes,Franca,,http://ufcstats.com/fighter-details/e0ec3c3b6b611f7e
00a3ff40c4b2cf21,Glaico,Franca Moreira,Nego,http://ufcstats.com/fighter-details/00a3ff40c4b2cf21
ecfdbf38681a59ba,Francisco,France,Kiko,http://ufcstats.com/fighter-details/ecfdbf38681a59ba
b9532d815060de7f,John,Franchi,,http://ufcstats.com/fighter-details/b9532d815060de7f
e564146b9cf6dbef,Felipe,Franco,Negao,http://ufcstats.com/fighter-details/e564146b9cf6dbef
d897897060f10a3a,Rich,Franklin,Ace,http://ufcstats.com/fighter-details/d897897060f10a3a
90957a918e26bf9c,Xavier,Franklin,Mr. Benjamin,http://ufcstats.com/fighter-details/90957a918e26bf9c
040d3b4c735541aa,Zoila,Frausto,Warrior Princess,http://ufcstats.com/fighter-details/040d3b4c735541aa
fee02819a271c050,Stephanie,Frausto,Lil Bovy,http://ufcstats.com/fighter-details/fee02819a271c050
d3711d3784b76255,Zane,Frazier,Nasty,http://ufcstats.com/fighter-details/d3711d3784b76255
3beeeafcbc8b4cbc,Gary,Frazier,,http://ufcstats.com/fighter-details/3beeeafcbc8b4cbc
78863e4a28204a6b,Justin,Frazier,The Grizzly Bear,http://ufcstats.com/fighter-details/78863e4a28204a6b
b4bc2e3353a770b5,Ian,Freeman,The Machine,http://ufcstats.com/fighter-details/b4bc2e3353a770b5
5870bd1eadf4f322,Jason,Freeman,,http://ufcstats.com/fighter-details/5870bd1eadf4f322
63d071997c75e3fd,Kennedy,Freeman,The Machine 2.0,http://ufcstats.com/fighter-details/63d071997c75e3fd
f1f37d667bcd0d27,Willamy,Freire,Chiquerim,http://ufcstats.com/fighter-details/f1f37d667bcd0d27
98a58c26c5b1ed17,Patricio,Freire,Pitbull,http://ufcstats.com/fighter-details/98a58c26c5b1ed17
90e6dde9113830bd,Patricky,Freire,Pitbull,http://ufcstats.com/fighter-details/90e6dde9113830bd
a47e9ec288c91067,Jeremy ,Freitag,,http://ufcstats.com/fighter-details/a47e9ec288c91067
14b9e0f2679a2205,Rafael,Freitas,Capoeira,http://ufcstats.com/fighter-details/14b9e0f2679a2205
9aa56f004b2bca07,Donavon,Frelow,,http://ufcstats.com/fighter-details/9aa56f004b2bca07
ca43de99b07b6b40,Josh,Fremd,,http://ufcstats.com/fighter-details/ca43de99b07b6b40
73321668ff977f1b,Clay,French,,http://ufcstats.com/fighter-details/73321668ff977f1b
756f45905fb20cb5,Mike,French,,http://ufcstats.com/fighter-details/756f45905fb20cb5
dccb63727f2f5f74,Matt,Frevola,The SteamRolla,http://ufcstats.com/fighter-details/dccb63727f2f5f74
d05cb1e8d1b885d8,Jinh Yu,Frey,,http://ufcstats.com/fighter-details/d05cb1e8d1b885d8
ee704df0afd74558,Artem,Frolov,,http://ufcstats.com/fighter-details/ee704df0afd74558
1641ef250e9de19b,Sarah,Frota,A Treta,http://ufcstats.com/fighter-details/1641ef250e9de19b
7cec3c4a5e7b6d68,Daniel,Frunza,,http://ufcstats.com/fighter-details/7cec3c4a5e7b6d68
271fe91f4ba9d2c5,Don,Frye,The Predator,http://ufcstats.com/fighter-details/271fe91f4ba9d2c5
253de74457bd6374,Tony,Fryklund,The Freak,http://ufcstats.com/fighter-details/253de74457bd6374
a01a62132460a98d,Adam,Fugitt,,http://ufcstats.com/fighter-details/a01a62132460a98d
c3c38c86f5ab9b5c,Jesse,Fujarczyk,The Ronin,http://ufcstats.com/fighter-details/c3c38c86f5ab9b5c
d71d968dc6ecfdaf,Katsuhisa,Fujii,Shamoji,http://ufcstats.com/fighter-details/d71d968dc6ecfdaf
fb6c531726447ff3,Megumi,Fujii,Mega Megu,http://ufcstats.com/fighter-details/fb6c531726447ff3
b1605ea39fba6af6,Kazuyuki,Fujita,Ironhead,http://ufcstats.com/fighter-details/b1605ea39fba6af6
ccd58ff71e260ed5,Keisuke,Fujiwara,,http://ufcstats.com/fighter-details/ccd58ff71e260ed5
7c35f869033901ae,Riki,Fukuda,,http://ufcstats.com/fighter-details/7c35f869033901ae
4638cc6479cc0afe,Masio,Fullen,Lobo,http://ufcstats.com/fighter-details/4638cc6479cc0afe
911fb265462f0d94,Travis,Fulton,The Ironman,http://ufcstats.com/fighter-details/911fb265462f0d94
1f5f75658551f2d3,Sam,Fulton,,http://ufcstats.com/fighter-details/1f5f75658551f2d3
aa3153a9941b4d44,Masakatsu,Funaki,,http://ufcstats.com/fighter-details/aa3153a9941b4d44
e9e1acc96536bb4f,Ricardo,Funch,Golden Boy,http://ufcstats.com/fighter-details/e9e1acc96536bb4f
c3e2eca94b2320bc,Katsuaki,Furuki,,http://ufcstats.com/fighter-details/c3e2eca94b2320bc
fcd8b623892b9a10,James,Gabert,,http://ufcstats.com/fighter-details/fcd8b623892b9a10
fe98f86284a6eeb3,Gustavo,Gabriel,,http://ufcstats.com/fighter-details/fe98f86284a6eeb3
ec34349e7dffcde7,Claudia,Gadelha,Claudinha,http://ufcstats.com/fighter-details/ec34349e7dffcde7
a7a79b8efbceaaac,Alavutdin,Gadjiev,,http://ufcstats.com/fighter-details/a7a79b8efbceaaac
6e344b71421103da,Magomed,Gadzhiyasulov,,http://ufcstats.com/fighter-details/6e344b71421103da
9e8f6c728eb01124,Justin,Gaethje,The Highlight,http://ufcstats.com/fighter-details/9e8f6c728eb01124
837d30395faca41e,Sheila,Gaff,The German Tank,http://ufcstats.com/fighter-details/837d30395faca41e
a54660deb6a8489c,Muin,Gafurov,Tajik,http://ufcstats.com/fighter-details/a54660deb6a8489c
b8592b4a383696cd,Mitch,Gagnon,,http://ufcstats.com/fighter-details/b8592b4a383696cd
8e6cfbd455f0f9c2,Brandon,Gaines,,http://ufcstats.com/fighter-details/8e6cfbd455f0f9c2
06dc1a58663579d2,Travis,Galbraith,The Gladiator,http://ufcstats.com/fighter-details/06dc1a58663579d2
0876d21328cf4a45,Dave,Galera,Scarecrow,http://ufcstats.com/fighter-details/0876d21328cf4a45
8a1b4330c7957961,Zelg,Galesic,Benkei,http://ufcstats.com/fighter-details/8a1b4330c7957961
9e50097a89442158,Mickey,Gall,,http://ufcstats.com/fighter-details/9e50097a89442158
96706c75a2b14164,Daniel,Gallemore,Big Kansas,http://ufcstats.com/fighter-details/96706c75a2b14164
cc81c92fe2254935,Tom,Gallicchio,Da Tank,http://ufcstats.com/fighter-details/cc81c92fe2254935
7e654edcddd71550,Turrell,Galloway,,http://ufcstats.com/fighter-details/7e654edcddd71550
ad3fdba28a7540cf,Eric,Galvan,,http://ufcstats.com/fighter-details/ad3fdba28a7540cf
45fe6765c56d8018,Andre,Galvao,,http://ufcstats.com/fighter-details/45fe6765c56d8018
e15d0a2519d6a0b5,Marcos,Galvao,Loro,http://ufcstats.com/fighter-details/e15d0a2519d6a0b5
289a3b69b85da7cd,Lucas,Gamaza,,http://ufcstats.com/fighter-details/289a3b69b85da7cd
10559c53de0b950e,Joey,Gambino,The Raging Warrior,http://ufcstats.com/fighter-details/10559c53de0b950e
cc6f9d1e89f3449a,Manvel,Gamburyan,The Anvil,http://ufcstats.com/fighter-details/cc6f9d1e89f3449a
72db2a14ffa73ece,Mateusz,Gamrot,Gamer,http://ufcstats.com/fighter-details/72db2a14ffa73ece
0d980975001ae3d8,Shamil,Gamzatov,,http://ufcstats.com/fighter-details/0d980975001ae3d8
e463ce0a2ca474f4,Ryan,Gandra,Problema,http://ufcstats.com/fighter-details/e463ce0a2ca474f4
41904fc4d3f5bffc,Ariel,Gandulla,,http://ufcstats.com/fighter-details/41904fc4d3f5bffc
787bb1f087ccff8a,Ciryl,Gane,Bon Gamin,http://ufcstats.com/fighter-details/787bb1f087ccff8a
6d7886b094b471ac,Sean,Gannon,The Cannon,http://ufcstats.com/fighter-details/6d7886b094b471ac
de83f920fd302871,Thomas,Gantt,,http://ufcstats.com/fighter-details/de83f920fd302871
8b27d25ce0221d60,Junye,Gao,,http://ufcstats.com/fighter-details/8b27d25ce0221d60
7bde387d50829adf,Eduardo,Garagorri,,http://ufcstats.com/fighter-details/7bde387d50829adf
d8c7c61b176e3994,Cody,Garbrandt,No Love,http://ufcstats.com/fighter-details/d8c7c61b176e3994
917e53fa0adea0d3,Leonard,Garcia,Bad Boy,http://ufcstats.com/fighter-details/917e53fa0adea0d3
8d49545dadf9b919,Edgar,Garcia,,http://ufcstats.com/fighter-details/8d49545dadf9b919
e5dc36e0aba7e9da,Alejandro,Garcia,Alex,http://ufcstats.com/fighter-details/e5dc36e0aba7e9da
a2b12c3f3d60ff69,Alex,Garcia,The Dominican Nightmare,http://ufcstats.com/fighter-details/a2b12c3f3d60ff69
8a04d94dfcfab159,Nick,Garcia,Nitro,http://ufcstats.com/fighter-details/8a04d94dfcfab159
97cf1a2c7c5e7889,Steve,Garcia,Mean Machine,http://ufcstats.com/fighter-details/97cf1a2c7c5e7889
ac5a7400da3a9a41,Elias,Garcia,,http://ufcstats.com/fighter-details/ac5a7400da3a9a41
e132d47bd9efbbe0,Rafa,Garcia,Gifted,http://ufcstats.com/fighter-details/e132d47bd9efbbe0
9e92e1ca498d7244,Fernie,Garcia,,http://ufcstats.com/fighter-details/9e92e1ca498d7244
4f7e290e71d60f87,Rulon,Gardner,,http://ufcstats.com/fighter-details/4f7e290e71d60f87
70167689d6a01793,David,Gardner,,http://ufcstats.com/fighter-details/70167689d6a01793
8e5bfd4e82352340,Pablo,Garza,The Scarecrow,http://ufcstats.com/fighter-details/8e5bfd4e82352340
a1b0715c4fd2dbd3,Azamat,Gashimov,,http://ufcstats.com/fighter-details/a1b0715c4fd2dbd3
e4770d5ed44a3970,Brian,Gassaway,,http://ufcstats.com/fighter-details/e4770d5ed44a3970
8c0580d4fff106c1,Kelvin,Gastelum,,http://ufcstats.com/fighter-details/8c0580d4fff106c1
6ded9184b2284645,Willie,Gates,,http://ufcstats.com/fighter-details/6ded9184b2284645
a4a80dd7336ffd59,Melissa,Gatto,,http://ufcstats.com/fighter-details/a4a80dd7336ffd59
d758f272d94f5866,Sean,Gauci,,http://ufcstats.com/fighter-details/d758f272d94f5866
b72a60a0cadff408,Louis,Gaudinot,Goodnight,http://ufcstats.com/fighter-details/b72a60a0cadff408
2f815ed5f8278ba6,Ateba,Gautier,The Silent Assassin,http://ufcstats.com/fighter-details/2f815ed5f8278ba6
618643d0d5c0631d,Manuel,Gaxhja,,http://ufcstats.com/fighter-details/618643d0d5c0631d
6747ccd6d1acd266,Shamil,Gaziev,,http://ufcstats.com/fighter-details/6747ccd6d1acd266
effd0b70e6749ab2,Charlene,Gellner,Princess,http://ufcstats.com/fighter-details/effd0b70e6749ab2
14e797332ea32cdb,Chad,George,Savage,http://ufcstats.com/fighter-details/14e797332ea32cdb
2f1700b3a4a09bc7,Paul,Georgieff,,http://ufcstats.com/fighter-details/2f1700b3a4a09bc7
15edcf67ccf5be84,Brian,Geraghty,Duke,http://ufcstats.com/fighter-details/15edcf67ccf5be84
42883268854b78be,Derek,Getzel,The Pretzel,http://ufcstats.com/fighter-details/42883268854b78be
2db0c114414d4f06,Karine,Gevorgyan,The Princess,http://ufcstats.com/fighter-details/2db0c114414d4f06
eb70e786bbdf1d16,Yanis,Ghemmouri,The Desert Warrior,http://ufcstats.com/fighter-details/eb70e786bbdf1d16
a24e080000fa7a35,Darrel,Gholar,,http://ufcstats.com/fighter-details/a24e080000fa7a35
cb6783c39c01d896,Tiki,Ghosn,,http://ufcstats.com/fighter-details/cb6783c39c01d896
de45aaae23dfa392,Christos,Giagos,The Spartan,http://ufcstats.com/fighter-details/de45aaae23dfa392
946db8a378903cc3,Joe,Giannetti,,http://ufcstats.com/fighter-details/946db8a378903cc3
96a221341035b701,Nick,Gibbons,,http://ufcstats.com/fighter-details/96a221341035b701
f74e037b97917027,James,Giboo,,http://ufcstats.com/fighter-details/f74e037b97917027
63eedfcc73071d41,Lance,Gibson,Fearless,http://ufcstats.com/fighter-details/63eedfcc73071d41
69db199087a1a792,Lee,Gibson,Lethal,http://ufcstats.com/fighter-details/69db199087a1a792
700a674c042b7a96,Cody,Gibson,The Renegade,http://ufcstats.com/fighter-details/700a674c042b7a96
09439946214993bc,Chase,Gibson,El Guero,http://ufcstats.com/fighter-details/09439946214993bc
db8b800176d26f6e,Kenny,Giddens,,http://ufcstats.com/fighter-details/db8b800176d26f6e
e7f51d9f9e9259e7,Thomas,Gifford,The Young Lion,http://ufcstats.com/fighter-details/e7f51d9f9e9259e7
83825fad27ab3581,Joseph,Gigliotti,Capo,http://ufcstats.com/fighter-details/83825fad27ab3581
6bb1d2b714d4b3bc,Joey,Gilbert,,http://ufcstats.com/fighter-details/6bb1d2b714d4b3bc
b27a1fcb56a3035a,Trevin,Giles,,http://ufcstats.com/fighter-details/b27a1fcb56a3035a
42c96a9c4802e2e1,Kultar,Gill,Black Mamba,http://ufcstats.com/fighter-details/42c96a9c4802e2e1
160b931119c1bf91,Jesse,Gillespie,,http://ufcstats.com/fighter-details/160b931119c1bf91
84ff027394f7e470,Gregor,Gillespie,The Gift,http://ufcstats.com/fighter-details/84ff027394f7e470
91720876db0ee468,Jason,Gilliam,,http://ufcstats.com/fighter-details/91720876db0ee468
ce175eaafe867d1f,Micheal,Gillmore,The Gentleman,http://ufcstats.com/fighter-details/ce175eaafe867d1f
10ccdcd14c3dfcf1,Krishaun,Gilmore,,http://ufcstats.com/fighter-details/10ccdcd14c3dfcf1
762c69860eef65d8,Alex,Gilpin,,http://ufcstats.com/fighter-details/762c69860eef65d8
c96518b7f6881004,Bob,Gilstrap,,http://ufcstats.com/fighter-details/c96518b7f6881004
bad8ed7d714f1493,Eperaim,Ginting,The Wolfman,http://ufcstats.com/fighter-details/bad8ed7d714f1493
a58114c6dd0add64,Demetrius,Gioulacos,,http://ufcstats.com/fighter-details/a58114c6dd0add64
c1ea31a904fe08a9,Billy,Giovanella,Wolverine,http://ufcstats.com/fighter-details/c1ea31a904fe08a9
3e03cec9767d37e6,He-Man,Gipson,,http://ufcstats.com/fighter-details/3e03cec9767d37e6
4b4f6abdce986be6,Israel,Giron,El Rojo,http://ufcstats.com/fighter-details/4b4f6abdce986be6
81f1810f72df8f25,Brandon,Girtz,Cold Roll,http://ufcstats.com/fighter-details/81f1810f72df8f25
fda067e842b07466,Jason,Glaza,,http://ufcstats.com/fighter-details/fda067e842b07466
ed133185689088b3,Mike,Glenn,,http://ufcstats.com/fighter-details/ed133185689088b3
814ff3018127e8fc,Ricky,Glenn,The Gladiator,http://ufcstats.com/fighter-details/814ff3018127e8fc
057a241e4ba90c4d,Ivan,Gnizditskiy,,http://ufcstats.com/fighter-details/057a241e4ba90c4d
ad56b3f00ca38dfd,Mark,Godbeer,The Hand Of,http://ufcstats.com/fighter-details/ad56b3f00ca38dfd
bd85ca0bb4f26cfc,Clint,Godfrey,,http://ufcstats.com/fighter-details/bd85ca0bb4f26cfc
8e5d953bdb9ae5e7,Loopy,Godinez,,http://ufcstats.com/fighter-details/8e5d953bdb9ae5e7
5ca158b1cc9cb242,Jason,Godsey,,http://ufcstats.com/fighter-details/5ca158b1cc9cb242
e62b36885ecdac27,Allan,Goes,,http://ufcstats.com/fighter-details/e62b36885ecdac27
fa07345cc9db5cc9,Billy Ray,Goff,,http://ufcstats.com/fighter-details/fa07345cc9db5cc9
5d1636b6c1688502,Amiran,Gogoladze,,http://ufcstats.com/fighter-details/5d1636b6c1688502
e86af30738a5452a,Jonny,Goh,,http://ufcstats.com/fighter-details/e86af30738a5452a
26e3f3928b1891d9,Hannah,Goldy,24K,http://ufcstats.com/fighter-details/26e3f3928b1891d9
ac29d508d78384c9,Marcelo,Golm,,http://ufcstats.com/fighter-details/ac29d508d78384c9
cffb87059e645bd1,Denise,Gomes,Dee,http://ufcstats.com/fighter-details/cffb87059e645bd1
af1e5c64b8663aa0,Sergio,Gomez,,http://ufcstats.com/fighter-details/af1e5c64b8663aa0
a0a680fe2f6cc8e6,Frank,Gomez,,http://ufcstats.com/fighter-details/a0a680fe2f6cc8e6
0a66de3a797cf73a,Alan,Gomez,,http://ufcstats.com/fighter-details/0a66de3a797cf73a
489413d3be819647,David,Gomez,,http://ufcstats.com/fighter-details/489413d3be819647
1e35aa8955794580,Ulysses,Gomez,Useless,http://ufcstats.com/fighter-details/1e35aa8955794580
0778f94eb5d588a5,Joey,Gomez,KO King,http://ufcstats.com/fighter-details/0778f94eb5d588a5
513e84bfe65ff509,Luis,Gomez,Tiger Junior,http://ufcstats.com/fighter-details/513e84bfe65ff509
3a28e1e641366308,Joey,Gomez,,http://ufcstats.com/fighter-details/3a28e1e641366308
e90f4291f93708e6,Edson,Gomez,,http://ufcstats.com/fighter-details/e90f4291f93708e6
b4880ef2f838d4e1,Silvana,Gomez Juarez,La Malvada,http://ufcstats.com/fighter-details/b4880ef2f838d4e1
3be081c29bf734d9,Takanori,Gomi,The Fireball Kid,http://ufcstats.com/fighter-details/3be081c29bf734d9
e1d40e8782d80bc2,William,Gomis,Jaguar,http://ufcstats.com/fighter-details/e1d40e8782d80bc2
b2acebbef8da14ea,Akihiro,Gono,,http://ufcstats.com/fighter-details/b2acebbef8da14ea
270b89c00ef0c55c,Gabriel,Gonzaga,Napao,http://ufcstats.com/fighter-details/270b89c00ef0c55c
94535f76f43b466a,Justin,Gonzales,J-Train,http://ufcstats.com/fighter-details/94535f76f43b466a
be5aab761c40ef35,Fernando,Gonzalez,The Menifee Maniac,http://ufcstats.com/fighter-details/be5aab761c40ef35
28d8638ea0a71908,Nick,Gonzalez,The Ghost,http://ufcstats.com/fighter-details/28d8638ea0a71908
69c071bc2621e8b0,Fabian,Gonzalez,,http://ufcstats.com/fighter-details/69c071bc2621e8b0
2ff2e6e5abea3e53,Lewis,Gonzalez,Lethal,http://ufcstats.com/fighter-details/2ff2e6e5abea3e53
e45cfa47f504033a,Jason,Gonzalez,Nicoya,http://ufcstats.com/fighter-details/e45cfa47f504033a
1ebdcb7488d0ebee,Pearl,Gonzalez,,http://ufcstats.com/fighter-details/1ebdcb7488d0ebee
ff175a137b395e2b,Jorge,Gonzalez,Street,http://ufcstats.com/fighter-details/ff175a137b395e2b
de47c33e48b0ce38,Mikey,Gonzalez,Rolls,http://ufcstats.com/fighter-details/de47c33e48b0ce38
a2ccf35a88346a91,Erick,Gonzalez,The Ghost Pepper,http://ufcstats.com/fighter-details/a2ccf35a88346a91
4f1a48f4e6ffb007,Jennifer,Gonzalez,Jefa,http://ufcstats.com/fighter-details/4f1a48f4e6ffb007
1bda4867f1baceac,Kier,Gooch,,http://ufcstats.com/fighter-details/1bda4867f1baceac
4e0692ad070976e4,Lyman,Good,Cyborg,http://ufcstats.com/fighter-details/4e0692ad070976e4
c730a0be691dc081,Jared,Gooden,NiteTrain,http://ufcstats.com/fighter-details/c730a0be691dc081
fbbde91f7bc2d3c5,Gary,Goodridge,Big Daddy,http://ufcstats.com/fighter-details/fbbde91f7bc2d3c5
7f98d9d5a10fa25c,Jordan,Goodwin,,http://ufcstats.com/fighter-details/7f98d9d5a10fa25c
279093302a6f44b3,Gerard,Gordeau,,http://ufcstats.com/fighter-details/279093302a6f44b3
8cad40a75e5c97f5,Eddie,Gordon,Truck,http://ufcstats.com/fighter-details/8cad40a75e5c97f5
7026eca45f65377b,Jared,Gordon,Flash,http://ufcstats.com/fighter-details/7026eca45f65377b
68c4ca70067bf282,Tebaris,Gordon,Boom,http://ufcstats.com/fighter-details/68c4ca70067bf282
dee294e9717012c2,Malcolm,Gordon,X,http://ufcstats.com/fighter-details/dee294e9717012c2
147e70aa6cc48cfc,Tresean,Gore,Mr. Vicious,http://ufcstats.com/fighter-details/147e70aa6cc48cfc
803bebcfb6d6f506,Alex,Gorgees,Hitman,http://ufcstats.com/fighter-details/803bebcfb6d6f506
40f3cb27fc7305a1,Themba,Gorimbo,The Answer,http://ufcstats.com/fighter-details/40f3cb27fc7305a1
c10eb2f12c489f6d,Tim,Gorman,The Psycho,http://ufcstats.com/fighter-details/c10eb2f12c489f6d
052ceb8976695342,Chase,Gormley,,http://ufcstats.com/fighter-details/052ceb8976695342
fb1538b46877a695,Jonathan,Goulet,The Road Warrior,http://ufcstats.com/fighter-details/fb1538b46877a695
51e86de150ee8be6,Thibault,Gouti,GT,http://ufcstats.com/fighter-details/51e86de150ee8be6
af5b208e97f5d382,Wilson,Gouveia,,http://ufcstats.com/fighter-details/af5b208e97f5d382
c44acf87e376c62b,Todd,Gouwenberg,,http://ufcstats.com/fighter-details/c44acf87e376c62b
2391a73686200c5d,Hugo,Govea,,http://ufcstats.com/fighter-details/2391a73686200c5d
ae954fd497025462,Justin,Governale,The Therapist,http://ufcstats.com/fighter-details/ae954fd497025462
3f11b5d4bd76a6d9,Damian,Grabowski,The Polish Pitbull,http://ufcstats.com/fighter-details/3f11b5d4bd76a6d9
4e163b53d1de1fbc,Patryk,Grabowski,Czapla,http://ufcstats.com/fighter-details/4e163b53d1de1fbc
429e7d3725852ce9,Royce,Gracie,,http://ufcstats.com/fighter-details/429e7d3725852ce9
52d92050a046bc17,Crosley,Gracie,,http://ufcstats.com/fighter-details/52d92050a046bc17
82d6a9ae41aac3f7,Daniel,Gracie,,http://ufcstats.com/fighter-details/82d6a9ae41aac3f7
a9c45a8b21eabadc,Ralph,Gracie,,http://ufcstats.com/fighter-details/a9c45a8b21eabadc
aae0897825336b1a,Renzo,Gracie,,http://ufcstats.com/fighter-details/aae0897825336b1a
194fc025f9355db6,Rickson,Gracie,,http://ufcstats.com/fighter-details/194fc025f9355db6
36877f0e62b25b96,Rodrigo,Gracie,,http://ufcstats.com/fighter-details/36877f0e62b25b96
b807814d977682eb,Royler,Gracie,,http://ufcstats.com/fighter-details/b807814d977682eb
0c3838c8f7c620c2,Ryan,Gracie,,http://ufcstats.com/fighter-details/0c3838c8f7c620c2
84283233ec42be5f,Ralek,Gracie,,http://ufcstats.com/fighter-details/84283233ec42be5f
e4a9dbade7c7e1a7,Rolles,Gracie,,http://ufcstats.com/fighter-details/e4a9dbade7c7e1a7
079488710f012779,Cesar,Gracie,,http://ufcstats.com/fighter-details/079488710f012779
a6bbd3df469c6bea,Roger,Gracie,,http://ufcstats.com/fighter-details/a6bbd3df469c6bea
722b870449243083,Igor,Gracie,,http://ufcstats.com/fighter-details/722b870449243083
12d855d12a624da2,Neiman,Gracie,,http://ufcstats.com/fighter-details/12d855d12a624da2
242d36d241b43c12,Kron,Gracie,,http://ufcstats.com/fighter-details/242d36d241b43c12
fb37795db81f93f3,Bogdan,Grad,The Unleashed,http://ufcstats.com/fighter-details/fb37795db81f93f3
3e514f437c51ce0a,Steven,Graham,,http://ufcstats.com/fighter-details/3e514f437c51ce0a
6e4acc2c115215b5,Scott,Graham,,http://ufcstats.com/fighter-details/6e4acc2c115215b5
7559395ad833c074,Miranda,Granger,Danger,http://ufcstats.com/fighter-details/7559395ad833c074
a26198ba5093147e,TJ,Grant,,http://ufcstats.com/fighter-details/a26198ba5093147e
113df4fde64735c6,Davey,Grant,Dangerous,http://ufcstats.com/fighter-details/113df4fde64735c6
8be158ca1e5ea6a0,Dwight,Grant,The Body Snatcher,http://ufcstats.com/fighter-details/8be158ca1e5ea6a0
e8b731feff72294b,Alexa,Grasso,,http://ufcstats.com/fighter-details/e8b731feff72294b
601964f9654f911a,Tony,Gravely,,http://ufcstats.com/fighter-details/601964f9654f911a
3f1d23b01c552a13,Michael,Graves,,http://ufcstats.com/fighter-details/3f1d23b01c552a13
642862d6d63605cd,Shelton,Graves,The Gravedigger,http://ufcstats.com/fighter-details/642862d6d63605cd
2db65fc038c0018e,James,Gray,The Phenom,http://ufcstats.com/fighter-details/2db65fc038c0018e
bb0d290026d7681d,Kevin,Gray,Pocket Herc,http://ufcstats.com/fighter-details/bb0d290026d7681d
6d12031661db8ac8,Sam,Greco,,http://ufcstats.com/fighter-details/6d12031661db8ac8
887961364be5ceb3,King,Green,,http://ufcstats.com/fighter-details/887961364be5ceb3
f046d724d2a84ac5,Desmond,Green,The Predator,http://ufcstats.com/fighter-details/f046d724d2a84ac5
5eb50529a8418b77,Gabe,Green,Gifted,http://ufcstats.com/fighter-details/5eb50529a8418b77
068f8a189a47fea6,Maurice,Greene,The Crochet Boss,http://ufcstats.com/fighter-details/068f8a189a47fea6
bfc2fc38a0e20211,Matt,Grice,The Real One,http://ufcstats.com/fighter-details/bfc2fc38a0e20211
fcffee71cff5530e,Forrest,Griffin,,http://ufcstats.com/fighter-details/fcffee71cff5530e
20205040232ed0f3,Tyson,Griffin,,http://ufcstats.com/fighter-details/20205040232ed0f3
b0d6a1d8ac3d563d,Max,Griffin,Pain,http://ufcstats.com/fighter-details/b0d6a1d8ac3d563d
ebef46976554f975,Jordan,Griffin,Native Psycho,http://ufcstats.com/fighter-details/ebef46976554f975
fdf18227faa596dd,Chad,Griggs,The Grave Digger,http://ufcstats.com/fighter-details/fdf18227faa596dd
68b8ebdfce9dbb61,Charalampos,Grigoriou,Ferocious,http://ufcstats.com/fighter-details/68b8ebdfce9dbb61
7fb4234670271505,Chuck,Grigsby,The Reverend,http://ufcstats.com/fighter-details/7fb4234670271505
dde70a112e053a6c,Rodrigo,Gripp de Sousa,Riscado,http://ufcstats.com/fighter-details/dde70a112e053a6c
950d0ef5c17157c5,Maxim,Grishin,Maximus,http://ufcstats.com/fighter-details/950d0ef5c17157c5
60ba33c3f555a7a3,Josh,Grispi,The Fluke,http://ufcstats.com/fighter-details/60ba33c3f555a7a3
6741218640534d8b,Garrett,Gross,,http://ufcstats.com/fighter-details/6741218640534d8b
234f3767ff0e5701,Kendall,Grove,Da Spyder,http://ufcstats.com/fighter-details/234f3767ff0e5701
36a432f22144843e,Neil,Grove,Goliath,http://ufcstats.com/fighter-details/36a432f22144843e
feaf00f3373435d6,Chris,Gruetzemacher,Gritz,http://ufcstats.com/fighter-details/feaf00f3373435d6
1e7483dbff40b84b,Vik,Grujic,The Spartan,http://ufcstats.com/fighter-details/1e7483dbff40b84b
56fcb2c4d99f9d1b,Mike,Grundy,,http://ufcstats.com/fighter-details/56fcb2c4d99f9d1b
dd12382f28296f7b,Wang,Guan,The Dongbei Tiger,http://ufcstats.com/fighter-details/dd12382f28296f7b
dc052ab64be66e1d,Anthony,Guarascio,The Daywalker,http://ufcstats.com/fighter-details/dc052ab64be66e1d
1abfb658cd4f8533,Nandor,Guelmino,The Hun,http://ufcstats.com/fighter-details/1abfb658cd4f8533
2963369e327e1979,Fabricio,Guerreiro,,http://ufcstats.com/fighter-details/2963369e327e1979
8300a47f6fd6fe4f,Rainn,Guerrero,Purple Rainn,http://ufcstats.com/fighter-details/8300a47f6fd6fe4f
9f1641c08cf8fbe2,Shannon,Gugerty,,http://ufcstats.com/fighter-details/9f1641c08cf8fbe2
c47df9303d318c67,Clay,Guida,The Carpenter,http://ufcstats.com/fighter-details/c47df9303d318c67
ce25b4ed82b1811b,Jason,Guida,,http://ufcstats.com/fighter-details/ce25b4ed82b1811b
ccd1299e0345e0ce,Melvin,Guillard,The Young Assassin,http://ufcstats.com/fighter-details/ccd1299e0345e0ce
da0f33e4255f99eb,Chris,Guillen,,http://ufcstats.com/fighter-details/da0f33e4255f99eb
0c9c0a43d3f3f49d,Marcelo,Guimaraes,Magrao,http://ufcstats.com/fighter-details/0c9c0a43d3f3f49d
cc98d857b148e33a,Leonardo,Guimaraes,Leleco,http://ufcstats.com/fighter-details/cc98d857b148e33a
4d74641fac830182,Brad,Gumm,,http://ufcstats.com/fighter-details/4d74641fac830182
a0c139b34f11421a,John,Gunderson,Quick Guns,http://ufcstats.com/fighter-details/a0c139b34f11421a
3956bdc8ab2e54b3,John,Gunther,The Machine,http://ufcstats.com/fighter-details/3956bdc8ab2e54b3
04d5718ed2661e8c,Jorge,Gurgel,,http://ufcstats.com/fighter-details/04d5718ed2661e8c
8377c5572cb356f3,Fabio,Gurgel,,http://ufcstats.com/fighter-details/8377c5572cb356f3
29162be25ebef5f0,Luis,Gurule,Grim,http://ufcstats.com/fighter-details/29162be25ebef5f0
ef5dcb10d2bd4b0f,Bogdan,Guskov,Czarevitch,http://ufcstats.com/fighter-details/ef5dcb10d2bd4b0f
e34e3b1fffa13a6a,Gugun,Gusman,The Tiger,http://ufcstats.com/fighter-details/e34e3b1fffa13a6a
cc300e9aa3063431,Andre,Gusmao,,http://ufcstats.com/fighter-details/cc300e9aa3063431
3c6976f8182d9527,Alexander,Gustafsson,The Mauler,http://ufcstats.com/fighter-details/3c6976f8182d9527
2caf993f53541fa1,Andreas,Gustafsson,Bane,http://ufcstats.com/fighter-details/2caf993f53541fa1
a789defa9086da46,Justin,Guthrie,,http://ufcstats.com/fighter-details/a789defa9086da46
cd85b48dc880fabd,Horacio,Gutierrez,The Punisher,http://ufcstats.com/fighter-details/cd85b48dc880fabd
45f0cc9d18f35137,Chris,Gutierrez,El Guapo,http://ufcstats.com/fighter-details/45f0cc9d18f35137
5f33ae0620e050c5,Mando,Gutierrez,El Toro,http://ufcstats.com/fighter-details/5f33ae0620e050c5
eaea0fc7b76525a8,Mike,Guymon,The Joker,http://ufcstats.com/fighter-details/eaea0fc7b76525a8
184b7a36d50dcc5e,Chelsea,Hackett,Hammer,http://ufcstats.com/fighter-details/184b7a36d50dcc5e
bf12aca029bfcc47,Keith,Hackney,The Giant Killer,http://ufcstats.com/fighter-details/bf12aca029bfcc47
8e6654e9f0461b8f,Cody,Haddon,,http://ufcstats.com/fighter-details/8e6654e9f0461b8f
60a42bf82447c919,Jake,Hadley,White Kong,http://ufcstats.com/fighter-details/60a42bf82447c919
99793cf88c5adeee,Steve,Hadsel,,http://ufcstats.com/fighter-details/99793cf88c5adeee
38c626ca912c7bac,Damir,Hadzovic,The Bosnian Bomber,http://ufcstats.com/fighter-details/38c626ca912c7bac
f4d92416da98804b,Bassil,Hafez,The Habibi,http://ufcstats.com/fighter-details/f4d92416da98804b
219a254e15d60135,Tim,Hague,The Trashing Machine,http://ufcstats.com/fighter-details/219a254e15d60135
8a213af406eb2dd4,Theo,Haig,,http://ufcstats.com/fighter-details/8a213af406eb2dd4
4955c524c2a71469,Yazan,Hajeh,Yazzle Dazzle,http://ufcstats.com/fighter-details/4955c524c2a71469
206a7d47eb62170e,Stoney,Hale,The Skuller,http://ufcstats.com/fighter-details/206a7d47eb62170e
439d4bbefd4e6940,Kevin,Haley,The North Woods Nightmare,http://ufcstats.com/fighter-details/439d4bbefd4e6940
18524b46c570730b,Mark,Hall,,http://ufcstats.com/fighter-details/18524b46c570730b
65578a75fa7900e3,Uriah,Hall,Prime Time,http://ufcstats.com/fighter-details/65578a75fa7900e3
8866c6f509c19089,Ryan,Hall,The Wizard,http://ufcstats.com/fighter-details/8866c6f509c19089
8a8a84b743ae7699,Dennis,Hallman,Superman,http://ufcstats.com/fighter-details/8a8a84b743ae7699
a3be148af5c7b088,Piotr,Hallmann,Pletwal,http://ufcstats.com/fighter-details/a3be148af5c7b088
bad28b7b34f334de,Tony,Halme,,http://ufcstats.com/fighter-details/bad28b7b34f334de
e763679f15326ae1,Brandon,Halsey,Bull,http://ufcstats.com/fighter-details/e763679f15326ae1
88c8f47241d90040,John,Halverson,The Hurricane,http://ufcstats.com/fighter-details/88c8f47241d90040
165c244bcca3ed26,Seo Hee,Ham,,http://ufcstats.com/fighter-details/165c244bcca3ed26
c3c23c99477c041b,Frank,Hamaker,,http://ufcstats.com/fighter-details/c3c23c99477c041b
1b4d6971bb18b82c,Kazuhiro,Hamanaka,,http://ufcstats.com/fighter-details/1b4d6971bb18b82c
a59017211b775b5d,Rami,Hamed,,http://ufcstats.com/fighter-details/a59017211b775b5d
98b80a717b9bda17,Matt,Hamill,The Hammer,http://ufcstats.com/fighter-details/98b80a717b9bda17
7ada6ea792a34424,Jeremy,Hamilton,Hawk,http://ufcstats.com/fighter-details/7ada6ea792a34424
c727c7d31c50c4cf,Anthony,Hamilton,Freight Train,http://ufcstats.com/fighter-details/c727c7d31c50c4cf
7da5839b223f3728,CJ,Hamilton,The Autobot,http://ufcstats.com/fighter-details/7da5839b223f3728
23459ee7e373b98f,Jared,Hamman,The Messenger,http://ufcstats.com/fighter-details/23459ee7e373b98f
1f77fce698e80488,James,Hammortree,The Sledge,http://ufcstats.com/fighter-details/1f77fce698e80488
24e9d6b0a24cff9d,Dean,Hancock,The Hammer,http://ufcstats.com/fighter-details/24e9d6b0a24cff9d
98533a2738124a0d,Chad,Hanekom,Superman,http://ufcstats.com/fighter-details/98533a2738124a0d
86e388ed20761ad9,Joachim,Hansen,Hellboy,http://ufcstats.com/fighter-details/86e388ed20761ad9
4100c7a09497ad41,Kay,Hansen,,http://ufcstats.com/fighter-details/4100c7a09497ad41
b7b84ccd221be298,Nasrat,Haqparast,,http://ufcstats.com/fighter-details/b7b84ccd221be298
05b17ae24e6bba81,Shin,Haraguchi,,http://ufcstats.com/fighter-details/05b17ae24e6bba81
b9c3ee342eb72100,Janay,Harding,Hollowpoint,http://ufcstats.com/fighter-details/b9c3ee342eb72100
69b69c0178c4004d,Antoni,Hardonk,,http://ufcstats.com/fighter-details/69b69c0178c4004d
f55a6807b6bb853d,George,Hardwick,King,http://ufcstats.com/fighter-details/f55a6807b6bb853d
473ce3aa581251a2,Dan,Hardy,The Outlaw,http://ufcstats.com/fighter-details/473ce3aa581251a2
4798e823ada58fe9,Veronica,Hardy,,http://ufcstats.com/fighter-details/4798e823ada58fe9
85073dbd1be65ed9,Greg,Hardy,Prince of War,http://ufcstats.com/fighter-details/85073dbd1be65ed9
4d1e92b61bcef308,Tobias,Harila,Bad Intention,http://ufcstats.com/fighter-details/4d1e92b61bcef308
848809f3986b4977,Baru,Harn,Seiryu,http://ufcstats.com/fighter-details/848809f3986b4977
14a433bccba87016,Scott,Harper,,http://ufcstats.com/fighter-details/14a433bccba87016
e5864a42c80294f6,Josiah,Harrell,Muscle Hamster,http://ufcstats.com/fighter-details/e5864a42c80294f6
30cd319d39ee689b,Gerry,Harris,,http://ufcstats.com/fighter-details/30cd319d39ee689b
c4b81cdecd5d6abe,Gerald,Harris,,http://ufcstats.com/fighter-details/c4b81cdecd5d6abe
ba043b03eb799063,Phil,Harris,Billy,http://ufcstats.com/fighter-details/ba043b03eb799063
03f982ca3735070c,Walt,Harris,The Big Ticket,http://ufcstats.com/fighter-details/03f982ca3735070c
0e96af5220d27ed4,Dhafir,Harris,Dada 5000,http://ufcstats.com/fighter-details/0e96af5220d27ed4
0e98b05d3cf6d271,Trevor,Harris,,http://ufcstats.com/fighter-details/0e98b05d3cf6d271
a53d30163304aa6e,Carlston,Harris,Mocambique,http://ufcstats.com/fighter-details/a53d30163304aa6e
1af1170ed937cba7,Kayla,Harrison,,http://ufcstats.com/fighter-details/1af1170ed937cba7
16bf6a73bdd302cd,Collin,Hart,,http://ufcstats.com/fighter-details/16bf6a73bdd302cd
6412da484125716b,Joey,Hart,The Hitman,http://ufcstats.com/fighter-details/6412da484125716b
058e4e08a1ad8aba,Dale,Hartt,,http://ufcstats.com/fighter-details/058e4e08a1ad8aba
34f3869747bf8fa9,Luke,Hartwig,,http://ufcstats.com/fighter-details/34f3869747bf8fa9
83a477a7dba1ca58,Clay,Harvison,Bushwacker,http://ufcstats.com/fighter-details/83a477a7dba1ca58
2a2eeee20ef049cf,Hidehiko,Hasegawa,,http://ufcstats.com/fighter-details/2a2eeee20ef049cf
5bd533d50c8e7b8a,Chris,Haseman,The Hammer,http://ufcstats.com/fighter-details/5bd533d50c8e7b8a
ae4343d29c68e9d0,Takayo,Hashi,,http://ufcstats.com/fighter-details/ae4343d29c68e9d0
a890f9a791ed615d,Tomohiko,Hashimoto,,http://ufcstats.com/fighter-details/a890f9a791ed615d
77940e45bc86208e,Justin,Haskins,,http://ufcstats.com/fighter-details/77940e45bc86208e
cf615eb4b7862c76,Hayder,Hassan,Hulk,http://ufcstats.com/fighter-details/cf615eb4b7862c76
bf7a64d9ae343e86,Ahmad,Hassanzada,Lion of the Ring,http://ufcstats.com/fighter-details/bf7a64d9ae343e86
c76ceda100ac0fad,Daiki,Hata,DJ Taiki,http://ufcstats.com/fighter-details/c76ceda100ac0fad
28f3c2258a1d8874,John,Hathaway,The Hitman,http://ufcstats.com/fighter-details/28f3c2258a1d8874
547afe1017e72dbe,Phil,Hawes,No Hype,http://ufcstats.com/fighter-details/547afe1017e72dbe
5c7fc58e782b6842,Justin,Hawes,The Hawk,http://ufcstats.com/fighter-details/5c7fc58e782b6842
9460c867aae1987e,Chris,Hawk,,http://ufcstats.com/fighter-details/9460c867aae1987e
885e7f70dcac0007,Del,Hawkins,The Filipino Delight,http://ufcstats.com/fighter-details/885e7f70dcac0007
0871254cd790c250,Tommy,Hayden,Wild Card,http://ufcstats.com/fighter-details/0871254cd790c250
0cfbbfa0ba6d9855,Mike,Hayes,,http://ufcstats.com/fighter-details/0cfbbfa0ba6d9855
a620638435de0628,Ryan,Hayes,,http://ufcstats.com/fighter-details/a620638435de0628
7d6a3546c988cdc0,Gerric,Hayes,,http://ufcstats.com/fighter-details/7d6a3546c988cdc0
6ef58dabef8beb15,Josh,Haynes,Bring the Pain,http://ufcstats.com/fighter-details/6ef58dabef8beb15
a149d6bc670cdb60,Dustin,Hazelett,McLovin,http://ufcstats.com/fighter-details/a149d6bc670cdb60
19a8cce18a1cef9e,James,Head,,http://ufcstats.com/fighter-details/19a8cce18a1cef9e
50d2f0018bcf9eef,Pat,Healy,Bam Bam,http://ufcstats.com/fighter-details/50d2f0018bcf9eef
f3eb664db7fb1df3,Ryan,Healy,The Irish Assassin,http://ufcstats.com/fighter-details/f3eb664db7fb1df3
d85cf12439945941,Spencer,Hearns,,http://ufcstats.com/fighter-details/d85cf12439945941
4f95f74620a6b7a4,David,Heath,,http://ufcstats.com/fighter-details/4f95f74620a6b7a4
bad8be5827ea1bf1,Chris,Heatherly,Stump,http://ufcstats.com/fighter-details/bad8be5827ea1bf1
e57fdbea1b828202,Jake,Hecht,Hitman,http://ufcstats.com/fighter-details/e57fdbea1b828202
2816ced060a21be3,Nick,Hein,Sergeant,http://ufcstats.com/fighter-details/2816ced060a21be3
2e585c701f72fe55,Ian,Heinisch,The Hurricane,http://ufcstats.com/fighter-details/2e585c701f72fe55
bf43fed8f29e1671,Marcin,Held,,http://ufcstats.com/fighter-details/bf43fed8f29e1671
970beed85bc46b63,Delson,Heleno,Pe De Chumbo,http://ufcstats.com/fighter-details/970beed85bc46b63
cacfd51b8e97ace0,Matt,Helm,,http://ufcstats.com/fighter-details/cacfd51b8e97ace0
0971be7d94e109e1,Elisha,Helsper,Knuckles,http://ufcstats.com/fighter-details/0971be7d94e109e1
1ccf4e7caff270df,Dan,Henderson,Hendo,http://ufcstats.com/fighter-details/1ccf4e7caff270df
2676b28836a5a836,Benson,Henderson,Smooth,http://ufcstats.com/fighter-details/2676b28836a5a836
498f0d066396ec59,Ron,Henderson,,http://ufcstats.com/fighter-details/498f0d066396ec59
7649c4c95b824488,Josh,Hendricks,,http://ufcstats.com/fighter-details/7649c4c95b824488
0941df56f6ac954b,Johny,Hendricks,Bigg Rigg,http://ufcstats.com/fighter-details/0941df56f6ac954b
9ab9912e0f8fa6d6,Cory,Hendricks,,http://ufcstats.com/fighter-details/9ab9912e0f8fa6d6
e5bda12faabfc850,Luis,Henrique,KLB,http://ufcstats.com/fighter-details/e5bda12faabfc850
20a0e4cc5227c117,Jose,Henrique,Canela,http://ufcstats.com/fighter-details/20a0e4cc5227c117
1649770c649db6a5,Diego,Henrique da Silva,Gaucho,http://ufcstats.com/fighter-details/1649770c649db6a5
f7d73e452b064bf2,Danny,Henry,The Hatchet,http://ufcstats.com/fighter-details/f7d73e452b064bf2
eb8d8c2a95cfccb8,Victor,Henry,La Mangosta,http://ufcstats.com/fighter-details/eb8d8c2a95cfccb8
e1acbb6352ca3551,TJ,Hepburn,The Carnivore,http://ufcstats.com/fighter-details/e1acbb6352ca3551
4c88a1db5a46c6a4,Jai,Herbert,Black Country Banger,http://ufcstats.com/fighter-details/4c88a1db5a46c6a4
06f36cf4bd97ec77,Ed,Herman,Short Fuse,http://ufcstats.com/fighter-details/06f36cf4bd97ec77
cbd6f1abf955e628,Dave,Herman,,http://ufcstats.com/fighter-details/cbd6f1abf955e628
0a1942069c9ad6b6,Jack,Hermansson,The Joker,http://ufcstats.com/fighter-details/0a1942069c9ad6b6
df2cf66d8c0123db,Noe,Hernandez,,http://ufcstats.com/fighter-details/df2cf66d8c0123db
4a76daef28549957,Joe,Hernandez,,http://ufcstats.com/fighter-details/4a76daef28549957
915c8d39d4a0e7d1,Ramiro,Hernandez,Junior,http://ufcstats.com/fighter-details/915c8d39d4a0e7d1
262a7d06203657e6,Alexander,Hernandez,The Great Ape,http://ufcstats.com/fighter-details/262a7d06203657e6
093e1f5bb73850be,Anthony,Hernandez,Fluffy,http://ufcstats.com/fighter-details/093e1f5bb73850be
f97c5433c77522d3,Nohelin,Hernandez,Suave,http://ufcstats.com/fighter-details/f97c5433c77522d3
798e48f9e7f6ba22,Carlos,Hernandez,,http://ufcstats.com/fighter-details/798e48f9e7f6ba22
fc8610cc15674ae2,Leslie,Hernandez,Dora The Destroyer,http://ufcstats.com/fighter-details/fc8610cc15674ae2
440c9dbab63528fb,Paul,Herrera,The Bone Crusher,http://ufcstats.com/fighter-details/440c9dbab63528fb
f71028a6e5128856,Chris,Herrera,The Crusher,http://ufcstats.com/fighter-details/f71028a6e5128856
c169545ab0825f44,Geane,Herrera,La Pulga,http://ufcstats.com/fighter-details/c169545ab0825f44
74d35fbc9c6a61bd,Alvaro,Herrera Mendoza,Chango,http://ufcstats.com/fighter-details/74d35fbc9c6a61bd
b6850671a008bf9a,Felice,Herrig,Lil Bulldog,http://ufcstats.com/fighter-details/b6850671a008bf9a
7450525c7ba032a0,Heath,Herring,The Texas Crazy Horse,http://ufcstats.com/fighter-details/7450525c7ba032a0
32a3025d5db456ae,Jon,Hess,,http://ufcstats.com/fighter-details/32a3025d5db456ae
92b62174c175ce19,Clint,Hester,Headbussa,http://ufcstats.com/fighter-details/92b62174c175ce19
13150cf89a5b81e0,Brandon,Hester,The Beast,http://ufcstats.com/fighter-details/13150cf89a5b81e0
893d51aaf024eddd,Jimy,Hettes,The Kid,http://ufcstats.com/fighter-details/893d51aaf024eddd
fdb02029556ff4ed,Conor,Heun,Hurricane,http://ufcstats.com/fighter-details/fdb02029556ff4ed
e69c5ce12f4e762b,Marcus,Hicks,The Wrecking Ball,http://ufcstats.com/fighter-details/e69c5ce12f4e762b
5bb0a618ad03ac64,Jay,Hieron,The Thoroughbred,http://ufcstats.com/fighter-details/5bb0a618ad03ac64
7af33fc4435017f1,Brady,Hiestand,Bam Bam,http://ufcstats.com/fighter-details/7af33fc4435017f1
88432fe79d5091d9,Lee,Higgins,,http://ufcstats.com/fighter-details/88432fe79d5091d9
e5d03e4d966126bd,Jason,High,The Kansas City Bandit,http://ufcstats.com/fighter-details/e5d03e4d966126bd
318e629d1eb7aa49,Richie,Hightower,The Dirty Samurai,http://ufcstats.com/fighter-details/318e629d1eb7aa49
2af2d675f7d847e3,Alex,Higley,,http://ufcstats.com/fighter-details/2af2d675f7d847e3
abbc737317f66b81,Corey,Hill,,http://ufcstats.com/fighter-details/abbc737317f66b81
86b30a86664cb6e4,Isaiah,Hill,,http://ufcstats.com/fighter-details/86b30a86664cb6e4
f0feeb2192937424,Angela,Hill,Overkill,http://ufcstats.com/fighter-details/f0feeb2192937424
006efbb0c1621fd7,Tyler,Hill,,http://ufcstats.com/fighter-details/006efbb0c1621fd7
5444c5a201d3ee5a,Jamahal,Hill,Sweet Dreams,http://ufcstats.com/fighter-details/5444c5a201d3ee5a
bc7efc037c5f6550,Kailan,Hill,,http://ufcstats.com/fighter-details/bc7efc037c5f6550
ab2a4b5e04dc5fe9,Alvin,Hines,Goozie,http://ufcstats.com/fighter-details/ab2a4b5e04dc5fe9
06f0ffa6446c5b6d,Branden Lee,Hinkle,The Iron Lion,http://ufcstats.com/fighter-details/06f0ffa6446c5b6d
ef7fa30364cbe7f2,Hatsu,Hioki,,http://ufcstats.com/fighter-details/ef7fa30364cbe7f2
483b3170b3c05cf0,Alan,Hiro,Yamaniha,http://ufcstats.com/fighter-details/483b3170b3c05cf0
9d4522df6fc49a47,Kuniyoshi,Hironaka,,http://ufcstats.com/fighter-details/9d4522df6fc49a47
35faad160d346839,Mizuto,Hirota,Pugnus,http://ufcstats.com/fighter-details/35faad160d346839
8332a607df696345,Yuji,Hisamatsu,,http://ufcstats.com/fighter-details/8332a607df696345
6c9384138c82962f,An Tuan,Ho,Highlight,http://ufcstats.com/fighter-details/6c9384138c82962f
c13042265355a290,Kwan,Ho Kwak,,http://ufcstats.com/fighter-details/c13042265355a290
b57edace7b647f07,Matt,Hobar,The Crowbar,http://ufcstats.com/fighter-details/b57edace7b647f07
afaad7d6a581e307,Bobby,Hoffman,The Truth,http://ufcstats.com/fighter-details/afaad7d6a581e307
33fb306278dbb3e5,Chris,Hofmann,,http://ufcstats.com/fighter-details/33fb306278dbb3e5
84a067c46306a737,Sam,Hoger,The Alaskan Assassin,http://ufcstats.com/fighter-details/84a067c46306a737
955da1675ad58a50,Josh,Hokit,The Incredible Hok,http://ufcstats.com/fighter-details/955da1675ad58a50
66ab58d0b3783607,Andrew,Holbrook,,http://ufcstats.com/fighter-details/66ab58d0b3783607
acbb9c76f5894e36,Sean,Holden,,http://ufcstats.com/fighter-details/acbb9c76f5894e36
fc60ecf0671b9489,Chris,Holdsworth,,http://ufcstats.com/fighter-details/fc60ecf0671b9489
3a46b268013afede,Kevin,Holland,Trailblazer,http://ufcstats.com/fighter-details/3a46b268013afede
27d65e9d0fba61ea,Roger,Hollett,The Hulk,http://ufcstats.com/fighter-details/27d65e9d0fba61ea
150ff4cc642270b9,Max,Holloway,Blessed,http://ufcstats.com/fighter-details/150ff4cc642270b9
e30715382f42b772,Gabrielle,Holloway,Gabanator,http://ufcstats.com/fighter-details/e30715382f42b772
ee28aa7f1043756c,Jeremie,Holloway,Hit Em,http://ufcstats.com/fighter-details/ee28aa7f1043756c
634e2fb70bde3fd5,Holly,Holm,The Preacher's Daughter,http://ufcstats.com/fighter-details/634e2fb70bde3fd5
b5ea750025697880,Rex,Holman,Big Dog,http://ufcstats.com/fighter-details/b5ea750025697880
8d20d76af3f213ce,Joseph,Holmes,Uglyman Joe,http://ufcstats.com/fighter-details/8d20d76af3f213ce
f295d50c56339ab6,Brandon,Holmes,,http://ufcstats.com/fighter-details/f295d50c56339ab6
a7151778b3381036,Kurt,Holobaugh,The Hurt,http://ufcstats.com/fighter-details/a7151778b3381036
6e7c758f5cdec01a,Paddy,Holohan,The Hooligan,http://ufcstats.com/fighter-details/6e7c758f5cdec01a
6070f16bcfd89fcf,Ben,Holscher,The Teacher,http://ufcstats.com/fighter-details/6070f16bcfd89fcf
c11f50e9c1513ce9,Mark,Holst,Boots,http://ufcstats.com/fighter-details/c11f50e9c1513ce9
df1eb4354d18a906,Scott,Holtzman,Hot Sauce,http://ufcstats.com/fighter-details/df1eb4354d18a906
71f048adbfed5b49,Sabah,Homasi,,http://ufcstats.com/fighter-details/71f048adbfed5b49
0a97691039c4bbfb,Mark,Hominick,The Machine,http://ufcstats.com/fighter-details/0a97691039c4bbfb
472f6f6e6d962f40,Barb,Honchak,Little Warrior,http://ufcstats.com/fighter-details/472f6f6e6d962f40
4d2e3320d815f687,Chris,Honeycutt,The Cutt,http://ufcstats.com/fighter-details/4d2e3320d815f687
b24666e26bd750a3,JunYoung,Hong,Drunken Red,http://ufcstats.com/fighter-details/b24666e26bd750a3
10d4575f497face4,SeongChan,Hong,Honey Badger,http://ufcstats.com/fighter-details/10d4575f497face4
d2b1c1317a39f6c6,Satoshi,Honma,,http://ufcstats.com/fighter-details/d2b1c1317a39f6c6
5af480a3b2e1726b,David,Hood,,http://ufcstats.com/fighter-details/5af480a3b2e1726b
7f9abc4db2d05764,Lorenzo,Hood,Dream Killer,http://ufcstats.com/fighter-details/7f9abc4db2d05764
193b9d1858bc4df3,Dan,Hooker,The Hangman,http://ufcstats.com/fighter-details/193b9d1858bc4df3
971246648e162f0d,Chase,Hooper,The Dream,http://ufcstats.com/fighter-details/971246648e162f0d
18e8b7070228e728,Darrell,Horcher,The Saint,http://ufcstats.com/fighter-details/18e8b7070228e728
baf942f4bcb09894,Moti,Horenstein,,http://ufcstats.com/fighter-details/baf942f4bcb09894
3fa7688bfe48a493,Yoshinori,Horie,,http://ufcstats.com/fighter-details/3fa7688bfe48a493
98aa60cf58071fd6,Kyoji,Horiguchi,,http://ufcstats.com/fighter-details/98aa60cf58071fd6
f6c1ce7cfd600662,Yuma,Horiuchi,Ichiban,http://ufcstats.com/fighter-details/f6c1ce7cfd600662
8d26912cd2aeb366,Jeremy,Horn,Gumby,http://ufcstats.com/fighter-details/8d26912cd2aeb366
21632ba272c0785a,Matt,Horning,Horndog,http://ufcstats.com/fighter-details/21632ba272c0785a
e29cf523ebd155c5,Chris,Horodecki,The Polish Hammer,http://ufcstats.com/fighter-details/e29cf523ebd155c5
5c637af9472ae7cc,Jamey-Lyn,Horth,,http://ufcstats.com/fighter-details/5c637af9472ae7cc
049d698d773eb3e1,Matt,Horwich,Suave,http://ufcstats.com/fighter-details/049d698d773eb3e1
57591bbf1623574e,John,Hosman,,http://ufcstats.com/fighter-details/57591bbf1623574e
21f2974fd08085e3,Saeed,Hosseini,,http://ufcstats.com/fighter-details/21f2974fd08085e3
97a8f39186f489db,Jeff,Hougland,Hellbound,http://ufcstats.com/fighter-details/97a8f39186f489db
c6668eeb261588d3,Trey,Houston,,http://ufcstats.com/fighter-details/c6668eeb261588d3
4b1896310a907656,Jamie,Houston,,http://ufcstats.com/fighter-details/4b1896310a907656
36fbaa49a09ff997,Brian,Houston,B-Hue,http://ufcstats.com/fighter-details/36fbaa49a09ff997
a2b06ca02bca14c0,Harold,Howard,,http://ufcstats.com/fighter-details/a2b06ca02bca14c0
fc31f896cde2bc2e,John,Howard,Doomsday,http://ufcstats.com/fighter-details/fc31f896cde2bc2e
a7de976620f2ed13,Shane,Howell,,http://ufcstats.com/fighter-details/a7de976620f2ed13
f1175ea3aafbf351,Hu,Yaozong,Totoro,http://ufcstats.com/fighter-details/f1175ea3aafbf351
225def29ecfe0fc1,Carlos,Huachin,Perro Malo,http://ufcstats.com/fighter-details/225def29ecfe0fc1
1ec1b6a7a29ffc71,Brady,Huang,The Kung Fu Warrior,http://ufcstats.com/fighter-details/1ec1b6a7a29ffc71
1c8b9f4d89b92e1b,Yuele,Huang,,http://ufcstats.com/fighter-details/1c8b9f4d89b92e1b
e71c75f533a30daa,Huang,Feier,Muscle Barbie,http://ufcstats.com/fighter-details/e71c75f533a30daa
d2cd7a69cc55e7ed,Austin,Hubbard,Thud,http://ufcstats.com/fighter-details/d2cd7a69cc55e7ed
f372a848d250e006,Collin,Huckbody,All In,http://ufcstats.com/fighter-details/f372a848d250e006
8b9197746bd3e005,Alex,Huddleston,The Shaved Gorilla,http://ufcstats.com/fighter-details/8b9197746bd3e005
daf1b84aebd6602b,Roger,Huerta,El Matador,http://ufcstats.com/fighter-details/daf1b84aebd6602b
737d93a42b8c2e94,Casey,Huffman,Hellbent,http://ufcstats.com/fighter-details/737d93a42b8c2e94
621a6c59f88a44fe,Matt,Hughes,,http://ufcstats.com/fighter-details/621a6c59f88a44fe
d62bb4d84a7267ba,Mark,Hughes,,http://ufcstats.com/fighter-details/d62bb4d84a7267ba
6a11e325aa60ad02,Jeff,Hughes,Lights Out,http://ufcstats.com/fighter-details/6a11e325aa60ad02
e94085e821bd81de,Sam,Hughes,Sampage,http://ufcstats.com/fighter-details/e94085e821bd81de
f264ba50b007f39e,Victor,Hugo,Striker,http://ufcstats.com/fighter-details/f264ba50b007f39e
b0718335e9868cfd,David,Hulett,Hollywood,http://ufcstats.com/fighter-details/b0718335e9868cfd
e4cbc82c36e47299,Dominik,Humburger,,http://ufcstats.com/fighter-details/e4cbc82c36e47299
b9c75e7fc910f587,Bryan,Humes,,http://ufcstats.com/fighter-details/b9c75e7fc910f587
cb1b4d237b0079e6,Abongo,Humphrey,,http://ufcstats.com/fighter-details/cb1b4d237b0079e6
f703250471acaf96,Harry,Hunsucker,The Hurricane,http://ufcstats.com/fighter-details/f703250471acaf96
eef9b891edbd4604,Mark,Hunt,Super Samoan,http://ufcstats.com/fighter-details/eef9b891edbd4604
baa5358456803df8,Alex,Hunter,,http://ufcstats.com/fighter-details/baa5358456803df8
edc9eb3051f444fa,Adam,Hunter,Warhammer,http://ufcstats.com/fighter-details/edc9eb3051f444fa
21b54430c8eeb9cc,Joe,Hurley,,http://ufcstats.com/fighter-details/21b54430c8eeb9cc
155bfc7ed36622df,Solomon,Hutcherson,King,http://ufcstats.com/fighter-details/155bfc7ed36622df
8588d14c4952b9fa,Young,Hwang,,http://ufcstats.com/fighter-details/8588d14c4952b9fa
1c01d986283e6acb,In Soo,Hwang,Legendary,http://ufcstats.com/fighter-details/1c01d986283e6acb
59279a7c978f7da0,Al,Iaquinta,Raging,http://ufcstats.com/fighter-details/59279a7c978f7da0
c3218c810959d279,Khadis,Ibragimov,,http://ufcstats.com/fighter-details/c3218c810959d279
4565d435005319c0,Minoki,Ichihara,,http://ufcstats.com/fighter-details/4565d435005319c0
30cad5a751adcb48,Alibi,Idiris,,http://ufcstats.com/fighter-details/30cad5a751adcb48
82a5152216251682,Dan,Ige,50K,http://ufcstats.com/fighter-details/82a5152216251682
7b6ce3a9460565b5,Valeri,Ignatov,,http://ufcstats.com/fighter-details/7b6ce3a9460565b5
df9e9c1f65805d29,Sergey,Ignatov,,http://ufcstats.com/fighter-details/df9e9c1f65805d29
263ebd4a669e1e98,Fabiano,Iha,,http://ufcstats.com/fighter-details/263ebd4a669e1e98
81f38d1640c4e70d,Seichi,Ikemoto,,http://ufcstats.com/fighter-details/81f38d1640c4e70d
b71667c778b6d9e5,Mikhail,Iloukhine,,http://ufcstats.com/fighter-details/b71667c778b6d9e5
7f0f171414d0a287,Zelim,Imadaev,,http://ufcstats.com/fighter-details/7f0f171414d0a287
2ce6541127b0e232,Yusuke,Imamura,,http://ufcstats.com/fighter-details/2ce6541127b0e232
a4dd5c9a75763295,Masakazu,Imanari,,http://ufcstats.com/fighter-details/a4dd5c9a75763295
881bf86d4cba8578,Nassourdine,Imavov,The Sniper,http://ufcstats.com/fighter-details/881bf86d4cba8578
4908c5ee68a50ee5,Brad,Imes,Hillbilly Heartthrob,http://ufcstats.com/fighter-details/4908c5ee68a50ee5
59e52d56bab2b1ee,Michael,Imperato,,http://ufcstats.com/fighter-details/59e52d56bab2b1ee
bb56173e2275e622,Rui,Imura,,http://ufcstats.com/fighter-details/bb56173e2275e622
d5b7fac960e58920,Chris,Indich,,http://ufcstats.com/fighter-details/d5b7fac960e58920
f0a381ba65d2a933,Chris,Inman,,http://ufcstats.com/fighter-details/f0a381ba65d2a933
e7fe5315b1efeb92,Guto,Inocente,,http://ufcstats.com/fighter-details/e7fe5315b1efeb92
0cf935519d439ba6,Enson,Inoue,Yamato Damashii,http://ufcstats.com/fighter-details/0cf935519d439ba6
37a6c95201592fea,Egan,Inoue,,http://ufcstats.com/fighter-details/37a6c95201592fea
b5882371e2a3900d,Katsuya,Inoue,,http://ufcstats.com/fighter-details/b5882371e2a3900d
a61a0cd2829e5d4e,Takeshi,Inoue,Lion,http://ufcstats.com/fighter-details/a61a0cd2829e5d4e
199eb7cf6ae90294,Naoki,Inoue,,http://ufcstats.com/fighter-details/199eb7cf6ae90294
1e75e6c9de99fa76,Jorge,Interiano,,http://ufcstats.com/fighter-details/1e75e6c9de99fa76
05a0556072931f01,Jason,Ireland,The Irish Tornado,http://ufcstats.com/fighter-details/05a0556072931f01
a7f4d0902bb64092,James,Irvin,The Sandman,http://ufcstats.com/fighter-details/a7f4d0902bb64092
a47c2a6e24757932,Eric,Irvin,,http://ufcstats.com/fighter-details/a47c2a6e24757932
e9095aeb36f2aeb8,Issa,Isakov,Determinator,http://ufcstats.com/fighter-details/e9095aeb36f2aeb8
82f5c81f4e3c3eb5,Mitsuhiro,Ishida,The Endless Warrior,http://ufcstats.com/fighter-details/82f5c81f4e3c3eb5
88cd34d836b4ebcd,Teruto,Ishihara,Yashabo,http://ufcstats.com/fighter-details/88cd34d836b4ebcd
c8a49ff2acb6f3c5,Satoshi,Ishii,,http://ufcstats.com/fighter-details/c8a49ff2acb6f3c5
119ebea97e914dcf,Yuki,Ishikawa,,http://ufcstats.com/fighter-details/119ebea97e914dcf
eb89dc31949a1427,Eiji,Ishikawa,,http://ufcstats.com/fighter-details/eb89dc31949a1427
f3155a94ca420126,Tokimitsu,Ishizawa,Kendo Ka Shin,http://ufcstats.com/fighter-details/f3155a94ca420126
135d124172a0bea3,Damir,Ismagulov,Qazaq,http://ufcstats.com/fighter-details/135d124172a0bea3
da6dfd09cca1d705,Wallid,Ismail,,http://ufcstats.com/fighter-details/da6dfd09cca1d705
d1e1fdcea7c8a90a,Leandro,Issa,Brodinho,http://ufcstats.com/fighter-details/d1e1fdcea7c8a90a
f647247f0d9f3b50,Kuya,Ito,Psycho Zombie,http://ufcstats.com/fighter-details/f647247f0d9f3b50
1788eee370f077b7,Blagoy,Ivanov,Baga,http://ufcstats.com/fighter-details/1788eee370f077b7
3c5005b66696d790,Anthony,Ivy,Aquaman,http://ufcstats.com/fighter-details/3c5005b66696d790
ac5f67109accb482,Tomomi,Iwama,,http://ufcstats.com/fighter-details/ac5f67109accb482
243b07fc65ccbb16,Tatsuya,Iwasaki,,http://ufcstats.com/fighter-details/243b07fc65ccbb16
5b08af4fbc987f9c,Taiga,Iwasaki,,http://ufcstats.com/fighter-details/5b08af4fbc987f9c
de26d906f2874dd4,Saygid,Izagakhmaev,,http://ufcstats.com/fighter-details/de26d906f2874dd4
afc2a7ce0c763bd5,Yoislandy,Izquierdo,Cuba,http://ufcstats.com/fighter-details/afc2a7ce0c763bd5
53e4e21f4c688801,Hiroshi,Izumi,,http://ufcstats.com/fighter-details/53e4e21f4c688801
b4eeac608fc82f88,Yves,Jabouin,Tiger,http://ufcstats.com/fighter-details/b4eeac608fc82f88
13b2f59210dda9cc,Kevin,Jackson,,http://ufcstats.com/fighter-details/13b2f59210dda9cc
ce783bf73b5131f9,Eugene,Jackson,The Wolf,http://ufcstats.com/fighter-details/ce783bf73b5131f9
ffc088e64fab57e9,Quinton,Jackson,Rampage,http://ufcstats.com/fighter-details/ffc088e64fab57e9
ad32471f01e7b1a5,Jeremy,Jackson,Scorpion,http://ufcstats.com/fighter-details/ad32471f01e7b1a5
29af297d9f1de0f8,Damon,Jackson,The Leech,http://ufcstats.com/fighter-details/29af297d9f1de0f8
56c5132870a526d5,Kenyon,Jackson,,http://ufcstats.com/fighter-details/56c5132870a526d5
0641c21bec209472,Mike,Jackson,The Truth,http://ufcstats.com/fighter-details/0641c21bec209472
ca8da445dfa82d56,Jason,Jackson,Jah-Son,http://ufcstats.com/fighter-details/ca8da445dfa82d56
cc1a8b4b38b92c6d,Montel,Jackson,Quik,http://ufcstats.com/fighter-details/cc1a8b4b38b92c6d
ba17afef01ed78b6,Eric,Jacob,,http://ufcstats.com/fighter-details/ba17afef01ed78b6
46f557bd44da630e,Richard,Jacobi,,http://ufcstats.com/fighter-details/46f557bd44da630e
e4277e87a789d687,Dustin,Jacoby,The Hanyak,http://ufcstats.com/fighter-details/e4277e87a789d687
1ea8df62b3f8fea6,Justin,James,,http://ufcstats.com/fighter-details/1ea8df62b3f8fea6
a34fecf2f4e5a317,Nate,James,,http://ufcstats.com/fighter-details/a34fecf2f4e5a317
7dda2cf308f24a02,Virna,Jandiroba,Carcara,http://ufcstats.com/fighter-details/7dda2cf308f24a02
b59037262c8fe060,Ryan,Janes,,http://ufcstats.com/fighter-details/b59037262c8fe060
c7b0081edfef4bc7,YunSeong,Jang,,http://ufcstats.com/fighter-details/c7b0081edfef4bc7
8f7380fb0916dc77,Josh,Janousek,,http://ufcstats.com/fighter-details/8f7380fb0916dc77
335ad945324c3a2e,Dave,Jansen,,http://ufcstats.com/fighter-details/335ad945324c3a2e
805ad1801eb26abb,Jaime,Jara,El Cucui,http://ufcstats.com/fighter-details/805ad1801eb26abb
99d5cf1eda8b25c1,Gigo,Jara,The Little Animal,http://ufcstats.com/fighter-details/99d5cf1eda8b25c1
b9d0fd83bb8a147a,Keith,Jardine,The Dean of Mean,http://ufcstats.com/fighter-details/b9d0fd83bb8a147a
64959f90b6dd9759,Brock,Jardine,The Machine,http://ufcstats.com/fighter-details/64959f90b6dd9759
32e8e0e8498f03c2,Josh,Jarvis,,http://ufcstats.com/fighter-details/32e8e0e8498f03c2
b71ce838b01f2cad,Rony,Jason,,http://ufcstats.com/fighter-details/b71ce838b01f2cad
a9e260472d321361,Jasmine,Jasudavicius,,http://ufcstats.com/fighter-details/a9e260472d321361
0e8744ded08ee5fb,Louis,Jauregui,,http://ufcstats.com/fighter-details/0e8744ded08ee5fb
40cb680ae1cd331f,Yazmin,Jauregui,,http://ufcstats.com/fighter-details/40cb680ae1cd331f
304a21d0595e1a08,Justin,Jaynes,The Guitar Hero,http://ufcstats.com/fighter-details/304a21d0595e1a08
3d6749c4267da18f,Joanna,Jedrzejczyk,,http://ufcstats.com/fighter-details/3d6749c4267da18f
ccdcb20370be62a3,Aaron,Jeffery,,http://ufcstats.com/fighter-details/ccdcb20370be62a3
02fc8f50f56eb307,Trent,Jenkins,,http://ufcstats.com/fighter-details/02fc8f50f56eb307
5e841bb3752b6e86,Bubba,Jenkins,The Highlight Kid,http://ufcstats.com/fighter-details/5e841bb3752b6e86
dae85a6a83f53215,Adrienna,Jenkins,AJ,http://ufcstats.com/fighter-details/dae85a6a83f53215
6a8928652fc01bee,Brandon,Jenkins,The Human Highlight Reel,http://ufcstats.com/fighter-details/6a8928652fc01bee
a9da3158dd2c2b5a,Jack,Jenkins,Phar,http://ufcstats.com/fighter-details/a9da3158dd2c2b5a
ad047e3073a775f3,Steve,Jennum,,http://ufcstats.com/fighter-details/ad047e3073a775f3
aae99701b21554e4,Ryan,Jensen,,http://ufcstats.com/fighter-details/aae99701b21554e4
aec273fcb765330d,Kyle,Jensen,,http://ufcstats.com/fighter-details/aec273fcb765330d
24174a3f44ce8e03,Chan-Mi,Jeon,,http://ufcstats.com/fighter-details/24174a3f44ce8e03
6b5b9be990774f0e,Maciej,Jewtuszko,Irokez,http://ufcstats.com/fighter-details/6b5b9be990774f0e
b9e871af730f826c,Ronald,Jhun,The Machine Gun,http://ufcstats.com/fighter-details/b9e871af730f826c
8677e67a75d65b8e,Baergeng,Jieleyisi,,http://ufcstats.com/fighter-details/8677e67a75d65b8e
59d36ddfcb27b7dc,Gilbert,Jimenez,,http://ufcstats.com/fighter-details/59d36ddfcb27b7dc
1c02b964466c10e4,Ramiro,Jimenez,El Cachanilla,http://ufcstats.com/fighter-details/1c02b964466c10e4
a5c53b3ddb31cc7d,Art,Jimmerson,,http://ufcstats.com/fighter-details/a5c53b3ddb31cc7d
bc3ec52ef70fc155,Ryan,Jimmo,The Big Deal,http://ufcstats.com/fighter-details/bc3ec52ef70fc155
4eccb78d628b2238,Jinensibieke,Asikeerbai,,http://ufcstats.com/fighter-details/4eccb78d628b2238
c14a683dac2ebc4c,,Jiniushiyue,Little King Kong,http://ufcstats.com/fighter-details/c14a683dac2ebc4c
6e0e977beb909837,Sung Bin,Jo,Korean Falcon,http://ufcstats.com/fighter-details/6e0e977beb909837
2a4200ead401a9ce,Carls,John De Tomas,,http://ufcstats.com/fighter-details/2a4200ead401a9ce
a8fa0c4e95512806,Phil,Johns,,http://ufcstats.com/fighter-details/a8fa0c4e95512806
ec52462a1b41f714,Brett,Johns,The Pikey,http://ufcstats.com/fighter-details/ec52462a1b41f714
46e0d677f91bacc0,Miles,Johns,Chapo,http://ufcstats.com/fighter-details/46e0d677f91bacc0
365fee2da473b177,Anthony,Johnson,Rumble,http://ufcstats.com/fighter-details/365fee2da473b177
322a56923b396b4d,DaMarques,Johnson,Darkness,http://ufcstats.com/fighter-details/322a56923b396b4d
22f4b6cb6b1bd7fd,Devin,Johnson,,http://ufcstats.com/fighter-details/22f4b6cb6b1bd7fd
443835675e8fc6ca,Travis,Johnson,,http://ufcstats.com/fighter-details/443835675e8fc6ca
fa2fca260beeb9c0,Ricky,Johnson,,http://ufcstats.com/fighter-details/fa2fca260beeb9c0
3641a0d117e9bc6c,Tony,Johnson,,http://ufcstats.com/fighter-details/3641a0d117e9bc6c
e6c5908910cc26e4,Lavar,Johnson,Big,http://ufcstats.com/fighter-details/e6c5908910cc26e4
8a304bfd6bf04a57,Demetrious,Johnson,Mighty Mouse,http://ufcstats.com/fighter-details/8a304bfd6bf04a57
511e82663651438d,Michael,Johnson,The Menace,http://ufcstats.com/fighter-details/511e82663651438d
bf97ad31eae89429,Deshaun,Johnson,,http://ufcstats.com/fighter-details/bf97ad31eae89429
633a45d131192ffe,Kajan,Johnson,Ragin',http://ufcstats.com/fighter-details/633a45d131192ffe
36207c58e854cae5,Dashon,Johnson,Flyboy,http://ufcstats.com/fighter-details/36207c58e854cae5
cc900af167fbedfd,Timothy,Johnson,,http://ufcstats.com/fighter-details/cc900af167fbedfd
a45bab49951a45cd,Tony,Johnson,,http://ufcstats.com/fighter-details/a45bab49951a45cd
99bcdf5eac39898f,Jordan,Johnson,,http://ufcstats.com/fighter-details/99bcdf5eac39898f
552b09cbf13b6328,Taylor,Johnson,Tombstone,http://ufcstats.com/fighter-details/552b09cbf13b6328
6ce9a012e4c6020c,Chad,Johnson,Big Rigg,http://ufcstats.com/fighter-details/6ce9a012e4c6020c
84f727cf0166d6f2,Jose,Johnson,Zhakwarius,http://ufcstats.com/fighter-details/84f727cf0166d6f2
814e5233e2acf2ee,Charles,Johnson,InnerG,http://ufcstats.com/fighter-details/814e5233e2acf2ee
1c3f5e85b59ec710,Brian,Johnston,,http://ufcstats.com/fighter-details/1c3f5e85b59ec710
eebc23626e38f5dc,Liana,Jojua,She Wolf,http://ufcstats.com/fighter-details/eebc23626e38f5dc
a6aa3157e1a1d104,Nikola,Joksovic,,http://ufcstats.com/fighter-details/a6aa3157e1a1d104
eeabcd4dc6619129,Daniel,Jolly,The Werewolf of Texas,http://ufcstats.com/fighter-details/eeabcd4dc6619129
f341f9551ba744e2,Paul,Jones,,http://ufcstats.com/fighter-details/f341f9551ba744e2
07f72a2a7591b409,Jon,Jones,Bones,http://ufcstats.com/fighter-details/07f72a2a7591b409
f54fb3b9c4228142,Nathan,Jones,,http://ufcstats.com/fighter-details/f54fb3b9c4228142
8fa2b06572365321,Marcus,Jones,The Darkness,http://ufcstats.com/fighter-details/8fa2b06572365321
f117c3e8c1aa7b9e,Carlton,Jones,,http://ufcstats.com/fighter-details/f117c3e8c1aa7b9e
bc0f994de0521926,Jesse,Jones,,http://ufcstats.com/fighter-details/bc0f994de0521926
7b223a22a6c26868,Tito,Jones,,http://ufcstats.com/fighter-details/7b223a22a6c26868
be8dfcf0442812b1,Roy,Jones,,http://ufcstats.com/fighter-details/be8dfcf0442812b1
9b75954db8db2a08,Justin,Jones,Black Dynamite,http://ufcstats.com/fighter-details/9b75954db8db2a08
329aff8e958a2997,Ben,Jones,Blitzkrieg,http://ufcstats.com/fighter-details/329aff8e958a2997
04f0471f221db717,Victor,Jones,,http://ufcstats.com/fighter-details/04f0471f221db717
509319d35664369e,Chris,Jones,Lionheart,http://ufcstats.com/fighter-details/509319d35664369e
8a9f54b9056b07f5,Roshaun,Jones,,http://ufcstats.com/fighter-details/8a9f54b9056b07f5
1dda22d0ac3d1271,Jamelle,Jones,The Beast,http://ufcstats.com/fighter-details/1dda22d0ac3d1271
f1fd494586ab8d5f,Antonio,Jones,Doomsday,http://ufcstats.com/fighter-details/f1fd494586ab8d5f
ec23c1be628d8057,Trevin,Jones,5 Star,http://ufcstats.com/fighter-details/ec23c1be628d8057
f6ad6a1e4d600e0d,Mason,Jones,The Dragon,http://ufcstats.com/fighter-details/f6ad6a1e4d600e0d
e947b563eb744a21,Craig,Jones,,http://ufcstats.com/fighter-details/e947b563eb744a21
08b01ed84044c6bc,Jacobi,Jones,Big Toe,http://ufcstats.com/fighter-details/08b01ed84044c6bc
1a98c9dbb7fc3959,Jocelyn,Jones-Lybarger,,http://ufcstats.com/fighter-details/1a98c9dbb7fc3959
02e52b3a595f0786,Kevin,Jordan,The Shaman,http://ufcstats.com/fighter-details/02e52b3a595f0786
712c4db78b9373d1,Joe,Jordan,,http://ufcstats.com/fighter-details/712c4db78b9373d1
ca2efc9d7d523c43,Shawn,Jordan,The Savage,http://ufcstats.com/fighter-details/ca2efc9d7d523c43
19db7ac26308178f,Ivan,Jorge,Batman,http://ufcstats.com/fighter-details/19db7ac26308178f
0b64d0fed453ef7f,Scott,Jorgensen,Young Guns,http://ufcstats.com/fighter-details/0b64d0fed453ef7f
8ecb9f42da5ef5ac,Gareth,Joseph,,http://ufcstats.com/fighter-details/8ecb9f42da5ef5ac
34ca93f1791a5c50,Dwight,Joseph,,http://ufcstats.com/fighter-details/34ca93f1791a5c50
388abbf8832b5adf,Jeff,Joslin,The Inferno,http://ufcstats.com/fighter-details/388abbf8832b5adf
4e06913c91da5200,Krzysztof,Jotko,,http://ufcstats.com/fighter-details/4e06913c91da5200
cf65d56b0755ed3b,Alan,Jouban,Brahma,http://ufcstats.com/fighter-details/cf65d56b0755ed3b
f1d64ae34e088832,Charles,Jourdain,Air,http://ufcstats.com/fighter-details/f1d64ae34e088832
91cd52cb92dfdd52,Louis,Jourdain,Mad Prince,http://ufcstats.com/fighter-details/91cd52cb92dfdd52
dda15dbfafb792df,Kevin,Jousset,Air,http://ufcstats.com/fighter-details/dda15dbfafb792df
35080a7f406f9ab3,Mike,Joy,,http://ufcstats.com/fighter-details/35080a7f406f9ab3
791367e8c35cfb6a,Dustin,Joynson,,http://ufcstats.com/fighter-details/791367e8c35cfb6a
97f3692d5444a80a,Tony,Juarez,,http://ufcstats.com/fighter-details/97f3692d5444a80a
cd039ff136d89ded,Jesse,Juarez,,http://ufcstats.com/fighter-details/cd039ff136d89ded
410898e8dd6ca9b6,Ernie,Juarez,The Young Titan,http://ufcstats.com/fighter-details/410898e8dd6ca9b6
a72a2a769fa5a2be,Anshul,Jubli,King of Lions,http://ufcstats.com/fighter-details/a72a2a769fa5a2be
f1ab6f37492c630a,Carli,Judice,Crispy,http://ufcstats.com/fighter-details/f1ab6f37492c630a
6ece1d2ab1bed31d,Steve,Judson,,http://ufcstats.com/fighter-details/6ece1d2ab1bed31d
4c288a2b250bb576,Luke,Jumeau,The Jedi,http://ufcstats.com/fighter-details/4c288a2b250bb576
b35d1650c78c2948,Bu-Kyung,Jung,,http://ufcstats.com/fighter-details/b35d1650c78c2948
c451d67c09c55418,Chan Sung,Jung,The Korean Zombie,http://ufcstats.com/fighter-details/c451d67c09c55418
13104eaed3ae96c3,Young Sam,Jung,,http://ufcstats.com/fighter-details/13104eaed3ae96c3
74f9448b97bf8bec,Da Woon,Jung,Sseda,http://ufcstats.com/fighter-details/74f9448b97bf8bec
ac70a4f1db1b8c40,Scott,Junk,,http://ufcstats.com/fighter-details/ac70a4f1db1b8c40
08e908ed6d18d6a0,Myles,Jury,Fury,http://ufcstats.com/fighter-details/08e908ed6d18d6a0
634bb0de2eb043b4,Cristiane,Justino,Cyborg,http://ufcstats.com/fighter-details/634bb0de2eb043b4
b180f05acb24d430,Patrick,Kaase,Kamikaze,http://ufcstats.com/fighter-details/b180f05acb24d430
c1ea9d56cd953586,Emily,Kagan,,http://ufcstats.com/fighter-details/c1ea9d56cd953586
00a35c92b03992b0,Oron,Kahlon,,http://ufcstats.com/fighter-details/00a35c92b03992b0
0565706b1e7f7e7c,,Kaiwen,The Underdog,http://ufcstats.com/fighter-details/0565706b1e7f7e7c
2525a853486ee670,Sirwan,Kakai,Zohan,http://ufcstats.com/fighter-details/2525a853486ee670
50a28b9f8314e008,Saidyokub,Kakhramonov,,http://ufcstats.com/fighter-details/50a28b9f8314e008
304fcd812f12c589,Geza,Kalman,,http://ufcstats.com/fighter-details/304fcd812f12c589
9336e86cfd4ceaa1,Bryson,Kamaka,,http://ufcstats.com/fighter-details/9336e86cfd4ceaa1
eee0ef3e2b14816b,Kai,Kamaka,The Fighting Hawaiian,http://ufcstats.com/fighter-details/eee0ef3e2b14816b
a46ab6c64d321c2d,Shah,Kamali,,http://ufcstats.com/fighter-details/a46ab6c64d321c2d
a46fa1c7972548d0,Shuya,Kamikubo,Stealth,http://ufcstats.com/fighter-details/a46fa1c7972548d0
a497e228cce8a64f,Daichi,Kamiya,,http://ufcstats.com/fighter-details/a497e228cce8a64f
8b69839f3555a67b,Martin,Kampmann,The Hitman,http://ufcstats.com/fighter-details/8b69839f3555a67b
b42d3a1469dab722,Koya,Kanda,Bushido,http://ufcstats.com/fighter-details/b42d3a1469dab722
efd2b3e9bb7965a4,Bharat,Kandare,Daring,http://ufcstats.com/fighter-details/efd2b3e9bb7965a4
eda579d906cf0ca2,Hiromitsu,Kanehara,,http://ufcstats.com/fighter-details/eda579d906cf0ca2
f3a078277b3b8ff4,Masanori,Kanehara,,http://ufcstats.com/fighter-details/f3a078277b3b8ff4
5345f86680378fc1,Ken,Kaneko,,http://ufcstats.com/fighter-details/5345f86680378fc1
3c241737a6069b9f,Denis,Kang,,http://ufcstats.com/fighter-details/3c241737a6069b9f
a7897d200692ab64,Kyung Ho,Kang,Mr. Perfect,http://ufcstats.com/fighter-details/a7897d200692ab64
5d1b7e3dd9e11074,Manel,Kape,StarBoy,http://ufcstats.com/fighter-details/5d1b7e3dd9e11074
5669b828e7e11329,David,Kaplan,Diamond,http://ufcstats.com/fighter-details/5669b828e7e11329
853eb0dd5c0e2149,Kai,Kara-France,Don't Blink,http://ufcstats.com/fighter-details/853eb0dd5c0e2149
43292ecf0e72c143,Georgi,Karakhanyan,Insane,http://ufcstats.com/fighter-details/43292ecf0e72c143
e361e5c858af6ff1,Alex,Karalexis,The Assassin,http://ufcstats.com/fighter-details/e361e5c858af6ff1
e4faa79383c9f214,Ernesta,Kareckaite,Heavy-Handed,http://ufcstats.com/fighter-details/e4faa79383c9f214
257b0c8d6f199895,Impa,Kasanganay,Tshilobo,http://ufcstats.com/fighter-details/257b0c8d6f199895
4a9120fa47bafef0,Jinnosuke,Kashimura,,http://ufcstats.com/fighter-details/4a9120fa47bafef0
6e7506127408aa9e,Nadia,Kassem,,http://ufcstats.com/fighter-details/6e7506127408aa9e
3058888c33149a53,Yusuke,Kasuya,,http://ufcstats.com/fighter-details/3058888c33149a53
542db012217ecb83,Tetsuji,Kato,,http://ufcstats.com/fighter-details/542db012217ecb83
ebf1c247b2cba375,Hisaki,Kato,,http://ufcstats.com/fighter-details/ebf1c247b2cba375
7b433309b0fd12aa,Brad,Katona,Superman,http://ufcstats.com/fighter-details/7b433309b0fd12aa
751de04455cfaac0,Calvin,Kattar,,http://ufcstats.com/fighter-details/751de04455cfaac0
36df8e119aec6175,Sarah,Kaufman,,http://ufcstats.com/fighter-details/36df8e119aec6175
bb2c3c3a466224af,Lone'er,Kavanagh,,http://ufcstats.com/fighter-details/bb2c3c3a466224af
fa2320781bfe4f49,Yusuke,Kawaguchi,,http://ufcstats.com/fighter-details/fa2320781bfe4f49
58d42b9e920b25fc,Canaan,Kawaihae,,http://ufcstats.com/fighter-details/58d42b9e920b25fc
80d918336163b80c,Tatsuya,Kawajiri,Crusher,http://ufcstats.com/fighter-details/80d918336163b80c
9e91d7fd2720e241,Ryo,Kawamura,,http://ufcstats.com/fighter-details/9e91d7fd2720e241
49f4171f14f54220,Masuto,Kawana,Mast,http://ufcstats.com/fighter-details/49f4171f14f54220
547c5611bd366988,Doug,Kay,,http://ufcstats.com/fighter-details/547c5611bd366988
148bb103cfbf123e,Toshiomi,Kazama,,http://ufcstats.com/fighter-details/148bb103cfbf123e
981ab7a0576f76a0,Julie,Kedzie,,http://ufcstats.com/fighter-details/981ab7a0576f76a0
a72b20136239ba39,Ryan,Keenan,,http://ufcstats.com/fighter-details/a72b20136239ba39
5b43d68174b6e2ab,Losene,Keita,Black Panther,http://ufcstats.com/fighter-details/5b43d68174b6e2ab
c0eecd851dbf3146,CJ,Keith,,http://ufcstats.com/fighter-details/c0eecd851dbf3146
56c9acc4e86046a2,Chris,Kelades,The Greek Assassin,http://ufcstats.com/fighter-details/56c9acc4e86046a2
7be14eaed4c74856,Brian,Kelleher,Boom,http://ufcstats.com/fighter-details/7be14eaed4c74856
c788481ae19e798d,Mayana,Kellem,,http://ufcstats.com/fighter-details/c788481ae19e798d
1a08b01fdabb6ae2,Tony,Kelley,Primetime,http://ufcstats.com/fighter-details/1a08b01fdabb6ae2
aac5ac38148f0528,Paul,Kelly,,http://ufcstats.com/fighter-details/aac5ac38148f0528
ace83095105dd205,John,Kelly,,http://ufcstats.com/fighter-details/ace83095105dd205
bdcbb976816fd256,Daniel,Kelly,,http://ufcstats.com/fighter-details/bdcbb976816fd256
3c660c90d48fc80d,Tim,Kennedy,,http://ufcstats.com/fighter-details/3c660c90d48fc80d
185fb0200a4605e6,Steve,Kennedy,The Steamrolla,http://ufcstats.com/fighter-details/185fb0200a4605e6
68f6e96c5fa6e044,Jeremy,Kennedy,JBC,http://ufcstats.com/fighter-details/68f6e96c5fa6e044
9b8a73b59be8d786,Waylon,Kennell,,http://ufcstats.com/fighter-details/9b8a73b59be8d786
e7bba7ce4d6c7b07,Casey,Kenney,,http://ufcstats.com/fighter-details/e7bba7ce4d6c7b07
772022b989534f0d,Maimaitituoheti,Keremuaili,Kyrgyz Mountain Eagle,http://ufcstats.com/fighter-details/772022b989534f0d
c1e4ae143cce7398,Aurelijus,Kerpe,,http://ufcstats.com/fighter-details/c1e4ae143cce7398
a7b48e18ca27795d,Mark,Kerr,The Smashing Machine,http://ufcstats.com/fighter-details/a7b48e18ca27795d
ef61d9f5176b3200,Will,Kerr,,http://ufcstats.com/fighter-details/ef61d9f5176b3200
b84f34b425dfd24b,Ron,Keslar,,http://ufcstats.com/fighter-details/b84f34b425dfd24b
9b7694d064a8a0ad,Rustam,Khabilov,Tiger,http://ufcstats.com/fighter-details/9b7694d064a8a0ad
1aba18b5f15d4956,Adam,Khaliev,,http://ufcstats.com/fighter-details/1aba18b5f15d4956
90da09db03e41748,Sergey,Khandozhko,Honda,http://ufcstats.com/fighter-details/90da09db03e41748
0693b2eab79198ea,Sergei,Kharitonov,,http://ufcstats.com/fighter-details/0693b2eab79198ea
3929efe0c0a83d07,Alfred,Khashakyan,The Fearless,http://ufcstats.com/fighter-details/3929efe0c0a83d07
a072b512b6f4fc42,Aziz,Khaydarov,,http://ufcstats.com/fighter-details/a072b512b6f4fc42
4bbd1e5c77ef3c2f,Mansher,Khera,New Era,http://ufcstats.com/fighter-details/4bbd1e5c77ef3c2f
7ab478c397cd68ef,Aliaskhab,Khizriev,Black Wolf,http://ufcstats.com/fighter-details/7ab478c397cd68ef
aaeb55084b198a39,WonBin,Ki,The Danger,http://ufcstats.com/fighter-details/aaeb55084b198a39
91dac5e69e28d5b5,Pannie,Kianzad,Banzai,http://ufcstats.com/fighter-details/91dac5e69e28d5b5
9c37681096c6f3a9,Akira,Kikuchi,,http://ufcstats.com/fighter-details/9c37681096c6f3a9
44470bfd9483c7ad,Katsunori,Kikuno,,http://ufcstats.com/fighter-details/44470bfd9483c7ad
e4bde462b043d3e1,Sanae,Kikuta,,http://ufcstats.com/fighter-details/e4bde462b043d3e1
637bd06c32219f0b,Jacob,Kilburn,The Killer,http://ufcstats.com/fighter-details/637bd06c32219f0b
9bcf8603ceb25680,Dong Hyun,Kim,Stun Gun,http://ufcstats.com/fighter-details/9bcf8603ceb25680
8d04923f2db59b7f,Jin Oh,Kim,,http://ufcstats.com/fighter-details/8d04923f2db59b7f
354808cf38d9d73c,Dae Won,Kim,,http://ufcstats.com/fighter-details/354808cf38d9d73c
380e8b023290d091,Jong Wang,Kim,,http://ufcstats.com/fighter-details/380e8b023290d091
9e0f28d1f639ad73,Jong Won,Kim,,http://ufcstats.com/fighter-details/9e0f28d1f639ad73
831b937811804dad,Min Soo,Kim,,http://ufcstats.com/fighter-details/831b937811804dad
dba230fe33011201,Jong Man,Kim,Special Force,http://ufcstats.com/fighter-details/dba230fe33011201
a20f234df70f2182,Ji Yeon,Kim,Firefist,http://ufcstats.com/fighter-details/a20f234df70f2182
6343a95f1d9e6a33,MinWoo,Kim,Korean MOAI,http://ufcstats.com/fighter-details/6343a95f1d9e6a33
2bc47c7cc6c05bd7,HanSeul,Kim,Spade,http://ufcstats.com/fighter-details/2bc47c7cc6c05bd7
5a9f7b5ffebdd6e7,KyeungPyo,Kim,Redhorse,http://ufcstats.com/fighter-details/5a9f7b5ffebdd6e7
a264d4e9a4d6bfe4,Sangwook,Kim,Frogman,http://ufcstats.com/fighter-details/a264d4e9a4d6bfe4
e9712cad24948ce1,SangWon,Kim,No Problem,http://ufcstats.com/fighter-details/e9712cad24948ce1
e7ecfab8fd86d3e1,KyuSung,Kim,,http://ufcstats.com/fighter-details/e7ecfab8fd86d3e1
864c07a7ff90caae,So Yul,Kim,,http://ufcstats.com/fighter-details/864c07a7ff90caae
917a5cb9821df261,Jeremy,Kimball,,http://ufcstats.com/fighter-details/917a5cb9821df261
054defd5420a551f,Rob,Kimmons,The Rosedale Reaper,http://ufcstats.com/fighter-details/054defd5420a551f
fe91d254db77a7fc,Dustin,Kimura,The Diamond,http://ufcstats.com/fighter-details/fe91d254db77a7fc
c7ac79839e86ce33,Taiei,Kin,,http://ufcstats.com/fighter-details/c7ac79839e86ce33
564c2f5f9eb45d67,Mike,King,,http://ufcstats.com/fighter-details/564c2f5f9eb45d67
b959e8c7fd8390d2,Kyle,Kingsbury,Kingsbu,http://ufcstats.com/fighter-details/b959e8c7fd8390d2
21b5c82c1b89dab1,Yusaku,Kinoshita,,http://ufcstats.com/fighter-details/21b5c82c1b89dab1
c7d7fda69ec410d3,Kamuela,Kirk,The Jawaiian,http://ufcstats.com/fighter-details/c7d7fda69ec410d3
51d2aaaca56e5b40,Yurij,Kiseliov,Playboy,http://ufcstats.com/fighter-details/51d2aaaca56e5b40
928ae2e5b5f7a9ec,Justine,Kish,,http://ufcstats.com/fighter-details/928ae2e5b5f7a9ec
2a6f8136da1e52c0,Koji,Kitao,,http://ufcstats.com/fighter-details/2a6f8136da1e52c0
e2ac5bb645f33088,Satoru,Kitaoka,,http://ufcstats.com/fighter-details/e2ac5bb645f33088
e065b4a42a6c2c79,Top Noi,Kiwram,,http://ufcstats.com/fighter-details/e065b4a42a6c2c79
5b86d491d63890c5,Ludovit,Klein,Mr. Highlight,http://ufcstats.com/fighter-details/5b86d491d63890c5
7eaa5e31c2dd86aa,Nick,Klein,Blue Collar,http://ufcstats.com/fighter-details/7eaa5e31c2dd86aa
8ad022dd81224f61,Seth,Kleinbeck,Mass Destruction,http://ufcstats.com/fighter-details/8ad022dd81224f61
bc3876891e155bb5,Stefan,Klever,,http://ufcstats.com/fighter-details/bc3876891e155bb5
745fa7b605f8e2da,Fatima,Kline,The Archangel,http://ufcstats.com/fighter-details/745fa7b605f8e2da
8276f28f1ad087de,Felix,Klinkhammer,,http://ufcstats.com/fighter-details/8276f28f1ad087de
7cbf7c78d3b34218,Drakkar,Klose,,http://ufcstats.com/fighter-details/7cbf7c78d3b34218
02f0e04acf102ea9,Michael,Knaap,Hammer,http://ufcstats.com/fighter-details/02f0e04acf102ea9
1fac46d466abd5b8,Kevin,Knabjian,,http://ufcstats.com/fighter-details/1fac46d466abd5b8
bb1a2cdad6ff34db,Jason,Knight,The Kid,http://ufcstats.com/fighter-details/bb1a2cdad6ff34db
5da33b8fbfa5ee95,William,Knight,Knightmare,http://ufcstats.com/fighter-details/5da33b8fbfa5ee95
971dba22c622af12,Josefine,Knutsson,Thunder,http://ufcstats.com/fighter-details/971dba22c622af12
4a07b1988477502c,Seokhyeon,Ko,The Korean Tyson,http://ufcstats.com/fighter-details/4a07b1988477502c
a02652d063ef5baa,Isao,Kobayashi,,http://ufcstats.com/fighter-details/a02652d063ef5baa
c398235fcaf8d71d,Kelly,Kobold,Blood Red,http://ufcstats.com/fighter-details/c398235fcaf8d71d
99bd87a300079ed9,Erik,Koch,Phoenix,http://ufcstats.com/fighter-details/99bd87a300079ed9
6d8ef8706781c49e,Sokun,Koh,,http://ufcstats.com/fighter-details/6d8ef8706781c49e
44c233770075cea1,Shingo,Kohara,,http://ufcstats.com/fighter-details/44c233770075cea1
13c4313ed0f744f3,Brad,Kohler,,http://ufcstats.com/fighter-details/13c4313ed0f744f3
5717efc6f271cd52,Charlie,Kohler,,http://ufcstats.com/fighter-details/5717efc6f271cd52
b76ed59283d3559c,Tsuyoshi,Kohsaka,TK,http://ufcstats.com/fighter-details/b76ed59283d3559c
33de378ce1734638,Kaloyan,Kolev,,http://ufcstats.com/fighter-details/33de378ce1734638
5f6038bcdb95e3e4,John,Kolosci,,http://ufcstats.com/fighter-details/5f6038bcdb95e3e4
1fe7adb23b3eedfb,Yuki,Kondo,,http://ufcstats.com/fighter-details/1fe7adb23b3eedfb
a851c35f58199231,Syuri,Kondo,,http://ufcstats.com/fighter-details/a851c35f58199231
3cc506f115cbb9d5,Mantas,Kondratavicius,,http://ufcstats.com/fighter-details/3cc506f115cbb9d5
1eacf73d6a0055dc,Cheick,Kongo,,http://ufcstats.com/fighter-details/1eacf73d6a0055dc
dd39f1ca787a3d9d,Andrei,Kopylov,,http://ufcstats.com/fighter-details/dd39f1ca787a3d9d
9d83f6da776ff7d6,Roman,Kopylov,,http://ufcstats.com/fighter-details/9d83f6da776ff7d6
6c011be66326ad97,Bruno,Korea,,http://ufcstats.com/fighter-details/6c011be66326ad97
000774e57404d8c7,Chungreng,Koren,The Indian Rhino,http://ufcstats.com/fighter-details/000774e57404d8c7
aee885b8ca29ab4f,Andrey,Koreshkov,Spartan,http://ufcstats.com/fighter-details/aee885b8ca29ab4f
dd37fd509af89f15,Josh,Koscheck,,http://ufcstats.com/fighter-details/dd37fd509af89f15
84512339473dd300,Steven,Koslow,Obi Won Shinobi The Pillow,http://ufcstats.com/fighter-details/84512339473dd300
bc8f6b42767e28df,Naoyuki,Kotani,,http://ufcstats.com/fighter-details/bc8f6b42767e28df
a68d57ae177a5815,Ilya,Kotau,,http://ufcstats.com/fighter-details/a68d57ae177a5815
c6becb722706c7d8,Iouri,Kotchkine,,http://ufcstats.com/fighter-details/c6becb722706c7d8
8fbcd82bf7f352bf,Matt,Kovacs,300,http://ufcstats.com/fighter-details/8fbcd82bf7f352bf
ad0e42800a0d8977,Marcus,Kowal,,http://ufcstats.com/fighter-details/ad0e42800a0d8977
d7c3816669784109,Karolina,Kowalkiewicz,,http://ufcstats.com/fighter-details/d7c3816669784109
fc36e2352dccf2a4,Steve,Kozola,,http://ufcstats.com/fighter-details/fc36e2352dccf2a4
714e1e0681ddb703,Derrick,Krantz,D-Rock,http://ufcstats.com/fighter-details/714e1e0681ddb703
8f6a18831a120817,James,Krause,The,http://ufcstats.com/fighter-details/8f6a18831a120817
a01e84abefd85ec0,Pascal,Krauss,Panzer,http://ufcstats.com/fighter-details/a01e84abefd85ec0
db05271715bb4874,Rene,Kronvold,,http://ufcstats.com/fighter-details/db05271715bb4874
ca36633b80be4a78,Kaynan,Kruschewsky,Bahia,http://ufcstats.com/fighter-details/ca36633b80be4a78
6071d786f6187810,Jorgen,Kruth,The Last Viking,http://ufcstats.com/fighter-details/6071d786f6187810
1091d4d957141094,Nikita,Krylov,The Miner,http://ufcstats.com/fighter-details/1091d4d957141094
ab16537dd1e5e81d,Mariusz,Ksiazkiewicz,The Iron Pol,http://ufcstats.com/fighter-details/ab16537dd1e5e81d
66579081831db7b0,Eliezer,Kubanza,,http://ufcstats.com/fighter-details/66579081831db7b0
487c170da059857d,Junya,Kudo,,http://ufcstats.com/fighter-details/487c170da059857d
a272656ad662ac53,John,Kuhner,,http://ufcstats.com/fighter-details/a272656ad662ac53
b7f38813485745da,Michael,Kuiper,,http://ufcstats.com/fighter-details/b7f38813485745da
706f8e2b34e8e18b,Anton,Kuivanen,,http://ufcstats.com/fighter-details/706f8e2b34e8e18b
4e77d070239699e2,Maiju,Kujala,,http://ufcstats.com/fighter-details/4e77d070239699e2
a0a625221e0dd339,Sumit,Kumar,The Indian Kid,http://ufcstats.com/fighter-details/a0a625221e0dd339
e2ccd9a9ace60de7,Aleksei,Kunchenko,,http://ufcstats.com/fighter-details/e2ccd9a9ace60de7
739fd4fbb5d862f4,Rizvan,Kuniev,,http://ufcstats.com/fighter-details/739fd4fbb5d862f4
782a2a17d3e38fdf,Keigo,Kunihara,,http://ufcstats.com/fighter-details/782a2a17d3e38fdf
71df36d6d8cf0d74,Kiichi,Kunimoto,Strasser,http://ufcstats.com/fighter-details/71df36d6d8cf0d74
2694c4997a51ed01,Jon,Kunneman,AK-47,http://ufcstats.com/fighter-details/2694c4997a51ed01
6905d45bd71b50a9,Leo,Kuntz,The Lion,http://ufcstats.com/fighter-details/6905d45bd71b50a9
780a2897055e3ee3,Korey,Kuppe,,http://ufcstats.com/fighter-details/780a2897055e3ee3
b6a73e6f11a8835c,Ramazan,Kuramagomedov,,http://ufcstats.com/fighter-details/b6a73e6f11a8835c
032b65d5fff611b2,Tsuyoshi,Kurihara,,http://ufcstats.com/fighter-details/032b65d5fff611b2
4c78fc005a53831d,Eldari,Kurtanidze,,http://ufcstats.com/fighter-details/4c78fc005a53831d
b490def93478ae29,Kyle,Kurtz,,http://ufcstats.com/fighter-details/b490def93478ae29
7772b283d288dbe2,Guram,Kutateladze,Georgian Viking,http://ufcstats.com/fighter-details/7772b283d288dbe2
aeb2bcd4371f40d5,Vadym,Kutsyi,,http://ufcstats.com/fighter-details/aeb2bcd4371f40d5
843dd76c50cae0f6,Lina,Kvokov,,http://ufcstats.com/fighter-details/843dd76c50cae0f6
2545c7f47a65bca3,Kaleo,Kwan,Leo Boy,http://ufcstats.com/fighter-details/2545c7f47a65bca3
849d15ed7e3a0e97,Jarrod,Kwitty,,http://ufcstats.com/fighter-details/849d15ed7e3a0e97
56b8b24f65f9f057,Mike,Kyle,MAK,http://ufcstats.com/fighter-details/56b8b24f65f9f057
edbc609a3b0d2aba,Lisa,Kyriacou,The Savage,http://ufcstats.com/fighter-details/edbc609a3b0d2aba
b3fb8d2293e17a59,Achmed,Labasanov,,http://ufcstats.com/fighter-details/b3fb8d2293e17a59
5108b169b5fe1f86,Josh,LaBerge,,http://ufcstats.com/fighter-details/5108b169b5fe1f86
4fe1d105af549845,Jeremiah,Labiano,The Kid,http://ufcstats.com/fighter-details/4fe1d105af549845
31bb0772f21cabd8,Daniel,Lacerda,Miojo,http://ufcstats.com/fighter-details/31bb0772f21cabd8
6fc506e1099afe20,Luan,Lacerda,,http://ufcstats.com/fighter-details/6fc506e1099afe20
eb84192d1a97f69e,Kemran,Lachinov,,http://ufcstats.com/fighter-details/eb84192d1a97f69e
d4691518d012b9e7,Aspen,Ladd,,http://ufcstats.com/fighter-details/d4691518d012b9e7
4c7781da8c6cae93,Ryan,LaFlare,,http://ufcstats.com/fighter-details/4c7781da8c6cae93
fbe9f4efc2153be2,Corinne,Laframboise,,http://ufcstats.com/fighter-details/fbe9f4efc2153be2
b40e65d71a8d4ce5,Ben,Lagman,Bad News,http://ufcstats.com/fighter-details/b40e65d71a8d4ce5
9f755fb04cc21499,Noad,Lahat,Neo,http://ufcstats.com/fighter-details/9f755fb04cc21499
e5ca2bc2451a5956,Tina,Lahdemaki,Jelly Bean,http://ufcstats.com/fighter-details/e5ca2bc2451a5956
f998f5c102250d6e,Yohan,Lainesse,White Lion,http://ufcstats.com/fighter-details/f998f5c102250d6e
c7e9d15cfce52f1d,Tim,Lajcik,The Bohemian,http://ufcstats.com/fighter-details/c7e9d15cfce52f1d
7d06092326c52528,Todd,Lally,,http://ufcstats.com/fighter-details/7d06092326c52528
e62ce041bb7aeb1f,Sean,Lally,The Unpredictable One,http://ufcstats.com/fighter-details/e62ce041bb7aeb1f
3974fa35c917af1d,Ricardo,Lamas,The Bully,http://ufcstats.com/fighter-details/3974fa35c917af1d
5be86bb2f78fef2f,Jason,Lambert,The Punisher,http://ufcstats.com/fighter-details/5be86bb2f78fef2f
7e062824c175f975,Jose,Landi-Jons,Pele,http://ufcstats.com/fighter-details/7e062824c175f975
583ee11abddfc581,Nate,Landwehr,The Train,http://ufcstats.com/fighter-details/583ee11abddfc581
be9bdec19b7e9ffe,Austen,Lane,,http://ufcstats.com/fighter-details/be9bdec19b7e9ffe
d73e856f150744b2,Aaron,Lanfranco,,http://ufcstats.com/fighter-details/d73e856f150744b2
09422812370fbdfe,Jeremy,Lang,,http://ufcstats.com/fighter-details/09422812370fbdfe
b8980dd7e8fc5976,Lionel,Lanham,,http://ufcstats.com/fighter-details/b8980dd7e8fc5976
2eeaefbfc7f9fcff,Lina,Lansberg,Elbow Queen,http://ufcstats.com/fighter-details/2eeaefbfc7f9fcff
8b1ed83b02303075,Taylor,Lapilus,Double Impact,http://ufcstats.com/fighter-details/8b1ed83b02303075
c03a5022f8439f2a,Chad,Laprise,The Disciple,http://ufcstats.com/fighter-details/c03a5022f8439f2a
f3a853544e4413c4,Anthony,Lapsley,The Recipe,http://ufcstats.com/fighter-details/f3a853544e4413c4
cd2e5a390821fb48,TJ,Laramie,,http://ufcstats.com/fighter-details/cd2e5a390821fb48
49efbdc6c9f650c4,Icho,Larenas,,http://ufcstats.com/fighter-details/49efbdc6c9f650c4
9450848a71d53776,Lorenz,Larkin,The Monsoon,http://ufcstats.com/fighter-details/9450848a71d53776
c3bd649a9194e50c,Jeremy,Larsen,,http://ufcstats.com/fighter-details/c3bd649a9194e50c
5eedbf1e9601be35,Brock,Larson,,http://ufcstats.com/fighter-details/5eedbf1e9601be35
7107e53ebd7435fb,Ryan,Larson,,http://ufcstats.com/fighter-details/7107e53ebd7435fb
b0826525fa17231d,Bobby,Lashley,,http://ufcstats.com/fighter-details/b0826525fa17231d
e9a3aeb207578eea,Ilir,Latifi,The Sledgehammer,http://ufcstats.com/fighter-details/e9a3aeb207578eea
5898357a45a73674,Sione,Latu,,http://ufcstats.com/fighter-details/5898357a45a73674
09224b76d27007ee,Phillip,Latu,The Doctor,http://ufcstats.com/fighter-details/09224b76d27007ee
ec664422b22d9787,Jenel,Lausa,,http://ufcstats.com/fighter-details/ec664422b22d9787
3bad7ef643840f67,Joe,Lauzon,,http://ufcstats.com/fighter-details/3bad7ef643840f67
4c8d6fde2dde07c4,Dan,Lauzon,The Upgrade,http://ufcstats.com/fighter-details/4c8d6fde2dde07c4
aa6da8cb3a26da04,Sandra,Lavado,Peruvian Zombie,http://ufcstats.com/fighter-details/aa6da8cb3a26da04
5449dcccd972ff83,Chatt,Lavender,,http://ufcstats.com/fighter-details/5449dcccd972ff83
e3162dbdbfd78287,Cody,Law,,http://ufcstats.com/fighter-details/e3162dbdbfd78287
a571770c4016736f,Muhammed,Lawal,King Mo,http://ufcstats.com/fighter-details/a571770c4016736f
f2925e6db404bf1d,Robbie,Lawler,Ruthless,http://ufcstats.com/fighter-details/f2925e6db404bf1d
4d44f37107f01b9b,Tom,Lawlor,Filthy,http://ufcstats.com/fighter-details/4d44f37107f01b9b
879f6cae48d25baa,Justin,Lawrence,The American Kidd,http://ufcstats.com/fighter-details/879f6cae48d25baa
ce039df1994b18f0,Lance,Lawrence,,http://ufcstats.com/fighter-details/ce039df1994b18f0
e7e01e266a9d4342,Ronnie,Lawrence,The Heat,http://ufcstats.com/fighter-details/e7e01e266a9d4342
38e5d9dcb0fddc42,Eric,Lawson,,http://ufcstats.com/fighter-details/38e5d9dcb0fddc42
e43eefb10d440cb0,Jimmy,Lawson,Greedy,http://ufcstats.com/fighter-details/e43eefb10d440cb0
777dea713da2441d,Valmir,Lazaro,Bidu,http://ufcstats.com/fighter-details/777dea713da2441d
41498c2d1a87b154,Zviad,Lazishvili,,http://ufcstats.com/fighter-details/41498c2d1a87b154
49ee5024966efc0d,Mounir,Lazzez,The Sniper,http://ufcstats.com/fighter-details/49ee5024966efc0d
d4f364dd076bb0e2,Cung,Le,,http://ufcstats.com/fighter-details/d4f364dd076bb0e2
882b3f5a0774d575,Thanh,Le,,http://ufcstats.com/fighter-details/882b3f5a0774d575
32feae6d9a1e5047,Quang,Le,Bang,http://ufcstats.com/fighter-details/32feae6d9a1e5047
28d421729451c8ca,Carlos,Leal,The Lion,http://ufcstats.com/fighter-details/28d421729451c8ca
ac026518a9b4dc0f,Jordan,Leavitt,The Monkey King,http://ufcstats.com/fighter-details/ac026518a9b4dc0f
2d0b10789feafddb,Jerome,LeBanner,,http://ufcstats.com/fighter-details/2d0b10789feafddb
d43a048a880efdff,Chris,Leben,The Crippler,http://ufcstats.com/fighter-details/d43a048a880efdff
a3dda21be645be93,Jean Paul,Lebosnoyani,Mufasa,http://ufcstats.com/fighter-details/a3dda21be645be93
c575ab451e3c5b1d,Mickael,Lebout,Ragnar,http://ufcstats.com/fighter-details/c575ab451e3c5b1d
56ec58954158966a,Stephen,Ledbetter,,http://ufcstats.com/fighter-details/56ec58954158966a
ba1e6cb3d43f7430,Justin,Ledet,El Blanco,http://ufcstats.com/fighter-details/ba1e6cb3d43f7430
863d06a7ef8bc98c,James,Lee,,http://ufcstats.com/fighter-details/863d06a7ef8bc98c
8caca5857ce0e30b,David,Lee,,http://ufcstats.com/fighter-details/8caca5857ce0e30b
4985113c0928aa62,Jackie,Lee,,http://ufcstats.com/fighter-details/4985113c0928aa62
39c568f8c579913e,Eun Soo,Lee,,http://ufcstats.com/fighter-details/39c568f8c579913e
de99da2c0d18d34a,Tae Hyun,Lee,,http://ufcstats.com/fighter-details/de99da2c0d18d34a
806975e1b4f47b27,Tommy,Lee,,http://ufcstats.com/fighter-details/806975e1b4f47b27
d9e3743bae8d703d,Matt,Lee,,http://ufcstats.com/fighter-details/d9e3743bae8d703d
0802be3516ef8f66,Imani,Lee,,http://ufcstats.com/fighter-details/0802be3516ef8f66
8bb6f4479685bbcc,Vaughan,Lee,,http://ufcstats.com/fighter-details/8bb6f4479685bbcc
ee9ebceabfd16fa7,Kevin,Lee,The Motown Phenom,http://ufcstats.com/fighter-details/ee9ebceabfd16fa7
0d1c163b206e8c5f,Rocky,Lee,,http://ufcstats.com/fighter-details/0d1c163b206e8c5f
05fa626cb33d15b8,Andrea,Lee,KGB,http://ufcstats.com/fighter-details/05fa626cb33d15b8
d008d785f6347dc2,JeongYeong,Lee,Korean Tiger,http://ufcstats.com/fighter-details/d008d785f6347dc2
b6033505c245e28b,JungHyun,Lee,The Phenom,http://ufcstats.com/fighter-details/b6033505c245e28b
117a06469813e4ef,ChangHo,Lee,,http://ufcstats.com/fighter-details/117a06469813e4ef
9fd299c8356cbf0f,Mackson,Lee,,http://ufcstats.com/fighter-details/9fd299c8356cbf0f
5817df778cc27274,Ricky,Legere Jr.,IE Bad Boy,http://ufcstats.com/fighter-details/5817df778cc27274
4f670b7972fa0a2e,Sherron,Leggett,Rob Roy,http://ufcstats.com/fighter-details/4f670b7972fa0a2e
98cbbc06074c68a4,Cheyden,Leialoha,Steadfast,http://ufcstats.com/fighter-details/98cbbc06074c68a4
90550a08f0b02b6f,Claudia,Leite,,http://ufcstats.com/fighter-details/90550a08f0b02b6f
cfb65863d5099327,Thales,Leites,,http://ufcstats.com/fighter-details/cfb65863d5099327
182a73d5b4e57871,Jovan,Leka,,http://ufcstats.com/fighter-details/182a73d5b4e57871
d56bb6dff2ae77eb,Stefan,Leko,Blitz,http://ufcstats.com/fighter-details/d56bb6dff2ae77eb
fd4578cac86d75ca,Gabe,Lemley,,http://ufcstats.com/fighter-details/fd4578cac86d75ca
3df5493bb279226f,Amanda,Lemos,,http://ufcstats.com/fighter-details/3df5493bb279226f
f37822d5b3e47517,Giacomo,Lemos,,http://ufcstats.com/fighter-details/f37822d5b3e47517
7269329bd87eb479,Christophe,Leninger,,http://ufcstats.com/fighter-details/7269329bd87eb479
3ae10ac4df3df05c,Jesse,Lennox,The Ox,http://ufcstats.com/fighter-details/3ae10ac4df3df05c
e60201cfab7d656d,Jean Francois,Lenogue,,http://ufcstats.com/fighter-details/e60201cfab7d656d
6fb1ba67bef41b37,Nik,Lentz,The Carny,http://ufcstats.com/fighter-details/6fb1ba67bef41b37
6e02c318762f52f1,Alberta Cerra,Leon,,http://ufcstats.com/fighter-details/6e02c318762f52f1
9dedfdd91070ddd8,Victoria,Leonardo,Fury,http://ufcstats.com/fighter-details/9dedfdd91070ddd8
86b9b51a81e9c339,Anthony,Leone,,http://ufcstats.com/fighter-details/86b9b51a81e9c339
657d0ed181f04215,Chad,Leonhardt,The Boss,http://ufcstats.com/fighter-details/657d0ed181f04215
08ae5cd9aef7ddd3,Kimo,Leopoldo,,http://ufcstats.com/fighter-details/08ae5cd9aef7ddd3
f1fd8ec1023c89b3,Michael,Lerma,,http://ufcstats.com/fighter-details/f1fd8ec1023c89b3
5a8e30ed38a5bc6f,Lukasz,Les,,http://ufcstats.com/fighter-details/5a8e30ed38a5bc6f
513c6f1715e547a8,Brock,Lesnar,,http://ufcstats.com/fighter-details/513c6f1715e547a8
edd8d5d8089a35f8,Frank,Lester,,http://ufcstats.com/fighter-details/edd8d5d8089a35f8
46a2f24feb258ae0,Valerie,Letourneau,Trouble,http://ufcstats.com/fighter-details/46a2f24feb258ae0
8cb78f3a6c2a08f7,Leah,Letson,Nidas,http://ufcstats.com/fighter-details/8cb78f3a6c2a08f7
8c3f3c43c8ceb778,Justin,Levens,The Executioner,http://ufcstats.com/fighter-details/8c3f3c43c8ceb778
182f2b78582de3d8,Marcus,LeVesseur,The Prospect,http://ufcstats.com/fighter-details/182f2b78582de3d8
49590e0508b2c19f,David,Levicki,,http://ufcstats.com/fighter-details/49590e0508b2c19f
81ddc98fceb30086,Kyle,Levinton,,http://ufcstats.com/fighter-details/81ddc98fceb30086
a29db9cd4f9ccea5,Natan,Levy,Lethal,http://ufcstats.com/fighter-details/a29db9cd4f9ccea5
4a01dc8376736ef5,John,Lewis,,http://ufcstats.com/fighter-details/4a01dc8376736ef5
d3df1add9d9a7efb,Derrick,Lewis,The Black Beast,http://ufcstats.com/fighter-details/d3df1add9d9a7efb
899923ff6ab13917,Bevon,Lewis,,http://ufcstats.com/fighter-details/899923ff6ab13917
6623cb1c27025634,Brandon,Lewis,,http://ufcstats.com/fighter-details/6623cb1c27025634
f60dbe6e05489c4f,Malik,Lewis,Hard Knock,http://ufcstats.com/fighter-details/f60dbe6e05489c4f
a307a10414d0ad00,Chi,Lewis-Parry,Chopper,http://ufcstats.com/fighter-details/a307a10414d0ad00
e64b96c07d7ce999,Li,Jingliang,The Leech,http://ufcstats.com/fighter-details/e64b96c07d7ce999
4c7afd56ef1947ac,Li,Yunfeng,,http://ufcstats.com/fighter-details/4c7afd56ef1947ac
ec0dcceace7d25a3,Liang,Na,The Dragon Girl,http://ufcstats.com/fighter-details/ec0dcceace7d25a3
a8aba6fd8a463043,Jess,Liaudin,The Joker,http://ufcstats.com/fighter-details/a8aba6fd8a463043
a390eb8a9b2df298,Chuck,Liddell,The Iceman,http://ufcstats.com/fighter-details/a390eb8a9b2df298
11b5a809c3120e27,Rodrigo,Lidio,Dynamis,http://ufcstats.com/fighter-details/11b5a809c3120e27
421ccfc6ddb17958,Sam,Liera,,http://ufcstats.com/fighter-details/421ccfc6ddb17958
5d7c18191b8aa432,Zach,Light,,http://ufcstats.com/fighter-details/5d7c18191b8aa432
998c8890a8dde1eb,Scott,Lighty,,http://ufcstats.com/fighter-details/998c8890a8dde1eb
0e31bfd26cc8c503,Chris,Liguori,,http://ufcstats.com/fighter-details/0e31bfd26cc8c503
a1bf037613180253,Donnie,Liles,,http://ufcstats.com/fighter-details/a1bf037613180253
bbb15f301e4a490a,Jae Suk,Lim,,http://ufcstats.com/fighter-details/bbb15f301e4a490a
203c957eac95dd87,Hyun Gyu,Lim,The Ace,http://ufcstats.com/fighter-details/203c957eac95dd87
75a6a390fd5dca46,Juliana,Lima,Ju Thai,http://ufcstats.com/fighter-details/75a6a390fd5dca46
e9213f53ddeca978,Dhiego,Lima,,http://ufcstats.com/fighter-details/e9213f53ddeca978
264111bf62662fbf,Douglas,Lima,The Phenom,http://ufcstats.com/fighter-details/264111bf62662fbf
6135fd9665fbb74e,Mabelly,Lima,,http://ufcstats.com/fighter-details/6135fd9665fbb74e
b1f21ce050035d58,Andre,Lima,Mascote,http://ufcstats.com/fighter-details/b1f21ce050035d58
9256f591b30c073e,Felipe,Lima,Jungle Boy,http://ufcstats.com/fighter-details/9256f591b30c073e
18c49685296c60e6,Miguel,Linares,,http://ufcstats.com/fighter-details/18c49685296c60e6
a4ef92274a45143d,Emiliano,Linares,Golden Bull,http://ufcstats.com/fighter-details/a4ef92274a45143d
0e041d43a47d2e4b,Matt,Lindland,The Law,http://ufcstats.com/fighter-details/0e041d43a47d2e4b
33e00249ef08d3a4,Jake,Lindsey,The Librarian,http://ufcstats.com/fighter-details/33e00249ef08d3a4
c268b2cfebccf652,John,Lineker,Hands of Stone,http://ufcstats.com/fighter-details/c268b2cfebccf652
305d73ede05e31ad,Austin,Lingo,Lights Out,http://ufcstats.com/fighter-details/305d73ede05e31ad
a780d16cf7eed44d,Lucio,Linhares,,http://ufcstats.com/fighter-details/a780d16cf7eed44d
53c943c873cffe90,Philipe,Lins,Monstro,http://ufcstats.com/fighter-details/53c943c873cffe90
2c5f5749569eef66,Tainara,Lisboa,Thai Panther,http://ufcstats.com/fighter-details/2c5f5749569eef66
68c6cd5287b473a7,Dean,Lister,The Boogeyman,http://ufcstats.com/fighter-details/68c6cd5287b473a7
008c6e1a25751575,Wesley,Little,,http://ufcstats.com/fighter-details/008c6e1a25751575
515890922fe9ce96,Adam,Livingston,Bomb,http://ufcstats.com/fighter-details/515890922fe9ce96
93b2b7caa457cbea,James,Llontop,Goku,http://ufcstats.com/fighter-details/93b2b7caa457cbea
6448e57a9533b7e4,Abner,Lloveras,Skullman,http://ufcstats.com/fighter-details/6448e57a9533b7e4
7abce81b72fbbd9b,Brian,Lo-A-Njoe,,http://ufcstats.com/fighter-details/7abce81b72fbbd9b
31652c9267606d54,John,Lober,The Machine,http://ufcstats.com/fighter-details/31652c9267606d54
02f2a9702ba3d167,Artem,Lobov,The Russian Hammer,http://ufcstats.com/fighter-details/02f2a9702ba3d167
9caa254991a5a698,Dylan,Lockard,,http://ufcstats.com/fighter-details/9caa254991a5a698
d5bab53a1a603aac,Ryan,Loder,Man of Steel,http://ufcstats.com/fighter-details/d5bab53a1a603aac
d3d1ff3f3dfa0931,Sean,Loeffler,The Destroyer,http://ufcstats.com/fighter-details/d3d1ff3f3dfa0931
4ab36d70d1b28b58,Christian,Lohsen,Hollywood,http://ufcstats.com/fighter-details/4ab36d70d1b28b58
22e47b53e4ceb27c,David,Loiseau,The Crow,http://ufcstats.com/fighter-details/22e47b53e4ceb27c
db1f2ed63b54b9a7,Hector,Lombard,,http://ufcstats.com/fighter-details/db1f2ed63b54b9a7
6d6b9a6cb063b60d,Michael,Lombardo,The Don,http://ufcstats.com/fighter-details/6d6b9a6cb063b60d
10e04e5e81f391a0,Rocky,Long,,http://ufcstats.com/fighter-details/10e04e5e81f391a0
989be26791d0aad4,Thomas,Longacre,,http://ufcstats.com/fighter-details/989be26791d0aad4
4e30e4250cb08b61,Loma,Lookboonmee,,http://ufcstats.com/fighter-details/4e30e4250cb08b61
1497e735d9f2560a,Ange,Loosa,The Last Ninja,http://ufcstats.com/fighter-details/1497e735d9f2560a
1f70dd67ad507990,Lucas,Lopes,,http://ufcstats.com/fighter-details/1f70dd67ad507990
8270c00fae24c922,Dileno,Lopes,,http://ufcstats.com/fighter-details/8270c00fae24c922
f166e93d04a8c274,Diego,Lopes,,http://ufcstats.com/fighter-details/f166e93d04a8c274
0abcf6bc47191219,Bruno,Lopes,Brunao,http://ufcstats.com/fighter-details/0abcf6bc47191219
2aa481e98185e261,Arthur,Lopes,Demolidor,http://ufcstats.com/fighter-details/2aa481e98185e261
0db9d2486d564a3c,Ivan,Lopez,,http://ufcstats.com/fighter-details/0db9d2486d564a3c
6085ceb59087514b,Steve,Lopez,,http://ufcstats.com/fighter-details/6085ceb59087514b
9681e0ce67dc978b,Federico,Lopez,Kiko,http://ufcstats.com/fighter-details/9681e0ce67dc978b
ee624ee2a18f2a43,Jorge,Lopez,,http://ufcstats.com/fighter-details/ee624ee2a18f2a43
5148a665aa527865,Christopher,Lopez,,http://ufcstats.com/fighter-details/5148a665aa527865
2fc7e9701642ca38,Matthew,Lopez,,http://ufcstats.com/fighter-details/2fc7e9701642ca38
773f7feacf96153e,Benito,Lopez,Golden Boy,http://ufcstats.com/fighter-details/773f7feacf96153e
93b62c5f2ba18e51,Gustavo,Lopez,,http://ufcstats.com/fighter-details/93b62c5f2ba18e51
92b5f4ee9ff40321,Alik,Lorenz,,http://ufcstats.com/fighter-details/92b5f4ee9ff40321
b788862dd1c11eac,Brendan,Loughnane,,http://ufcstats.com/fighter-details/b788862dd1c11eac
cbf94e4c4af4ff6d,Nate,Loughran,,http://ufcstats.com/fighter-details/cbf94e4c4af4ff6d
42ac4020cba261ad,Caolan,Loughran,The Don,http://ufcstats.com/fighter-details/42ac4020cba261ad
e601d71cf8e5be22,Rashard,Lovelace,,http://ufcstats.com/fighter-details/e601d71cf8e5be22
eea0274e153256a0,Ian,Loveland,The Barn Owl,http://ufcstats.com/fighter-details/eea0274e153256a0
ad044be25c94dcfd,Jakob,Lovstad,The Striking Viking,http://ufcstats.com/fighter-details/ad044be25c94dcfd
28f62d866c59c709,Waylon,Lowe,,http://ufcstats.com/fighter-details/28f62d866c59c709
78ac94d54aa7f378,Brandon,Lowe,,http://ufcstats.com/fighter-details/78ac94d54aa7f378
86248c84834238e7,Joe,Lowry,,http://ufcstats.com/fighter-details/86248c84834238e7
a2d23e684b3db732,Lu,Kai,The Last Gladiator,http://ufcstats.com/fighter-details/a2d23e684b3db732
dc1bfd47c3b21ad3,Lu,Zhengyong,,http://ufcstats.com/fighter-details/dc1bfd47c3b21ad3
96087e90d900f0ef,Robert,Lucarelli,,http://ufcstats.com/fighter-details/96087e90d900f0ef
668222c99c5c311d,Matt,Lucas,Luke Duke,http://ufcstats.com/fighter-details/668222c99c5c311d
9bdebbf2735d14c2,Cleber,Luciano,,http://ufcstats.com/fighter-details/9bdebbf2735d14c2
1b35af4d1529adf6,Stephanie,Luciano,Rondinha,http://ufcstats.com/fighter-details/1b35af4d1529adf6
abcf2cc6efc42031,Iasmin,Lucindo,,http://ufcstats.com/fighter-details/abcf2cc6efc42031
84ac950d4c1722dd,Duane,Ludwig,Bang,http://ufcstats.com/fighter-details/84ac950d4c1722dd
a1ad35b98a9136e5,Lawrence,Lui,Lok Yin,http://ufcstats.com/fighter-details/a1ad35b98a9136e5
e26882820f9e8df5,Mike,Lullo,,http://ufcstats.com/fighter-details/e26882820f9e8df5
1fd9f744105024a8,Juan Andres,Luna,,http://ufcstats.com/fighter-details/1fd9f744105024a8
5b1effb0db45273a,Paula,Luna,La Prodigia,http://ufcstats.com/fighter-details/5b1effb0db45273a
e3b30b573e7f0d19,Juan Adrian,Luna,,http://ufcstats.com/fighter-details/e3b30b573e7f0d19
ce632027bf2a871b,Dalcha,Lungiambula,Champion,http://ufcstats.com/fighter-details/ce632027bf2a871b
4887e5bc4dbb73ff,Alexandru,Lungu,,http://ufcstats.com/fighter-details/4887e5bc4dbb73ff
6d4b63c767106d3a,Vicente,Luque,The Silent Assassin,http://ufcstats.com/fighter-details/6d4b63c767106d3a
505934897b8b4824,Thaddeus,Luster,,http://ufcstats.com/fighter-details/505934897b8b4824
622f015c81a9b13a,Travis,Lutter,The Serial Killer,http://ufcstats.com/fighter-details/622f015c81a9b13a
12630a4aa0894da8,Joilton,Lutterbach,Peregrino,http://ufcstats.com/fighter-details/12630a4aa0894da8
7832f2f62f04178f,Tucker,Lutz,Top Gun,http://ufcstats.com/fighter-details/7832f2f62f04178f
5a4913108a3b9190,Lv,Zhenhong,,http://ufcstats.com/fighter-details/5a4913108a3b9190
710d93f1508f7104,Stevie,Lynch,,http://ufcstats.com/fighter-details/710d93f1508f7104
edfe95e3c33a4bf8,Adam,Lynn,,http://ufcstats.com/fighter-details/edfe95e3c33a4bf8
91acd6910b802a9e,Chris,Lytle,Lights Out,http://ufcstats.com/fighter-details/91acd6910b802a9e
98a6b2361045898f,Dong Hyun,Ma,Maestro,http://ufcstats.com/fighter-details/98a6b2361045898f
450bacdacd706bcd,Pawan,Maan,,http://ufcstats.com/fighter-details/450bacdacd706bcd
ed74afc8b5b47a61,William,Macario,Patolino,http://ufcstats.com/fighter-details/ed74afc8b5b47a61
2be6596a9db33bf5,Jason,MacDonald,The Athlete,http://ufcstats.com/fighter-details/2be6596a9db33bf5
f3388d2cf7ab3f64,Rob,MacDonald,Maximus,http://ufcstats.com/fighter-details/f3388d2cf7ab3f64
cbd5d3cdd862e90e,Rory,MacDonald,Red King,http://ufcstats.com/fighter-details/cbd5d3cdd862e90e
35e1f9984ed64206,Ryan,MacDonald,Main Event,http://ufcstats.com/fighter-details/35e1f9984ed64206
39831e62d12e7ad1,Clayton,MacFarlane,,http://ufcstats.com/fighter-details/39831e62d12e7ad1
8cf90e41646491fd,Ilima,Macfarlane,,http://ufcstats.com/fighter-details/8cf90e41646491fd
a1a91dbf41a029c4,Valesca,Machado,Tina Black,http://ufcstats.com/fighter-details/a1a91dbf41a029c4
89839250eb25c9c1,Caio,Machado,Bigfoot,http://ufcstats.com/fighter-details/89839250eb25c9c1
442c9011034ae1fd,Ian,Machado Garry,The Future,http://ufcstats.com/fighter-details/442c9011034ae1fd
f7a7f7118d4b01b6,Lyoto,Machida,The Dragon,http://ufcstats.com/fighter-details/f7a7f7118d4b01b6
cd7bafbeee1f29a0,War,Machine,,http://ufcstats.com/fighter-details/cd7bafbeee1f29a0
dedc3bb440d09554,Anthony,Macias,Mad Dog,http://ufcstats.com/fighter-details/dedc3bb440d09554
e88b83dea18f5d31,Pauline,Macias,PITA,http://ufcstats.com/fighter-details/e88b83dea18f5d31
e25bcbcdaf6537a1,Reza,Madadi,Mad Dog,http://ufcstats.com/fighter-details/e25bcbcdaf6537a1
68c7ad953455c73f,Don,Madge,Magic Man,http://ufcstats.com/fighter-details/68c7ad953455c73f
a8d521d913df4e31,Ryan,Madigan,,http://ufcstats.com/fighter-details/a8d521d913df4e31
cc63a5f0089d8ba9,Victor,Madrigal,Periquito,http://ufcstats.com/fighter-details/cc63a5f0089d8ba9
7691a80e6ca3e55b,Jon,Madsen,,http://ufcstats.com/fighter-details/7691a80e6ca3e55b
da0995f19b749cfa,Mark,Madsen,The Olympian,http://ufcstats.com/fighter-details/da0995f19b749cfa
a4bf17bd3ba3423b,Yoshiro,Maeda,,http://ufcstats.com/fighter-details/a4bf17bd3ba3423b
8bbc0cfc01bc1ba1,Leonardo,Mafra,Macarrao,http://ufcstats.com/fighter-details/8bbc0cfc01bc1ba1
88a9bc81271ccd89,Vinny,Magalhaes,Pezao,http://ufcstats.com/fighter-details/88a9bc81271ccd89
1b583c64c23f0c7f,Vinicius,Magalhaes,Draculinho,http://ufcstats.com/fighter-details/1b583c64c23f0c7f
0c5c66ddd1886b83,Caio,Magalhaes,Hellboy,http://ufcstats.com/fighter-details/0c5c66ddd1886b83
7a613f78dd7ee8f8,Bernardo,Magalhaes,Trekko,http://ufcstats.com/fighter-details/7a613f78dd7ee8f8
8db1b36dde268ef6,Eric,Magana,,http://ufcstats.com/fighter-details/8db1b36dde268ef6
2015c944226ad2df,Brandon,Magana,,http://ufcstats.com/fighter-details/2015c944226ad2df
bd878a638e0e3be3,Angela,Magana,Your Majesty,http://ufcstats.com/fighter-details/bd878a638e0e3be3
84b3e7d38f2d2ec5,Neil,Magny,The Haitian Sensation,http://ufcstats.com/fighter-details/84b3e7d38f2d2ec5
d16373b3568678d4,Raimond,Magomedaliev,,http://ufcstats.com/fighter-details/d16373b3568678d4
e7e970d508529bf3,Ibragim,Magomedov,,http://ufcstats.com/fighter-details/e7e970d508529bf3
7ea1f74cef32f906,Rashid,Magomedov,Highlander,http://ufcstats.com/fighter-details/7ea1f74cef32f906
369e1ce458ef50a6,Ruslan,Magomedov,Leopard,http://ufcstats.com/fighter-details/369e1ce458ef50a6
36b8f265bcd1b7a4,Abus,Magomedov,,http://ufcstats.com/fighter-details/36b8f265bcd1b7a4
06734ca9d88dec3a,Shara,Magomedov,Bullet,http://ufcstats.com/fighter-details/06734ca9d88dec3a
d436f5d55156a521,Murtazali,Magomedov,The Highlight,http://ufcstats.com/fighter-details/d436f5d55156a521
87aa9fb63d6b51a1,Zabit,Magomedsharipov,,http://ufcstats.com/fighter-details/87aa9fb63d6b51a1
1a7745388839e52b,John,Maguire,The One,http://ufcstats.com/fighter-details/1a7745388839e52b
fb0b6593cec84356,Lolohea,Mahe,,http://ufcstats.com/fighter-details/fb0b6593cec84356
118463dd8db16e7f,Michelle,Maher,,http://ufcstats.com/fighter-details/118463dd8db16e7f
8c1ca54b5089d199,,Maheshate,,http://ufcstats.com/fighter-details/8c1ca54b5089d199
ae58685caf8e4a0d,Bill,Mahood,The Butcher,http://ufcstats.com/fighter-details/ae58685caf8e4a0d
7a9c1bb08a743d7f,Klayton,Mai,,http://ufcstats.com/fighter-details/7a9c1bb08a743d7f
427b5953ac8e3a27,Demian,Maia,,http://ufcstats.com/fighter-details/427b5953ac8e3a27
8e1f36476ef02a6a,Jennifer,Maia,,http://ufcstats.com/fighter-details/8e1f36476ef02a6a
03b1b79b34eaf217,Nayara,Maia,Capita,http://ufcstats.com/fighter-details/03b1b79b34eaf217
b301292b1bc92bdb,Roshan,Mainam,The Indian Notorious,http://ufcstats.com/fighter-details/b301292b1bc92bdb
938ad489fb7a1f31,Levan,Makashvili,The Hornet,http://ufcstats.com/fighter-details/938ad489fb7a1f31
c21a036b4e012f1c,John,Makdessi,The Bull,http://ufcstats.com/fighter-details/c21a036b4e012f1c
275aca31f61ba28c,Islam,Makhachev,,http://ufcstats.com/fighter-details/275aca31f61ba28c
3d481aa374c954a1,Aliev,Makhmud,,http://ufcstats.com/fighter-details/3d481aa374c954a1
57ab4d7c0bc09a30,Zach,Makovsky,Fun Size,http://ufcstats.com/fighter-details/57ab4d7c0bc09a30
7f1bf0c255ec8756,Azat,Maksum,Qazaq,http://ufcstats.com/fighter-details/7f1bf0c255ec8756
110404b505fb562c,Jeremy,Malaterre,,http://ufcstats.com/fighter-details/110404b505fb562c
1fb80f46d3c105d9,Fabio,Maldonado,Caipira de Aco,http://ufcstats.com/fighter-details/1fb80f46d3c105d9
e5ce754b01f922be,Marvin,Maldonado,The Bulldog,http://ufcstats.com/fighter-details/e5ce754b01f922be
b60c980f79b87ce8,Bea,Malecki,,http://ufcstats.com/fighter-details/b60c980f79b87ce8
d38e8c6ae2dfc051,Nazareno,Malegarie,El Tigre,http://ufcstats.com/fighter-details/d38e8c6ae2dfc051
a314687f372b2cec,Carl,Malenko,,http://ufcstats.com/fighter-details/a314687f372b2cec
d4270315cbcf2569,Jacob,Malkoun,Mamba,http://ufcstats.com/fighter-details/d4270315cbcf2569
dd6103dd7127db1d,Mike,Malott,Proper,http://ufcstats.com/fighter-details/dd6103dd7127db1d
9f5609dba6584ab2,Regina,Malpica Rivera,Kill Bill,http://ufcstats.com/fighter-details/9f5609dba6584ab2
eefc73b53d4a05d7,Dan,Manasoiu,,http://ufcstats.com/fighter-details/eefc73b53d4a05d7
725a834930c2b5bf,Troy,Mandaloniz,Rude Boy,http://ufcstats.com/fighter-details/725a834930c2b5bf
6e9f40c706f91f32,Nate,Maness,Mayhem,http://ufcstats.com/fighter-details/6e9f40c706f91f32
9297ce6eee046f7a,Michael,Mangan,,http://ufcstats.com/fighter-details/9297ce6eee046f7a
1c0ffc63d8ec8f45,Gary,Mangat,,http://ufcstats.com/fighter-details/1c0ffc63d8ec8f45
122ae3b34275fbb2,George,Mangos,,http://ufcstats.com/fighter-details/122ae3b34275fbb2
e5767ed355a937c2,Melvin,Manhoef,No Mercy,http://ufcstats.com/fighter-details/e5767ed355a937c2
b6c6d1731ff00eeb,Melchor,Manibusan,Barracuda,http://ufcstats.com/fighter-details/b6c6d1731ff00eeb
a0602dd050bebefc,Jon,Manley,,http://ufcstats.com/fighter-details/a0602dd050bebefc
0eef1bf99afd4ff2,Steve,Mann,,http://ufcstats.com/fighter-details/0eef1bf99afd4ff2
b6203e0492a9336c,Marnic,Mann,The Sawed-Off Savage,http://ufcstats.com/fighter-details/b6203e0492a9336c
e192ebb85b68fa9e,Dylan,Mantello,The Quiet Man,http://ufcstats.com/fighter-details/e192ebb85b68fa9e
a23e63184c65f5b8,Chris,Manuel,,http://ufcstats.com/fighter-details/a23e63184c65f5b8
1e1dbd1cc5a7469e,Jimi,Manuwa,Poster Boy,http://ufcstats.com/fighter-details/1e1dbd1cc5a7469e
530af2900b5a1693,Dom,Mar Fan,Street Buddha,http://ufcstats.com/fighter-details/530af2900b5a1693
ff4c3ab594c7fac3,Cristiano,Marcello,,http://ufcstats.com/fighter-details/ff4c3ab594c7fac3
850266b3dc4e506e,Daniel,Marcos,Soncora,http://ufcstats.com/fighter-details/850266b3dc4e506e
b35ba64b6a2bbcb3,Jose,Maria,No Chance,http://ufcstats.com/fighter-details/b35ba64b6a2bbcb3
72e5e5a6edfa8223,Marcos,Mariano,Dhalsim,http://ufcstats.com/fighter-details/72e5e5a6edfa8223
23a6e307077c6ccc,Enrique,Marin,Wasabi,http://ufcstats.com/fighter-details/23a6e307077c6ccc
e0c6edcb5b5d0b90,Chepe,Mariscal,Machine Gun,http://ufcstats.com/fighter-details/e0c6edcb5b5d0b90
bd21a1e3d41c97ee,Ronny,Markes,,http://ufcstats.com/fighter-details/bd21a1e3d41c97ee
23a16ebe733e3041,Rory,Markham,,http://ufcstats.com/fighter-details/23a16ebe733e3041
4a57ebb14315b251,Randa,Markos,Quiet Storm,http://ufcstats.com/fighter-details/4a57ebb14315b251
c7be22a47a58365a,Christina,Marks,,http://ufcstats.com/fighter-details/c7be22a47a58365a
d7fe8c6b7d2872e5,Brendon,Marotte,The Kid,http://ufcstats.com/fighter-details/d7fe8c6b7d2872e5
a8e6a69796280f17,Nate,Marquardt,The Great,http://ufcstats.com/fighter-details/a8e6a69796280f17
687c15b2eddfaa63,Danilo,Marques,,http://ufcstats.com/fighter-details/687c15b2eddfaa63
d0e1b42d41dab603,Julian,Marquez,The Cuban Missile Crisis,http://ufcstats.com/fighter-details/d0e1b42d41dab603
aa03a3ca00ac6827,Carmelo,Marrero,The Fury,http://ufcstats.com/fighter-details/aa03a3ca00ac6827
e8efeb9cf33b1941,Cesar,Marscucci,,http://ufcstats.com/fighter-details/e8efeb9cf33b1941
b6b12014698cc345,John,Marsh,,http://ufcstats.com/fighter-details/b6b12014698cc345
4c91eb190d5e0dd9,CJ,Marsh,,http://ufcstats.com/fighter-details/4c91eb190d5e0dd9
a08d909a5be6f410,Eliot,Marshall,Fire,http://ufcstats.com/fighter-details/a08d909a5be6f410
0c1773639c795466,Doug,Marshall,The Rhino,http://ufcstats.com/fighter-details/0c1773639c795466
0a2813f89a758ff7,David,Marshall,,http://ufcstats.com/fighter-details/0a2813f89a758ff7
5d495dec23d7c68e,Francis,Marshall,Fire,http://ufcstats.com/fighter-details/5d495dec23d7c68e
045f25b3a4c08e81,Jack,Marshman,The Hammer,http://ufcstats.com/fighter-details/045f25b3a4c08e81
6a92caba39b64752,Terry,Martin,,http://ufcstats.com/fighter-details/6a92caba39b64752
abbc4fc02e0d84b3,Eric,Martin,,http://ufcstats.com/fighter-details/abbc4fc02e0d84b3
3da19339ee7051d5,Justin,Martin,,http://ufcstats.com/fighter-details/3da19339ee7051d5
92c96df8bdab5fea,Dave,Martin,,http://ufcstats.com/fighter-details/92c96df8bdab5fea
325550dab63fb25a,Joe,Martin,,http://ufcstats.com/fighter-details/325550dab63fb25a
5331b25a60417ffb,Anthony Rocco,Martin,,http://ufcstats.com/fighter-details/5331b25a60417ffb
19b7738321cfae42,Mallory,Martin,,http://ufcstats.com/fighter-details/19b7738321cfae42
9acf42aebe9bb895,Michal,Martinek,,http://ufcstats.com/fighter-details/9acf42aebe9bb895
577ec7e108b94be3,Rainy,Martinez,,http://ufcstats.com/fighter-details/577ec7e108b94be3
8a9c6c4301f6d088,Danny,Martinez,The Gremlin,http://ufcstats.com/fighter-details/8a9c6c4301f6d088
feffee4fc6da3aa3,Alonzo,Martinez,Zo Diddy,http://ufcstats.com/fighter-details/feffee4fc6da3aa3
76729a829623e266,Henry,Martinez,Sicario,http://ufcstats.com/fighter-details/76729a829623e266
f2477cf43c4975cc,Jonathan,Martinez,Dragon,http://ufcstats.com/fighter-details/f2477cf43c4975cc
8851bb0418d27d28,Poppies,Martinez,The Tachi Kid,http://ufcstats.com/fighter-details/8851bb0418d27d28
f8c2aba4815876b5,Andrew,Martinez,Mickey D,http://ufcstats.com/fighter-details/f8c2aba4815876b5
c0386644627a7ee5,Mana,Martinez,ManaBoi,http://ufcstats.com/fighter-details/c0386644627a7ee5
3e708ce33b6b18e6,Victor,Martinez,The Brick,http://ufcstats.com/fighter-details/3e708ce33b6b18e6
2c5a0b8317f8f27a,Roque,Martinez,,http://ufcstats.com/fighter-details/2c5a0b8317f8f27a
3f4c3bc822bea45d,Melissa,Martinez,Super Mely,http://ufcstats.com/fighter-details/3f4c3bc822bea45d
f77afa72da84c9a8,Julieta,Martinez,The Ninja Ferret,http://ufcstats.com/fighter-details/f77afa72da84c9a8
9a97acbfd5a08bfa,David,Martinez,Black Spartan,http://ufcstats.com/fighter-details/9a97acbfd5a08bfa
563d051c9e769b24,Wagner da Conceicao,Martins,Zuluzinho,http://ufcstats.com/fighter-details/563d051c9e769b24
7dcf06c1967801c1,Adriano,Martins,,http://ufcstats.com/fighter-details/7dcf06c1967801c1
7413b80dbb0f8f9f,Lucas,Martins,Mineiro,http://ufcstats.com/fighter-details/7413b80dbb0f8f9f
69d3fa376ff2595e,Max,Martyniouk,Payne,http://ufcstats.com/fighter-details/69d3fa376ff2595e
a17322f99ddfd8e9,Bristol,Marunde,,http://ufcstats.com/fighter-details/a17322f99ddfd8e9
c046100aea0dba9a,Shoji,Maruyama,,http://ufcstats.com/fighter-details/c046100aea0dba9a
aa1a873d05acc7eb,Kazuma,Maruyama,Gluttony,http://ufcstats.com/fighter-details/aa1a873d05acc7eb
6dedfe07640a9acc,Islem,Masraf,Lightning,http://ufcstats.com/fighter-details/6dedfe07640a9acc
5b2d7906aa894274,Mike,Massenzio,The Master of Disaster,http://ufcstats.com/fighter-details/5b2d7906aa894274
883922e5cd6d8473,Jameel,Massouh,,http://ufcstats.com/fighter-details/883922e5cd6d8473
ca743f96dd2063d5,Tiffany,Masters,Rainbow Renegade,http://ufcstats.com/fighter-details/ca743f96dd2063d5
47b9e0e7703a4868,Jorge,Masvidal,Gamebred,http://ufcstats.com/fighter-details/47b9e0e7703a4868
eec3fe66a8b11a26,Al,Matavao,Sweetness,http://ufcstats.com/fighter-details/eec3fe66a8b11a26
3a524c6700addc24,Tateki,Matsuda,Tech,http://ufcstats.com/fighter-details/3a524c6700addc24
4c33b3d37955aa85,Arisa,Matsuda,,http://ufcstats.com/fighter-details/4c33b3d37955aa85
cd42bbe8887bba90,Daijiro,Matsui,,http://ufcstats.com/fighter-details/cd42bbe8887bba90
56cc76c55cee8410,Toki,Matsui,,http://ufcstats.com/fighter-details/56cc76c55cee8410
2fb6f197d1fbc779,Koichiro,Matsumoto,,http://ufcstats.com/fighter-details/2fb6f197d1fbc779
ffd3224638c01b57,Jean,Matsumoto,,http://ufcstats.com/fighter-details/ffd3224638c01b57
5ad226da6c74a48e,Koyomi,Matsushima,,http://ufcstats.com/fighter-details/5ad226da6c74a48e
990060b2a68a7b82,Naoki,Matsushita,,http://ufcstats.com/fighter-details/990060b2a68a7b82
18e4f61f16f458c6,AJ,Matthews,,http://ufcstats.com/fighter-details/18e4f61f16f458c6
a845f0735bc67405,Jake,Matthews,The Celtic Kid,http://ufcstats.com/fighter-details/a845f0735bc67405
36e78278a77006d4,Connor,Matthews,The Controller,http://ufcstats.com/fighter-details/36e78278a77006d4
6e2b1d631832921d,Claudio,Mattos,Popeye,http://ufcstats.com/fighter-details/6e2b1d631832921d
c933d423ebdbbbdb,John,Matua,,http://ufcstats.com/fighter-details/c933d423ebdbbbdb
d3b5ad3b15a64a18,Francesco,Maturi,,http://ufcstats.com/fighter-details/d3b5ad3b15a64a18
ccdd90bd1fc7dab6,Vladimir,Matyushenko,The Janitor,http://ufcstats.com/fighter-details/ccdd90bd1fc7dab6
f29a6350c69f4a33,Miranda,Maverick,Fear The,http://ufcstats.com/fighter-details/f29a6350c69f4a33
12585614e0ed2626,Nick,Maximov,,http://ufcstats.com/fighter-details/12585614e0ed2626
a16ce18149021139,Elaina,Maxwell,Beef,http://ufcstats.com/fighter-details/a16ce18149021139
c32fdfe75cda5b22,Jeremy,May,,http://ufcstats.com/fighter-details/c32fdfe75cda5b22
2c6e81426dd7573c,Jack,May,The Outlaw,http://ufcstats.com/fighter-details/2c6e81426dd7573c
1a9480fc288e55d7,Don'Tale,Mayes,Lord Kong,http://ufcstats.com/fighter-details/1a9480fc288e55d7
7d96bc577e5178b2,Gray,Maynard,,http://ufcstats.com/fighter-details/7d96bc577e5178b2
1b41c21d947d6f2f,Brooke,Mayo,The Bully,http://ufcstats.com/fighter-details/1b41c21d947d6f2f
016a8d958883167c,Gina,Mazany,Danger,http://ufcstats.com/fighter-details/016a8d958883167c
70d2329a92864fdb,Sabina,Mazo,Colombian Queen,http://ufcstats.com/fighter-details/70d2329a92864fdb
7b3c13fe33556a21,Francesco,Mazzeo,,http://ufcstats.com/fighter-details/7b3c13fe33556a21
7e7d81bf162a5ec1,Scott,McAfee,,http://ufcstats.com/fighter-details/7e7d81bf162a5ec1
ef6f45095119d416,Bobby,McAndrews,,http://ufcstats.com/fighter-details/ef6f45095119d416
443f60bec7c3c3d5,Michael,McBride,,http://ufcstats.com/fighter-details/443f60bec7c3c3d5
701e057d63c124d9,Ian,McCall,Uncle Creepy,http://ufcstats.com/fighter-details/701e057d63c124d9
51018a31ddf31eb2,Molly,McCann,Meatball,http://ufcstats.com/fighter-details/51018a31ddf31eb2
da97d6c97d09c030,Charles,McCarthy,Chainsaw,http://ufcstats.com/fighter-details/da97d6c97d09c030
9508cc6184cb2450,Eric,McConico,,http://ufcstats.com/fighter-details/9508cc6184cb2450
008dc37cca279def,Sean,McCorkle,,http://ufcstats.com/fighter-details/008dc37cca279def
2a9f9db24cd032ba,Danni,McCormack,Mac,http://ufcstats.com/fighter-details/2a9f9db24cd032ba
b43620395f655046,Paddy,McCorry,,http://ufcstats.com/fighter-details/b43620395f655046
baed16f18348908e,Kris,McCray,Savage,http://ufcstats.com/fighter-details/baed16f18348908e
eff47295daf721a6,Tamdan,McCrory,The Barncat,http://ufcstats.com/fighter-details/eff47295daf721a6
11e3fd7546359fc5,Rob,McCullough,Razor,http://ufcstats.com/fighter-details/11e3fd7546359fc5
75f871836d41f90f,Justin,McCully,The Insane One,http://ufcstats.com/fighter-details/75f871836d41f90f
5cafbc97dba2e797,Robert,McDaniel,Bubba,http://ufcstats.com/fighter-details/5cafbc97dba2e797
d52ef694108f8235,Michael,McDonald,The Black Sniper,http://ufcstats.com/fighter-details/d52ef694108f8235
08ae3100bf2100ed,Scott,McDonald,,http://ufcstats.com/fighter-details/08ae3100bf2100ed
d0314416a7f26527,Michael,McDonald,Mayday,http://ufcstats.com/fighter-details/d0314416a7f26527
b507a76087e3ed9f,Josh,McDonald,,http://ufcstats.com/fighter-details/b507a76087e3ed9f
a3f8356ace5e3eb5,Miles,McDonald,,http://ufcstats.com/fighter-details/a3f8356ace5e3eb5
49c29e57d4e2be6f,Justin,McElfresh,,http://ufcstats.com/fighter-details/49c29e57d4e2be6f
1fd4fbdcc67de844,Drew,McFedries,The Massacre,http://ufcstats.com/fighter-details/1fd4fbdcc67de844
e4e0993befecdaf8,Liam,McGeary,,http://ufcstats.com/fighter-details/e4e0993befecdaf8
d90b630e0561818b,Gan,McGee,The Giant,http://ufcstats.com/fighter-details/d90b630e0561818b
523fa774700d7d3f,Court,McGee,The Crusher,http://ufcstats.com/fighter-details/523fa774700d7d3f
c0ac37a4a1133da9,Marcus,McGhee,The Maniac,http://ufcstats.com/fighter-details/c0ac37a4a1133da9
1f9c371c93dfd3a9,Ryan,McGillivray,The Kid,http://ufcstats.com/fighter-details/1f9c371c93dfd3a9
856ec65948b7d234,Ryan,McGivern,,http://ufcstats.com/fighter-details/856ec65948b7d234
237187ed9f419285,Jack,McGlaughlin,,http://ufcstats.com/fighter-details/237187ed9f419285
f4c49976c75c5ab2,Conor,McGregor,The Notorious,http://ufcstats.com/fighter-details/f4c49976c75c5ab2
00a905a4a4a2b071,Greg,McIntyre,,http://ufcstats.com/fighter-details/00a905a4a4a2b071
3414b50b08a10600,Antonio,McKee,Mandingo,http://ufcstats.com/fighter-details/3414b50b08a10600
f3ec0214794a699e,AJ,McKee,Mercenary,http://ufcstats.com/fighter-details/f3ec0214794a699e
f748267c4ab6c127,Rhys,McKee,Skeletor,http://ufcstats.com/fighter-details/f748267c4ab6c127
3351aa64aa83c4d9,Cory,McKenna,Poppins,http://ufcstats.com/fighter-details/3351aa64aa83c4d9
9ca265dfe8323db3,Tim,McKenzie,,http://ufcstats.com/fighter-details/9ca265dfe8323db3
7be63795363029e8,Cody,McKenzie,,http://ufcstats.com/fighter-details/7be63795363029e8
809bd1a871491508,Terrance,McKinney,T. Wrecks,http://ufcstats.com/fighter-details/809bd1a871491508
6488729da7ac1c79,Brian,McLaughlin,,http://ufcstats.com/fighter-details/6488729da7ac1c79
8336d7a85ce45481,Jason,McLean,,http://ufcstats.com/fighter-details/8336d7a85ce45481
f215cfbd4ba3c270,Garreth,McLellan,Soldier Boy,http://ufcstats.com/fighter-details/f215cfbd4ba3c270
7be74a12d7352df2,Sara,McMann,,http://ufcstats.com/fighter-details/7be74a12d7352df2
6b0a6def604de298,Tommy,McMillen,Gun,http://ufcstats.com/fighter-details/6b0a6def604de298
cac08b8685387ca5,James,McSweeney,The Hammer,http://ufcstats.com/fighter-details/cac08b8685387ca5
acd8a53f7c0ce85e,Charles,McTorry,,http://ufcstats.com/fighter-details/acd8a53f7c0ce85e
3eeec2f53cebdf12,Jackson,McVey,The Moose,http://ufcstats.com/fighter-details/3eeec2f53cebdf12
7b03d9df5910917d,Daniel,McWilliams,The Animal,http://ufcstats.com/fighter-details/7b03d9df5910917d
4b47e71384a9522f,Tim,Means,The Dirty Bird,http://ufcstats.com/fighter-details/4b47e71384a9522f
813550bc53b15fb0,Yancy,Medeiros,,http://ufcstats.com/fighter-details/813550bc53b15fb0
2937cb502dda0808,Anistavio,Medeiros,Gasparzinho,http://ufcstats.com/fighter-details/2937cb502dda0808
263af068bd986548,Kaline,Medeiros,The Dark Angel,http://ufcstats.com/fighter-details/263af068bd986548
e2be0c1a9b886d92,MarQuel,Mederos,,http://ufcstats.com/fighter-details/e2be0c1a9b886d92
681399317dbf4701,Uros,Medic,The Doctor,http://ufcstats.com/fighter-details/681399317dbf4701
b60391da771deefe,Todd,Medina,El Tiburon,http://ufcstats.com/fighter-details/b60391da771deefe
f53fb9d9e57cc38e,Jason,Medina,,http://ufcstats.com/fighter-details/f53fb9d9e57cc38e
baa9be02c3e3e038,Jose Daniel,Medina,Chicho,http://ufcstats.com/fighter-details/baa9be02c3e3e038
103b06d8707895a9,Emil,Meek,Valhalla,http://ufcstats.com/fighter-details/103b06d8707895a9
27c59ac201539d10,Sanford Alton,Meeks,,http://ufcstats.com/fighter-details/27c59ac201539d10
6ac9bc2953c47345,Gerald,Meerschaert,GM3,http://ufcstats.com/fighter-details/6ac9bc2953c47345
c0a93b52096b7682,Frank,Megallon,,http://ufcstats.com/fighter-details/c0a93b52096b7682
6c7dafd03b6cc3f8,Derrick,Mehmen,Caveman,http://ufcstats.com/fighter-details/6c7dafd03b6cc3f8
41dca66f9dadfc86,Miika,Mehmet,,http://ufcstats.com/fighter-details/41dca66f9dadfc86
2aa49b3766a59bcd,Jordan,Mein,Young Gun,http://ufcstats.com/fighter-details/2aa49b3766a59bcd
6eae26c44e505775,Bryce,Mejia,,http://ufcstats.com/fighter-details/6eae26c44e505775
eee7dafac7d672b5,Brian,Melancon,,http://ufcstats.com/fighter-details/eee7dafac7d672b5
2b06b6ad5db63348,Brandon,Melendez,The Murderer,http://ufcstats.com/fighter-details/2b06b6ad5db63348
aa5b4eff51bdc7d1,Gilbert,Melendez,El Nino,http://ufcstats.com/fighter-details/aa5b4eff51bdc7d1
64b8561624d3b15e,Nair,Melikyan,Ahalkalakski,http://ufcstats.com/fighter-details/64b8561624d3b15e
672ef06fd9f41f7d,Marcelo,Mello,,http://ufcstats.com/fighter-details/672ef06fd9f41f7d
8a028648f3f0761d,Fabio,Mello,,http://ufcstats.com/fighter-details/8a028648f3f0761d
9b7dfb3b7d99926a,Vanessa,Melo,,http://ufcstats.com/fighter-details/9b7dfb3b7d99926a
3795fca327cbcf23,Antonio,Mendes,Samurai,http://ufcstats.com/fighter-details/3795fca327cbcf23
b5b684eac99ae0a3,Chad,Mendes,Money,http://ufcstats.com/fighter-details/b5b684eac99ae0a3
3d5b1ce6097dbb49,Augusto,Mendes,Tanquinho,http://ufcstats.com/fighter-details/3d5b1ce6097dbb49
49e49b54e5901d0d,Eddie,Mendez,,http://ufcstats.com/fighter-details/49e49b54e5901d0d
48812daf291a4e23,Mateus,Mendonca,Bocao,http://ufcstats.com/fighter-details/48812daf291a4e23
28200bc87367614f,Luis,Mendoza,,http://ufcstats.com/fighter-details/28200bc87367614f
869d68b5383131fd,Pietro,Menga,,http://ufcstats.com/fighter-details/869d68b5383131fd
a495f599e787614f,Alonzo,Menifield,Atomic,http://ufcstats.com/fighter-details/a495f599e787614f
5755960ebd0b16f6,Ivan,Menjivar,The Pride of El Salvador,http://ufcstats.com/fighter-details/5755960ebd0b16f6
275cafc9de131c83,Dave,Menne,The Warrior,http://ufcstats.com/fighter-details/275cafc9de131c83
3bc27ec15facbcf3,Steve,Mensing,The Machine,http://ufcstats.com/fighter-details/3bc27ec15facbcf3
36120738148f203f,Buck,Meredith,,http://ufcstats.com/fighter-details/36120738148f203f
c1135a6892e916db,Adam,Meredith,,http://ufcstats.com/fighter-details/c1135a6892e916db
2f6dc878d653c442,Nick,Meregali,,http://ufcstats.com/fighter-details/2f6dc878d653c442
e82d5f54daa85a7e,Joe,Merritt,,http://ufcstats.com/fighter-details/e82d5f54daa85a7e
eff9074bc066f0f2,Bia,Mesquita,,http://ufcstats.com/fighter-details/eff9074bc066f0f2
5bdcbd8dd681a257,Jeremiah,Metcalf,,http://ufcstats.com/fighter-details/5bdcbd8dd681a257
5823ceab56741617,Jonathan,Meunier,District,http://ufcstats.com/fighter-details/5823ceab56741617
3623bd267a2eef2e,Yaotzin,Meza,,http://ufcstats.com/fighter-details/3623bd267a2eef2e
946f341df6472ee0,Guy,Mezger,,http://ufcstats.com/fighter-details/946f341df6472ee0
8f003ef7e0d9a139,David,Mgoyan,,http://ufcstats.com/fighter-details/8f003ef7e0d9a139
f782f953bfe7b5f2,Jonathan,Micallef,The Captain,http://ufcstats.com/fighter-details/f782f953bfe7b5f2
f5e4ce11afbdfb61,Brandon,Michaels,,http://ufcstats.com/fighter-details/f5e4ce11afbdfb61
79325a3c1a5c3bf4,Andreas,Michailidis,The Spartan,http://ufcstats.com/fighter-details/79325a3c1a5c3bf4
49f4b511932f71e9,David,Michaud,BullDawg,http://ufcstats.com/fighter-details/49f4b511932f71e9
f903967fd320da38,Chris,Mickle,,http://ufcstats.com/fighter-details/f903967fd320da38
a36a14985a57a1c6,Zachary,Micklewright,,http://ufcstats.com/fighter-details/a36a14985a57a1c6
5b5b9c6f6f270369,Kristof,Midoux,The Hurricane,http://ufcstats.com/fighter-details/5b5b9c6f6f270369
f62850b3c7480db9,Keith,Mielke,,http://ufcstats.com/fighter-details/f62850b3c7480db9
2b284840ca89876a,Chris,Mierzwiak,,http://ufcstats.com/fighter-details/2b284840ca89876a
a6fa5dd90528e9f7,Gabriel,Miglioli,Biel,http://ufcstats.com/fighter-details/a6fa5dd90528e9f7
d6285cba1d1052e0,Bojan,Mihajlovic,,http://ufcstats.com/fighter-details/d6285cba1d1052e0
3c48019bc387b80c,Billy,Miles,The Kid,http://ufcstats.com/fighter-details/3c48019bc387b80c
cedfdf8d423d500c,Pat,Miletich,The Croatian Sensation,http://ufcstats.com/fighter-details/cedfdf8d423d500c
f1928a52590c5532,Curtis,Millender,Curtious,http://ufcstats.com/fighter-details/f1928a52590c5532
18aecaf50f52e4c3,Phillip,Miller,,http://ufcstats.com/fighter-details/18aecaf50f52e4c3
b2f88c04c4dd43ce,Jason,Miller,Mayhem,http://ufcstats.com/fighter-details/b2f88c04c4dd43ce
d0c29452d3272603,Dan,Miller,,http://ufcstats.com/fighter-details/d0c29452d3272603
d1941565abf50b16,Jim,Miller,A-10,http://ufcstats.com/fighter-details/d1941565abf50b16
282fa667ff9c51ed,Cole,Miller,Magrinho,http://ufcstats.com/fighter-details/282fa667ff9c51ed
45a2ba3ef82b9700,Henry,Miller,Sentoryu,http://ufcstats.com/fighter-details/45a2ba3ef82b9700
3ff0d0dc7a14bb50,Micah,Miller,Maverick,http://ufcstats.com/fighter-details/3ff0d0dc7a14bb50
a4d055f1435d6d75,Aaron,Miller,Blood Spiller,http://ufcstats.com/fighter-details/a4d055f1435d6d75
39019970ac8543e9,Mo,Miller,Moshow,http://ufcstats.com/fighter-details/39019970ac8543e9
aa0c573da7119292,Juliana,Miller,Killer,http://ufcstats.com/fighter-details/aa0c573da7119292
0859524157a19045,Ty,Miller,Thriller,http://ufcstats.com/fighter-details/0859524157a19045
f2c934689243fe4e,Eddy,Millis,,http://ufcstats.com/fighter-details/f2c934689243fe4e
6cadfd8f1d9e7685,Che,Mills,Beautiful,http://ufcstats.com/fighter-details/6cadfd8f1d9e7685
72ffecf712673af1,Adam,Milstead,The Prototype,http://ufcstats.com/fighter-details/72ffecf712673af1
4b1d46a1b5c0fd11,Alberto,Mina,Soldier of God,http://ufcstats.com/fighter-details/4b1d46a1b5c0fd11
56c975c4a2b357a5,Vitaly,Minakov,,http://ufcstats.com/fighter-details/56c975c4a2b357a5
1ccaeae54725d897,Mario,Mingaj,,http://ufcstats.com/fighter-details/1ccaeae54725d897
34e516ab361afb1c,Darrick,Minner,,http://ufcstats.com/fighter-details/34e516ab361afb1c
c8aa3541bec4042e,Mike,Minniger,,http://ufcstats.com/fighter-details/c8aa3541bec4042e
ce6065baef021cf3,Ikuhisa,Minowa,Minowaman,http://ufcstats.com/fighter-details/ce6065baef021cf3
40d8b74488743800,Carlton,Minus,Clutch,http://ufcstats.com/fighter-details/40d8b74488743800
d28dee5c705991df,Stipe,Miocic,,http://ufcstats.com/fighter-details/d28dee5c705991df
1ff9589f9065a9ed,Frank,Mir,,http://ufcstats.com/fighter-details/1ff9589f9065a9ed
be8ad887e4d674b0,Juan,Miranda,,http://ufcstats.com/fighter-details/be8ad887e4d674b0
df2bf09c99594848,Mario,Miranda,,http://ufcstats.com/fighter-details/df2bf09c99594848
4bcb6eb12b4ad4aa,Vitor,Miranda,Lex Luthor,http://ufcstats.com/fighter-details/4bcb6eb12b4ad4aa
b909a9a9688b5284,Gabriel,Miranda,Fly,http://ufcstats.com/fighter-details/b909a9a9688b5284
992c82450d96f726,Damir,Mirenic,Wolf,http://ufcstats.com/fighter-details/992c82450d96f726
5e7a28f20927d64a,Kazuo,Misaki,Hitman,http://ufcstats.com/fighter-details/5e7a28f20927d64a
3f87218a7aca84c4,Toby,Misech,2 Quick,http://ufcstats.com/fighter-details/3f87218a7aca84c4
b14a68c533f4a4aa,Dokonjonosuke,Mishima,,http://ufcstats.com/fighter-details/b14a68c533f4a4aa
6cbb7661c3258617,Felix Lee,Mitchell,,http://ufcstats.com/fighter-details/6cbb7661c3258617
8f3df4c579cfbb69,David,Mitchell,Daudi,http://ufcstats.com/fighter-details/8f3df4c579cfbb69
c06d554ce1713fd3,Danny,Mitchell,The Cheesecake Assassin,http://ufcstats.com/fighter-details/c06d554ce1713fd3
7263e0dc082adc87,Brad,Mitchell,,http://ufcstats.com/fighter-details/7263e0dc082adc87
3d960455f880bb25,Clay,Mitchell,,http://ufcstats.com/fighter-details/3d960455f880bb25
d9c6f19f958643e9,Bryce,Mitchell,Thug Nasty,http://ufcstats.com/fighter-details/d9c6f19f958643e9
568bebed6366b667,Maurice,Mitchell,The AK Kid,http://ufcstats.com/fighter-details/568bebed6366b667
f3ca6908f78efebe,Terrence,Mitchell,,http://ufcstats.com/fighter-details/f3ca6908f78efebe
2961be02cfb0d2c1,Roman,Mitichyan,,http://ufcstats.com/fighter-details/2961be02cfb0d2c1
ba280572acfba13f,Matt,Mitrione,,http://ufcstats.com/fighter-details/ba280572acfba13f
2b4faacc16d66898,Eiji,Mitsuoka,,http://ufcstats.com/fighter-details/2b4faacc16d66898
509697e08673d2e5,Hiromitsu,Miura,,http://ufcstats.com/fighter-details/509697e08673d2e5
f64e4ecd214c6378,Jonathan ,Mix,,http://ufcstats.com/fighter-details/f64e4ecd214c6378
2cfba6c837c03ed0,Patchy,Mix,No Love,http://ufcstats.com/fighter-details/2cfba6c837c03ed0
c9885b1b7c7055a0,Tomoya,Miyashita,,http://ufcstats.com/fighter-details/c9885b1b7c7055a0
af70d268e5352186,Kazuyuki,Miyata,,http://ufcstats.com/fighter-details/af70d268e5352186
9649d75defe0dedb,Motoki,Miyazawa,,http://ufcstats.com/fighter-details/9649d75defe0dedb
48e093ea1f43a053,Takeya,Mizugaki,,http://ufcstats.com/fighter-details/48e093ea1f43a053
43a59ce3bb40449e,,Mizuki,,http://ufcstats.com/fighter-details/43a59ce3bb40449e
478c8706bdb92440,Tatsuya,Mizuno,,http://ufcstats.com/fighter-details/478c8706bdb92440
4498b382c65a7faa,Roxanne,Modafferi,The Happy Warrior,http://ufcstats.com/fighter-details/4498b382c65a7faa
d76ad9a08c4408ff,Bobby,Moffett,The Wolfman,http://ufcstats.com/fighter-details/d76ad9a08c4408ff
65239fccecd03404,Bronson,Mohika,,http://ufcstats.com/fighter-details/65239fccecd03404
04c15b52c3cc1cab,Nate,Mohr,,http://ufcstats.com/fighter-details/04c15b52c3cc1cab
b6452706b373eea1,Renato,Moicano,,http://ufcstats.com/fighter-details/b6452706b373eea1
d945aae53e3e54e6,Thiago,Moises,,http://ufcstats.com/fighter-details/d945aae53e3e54e6
75353550928a7921,Muhammad,Mokaev,The Punisher,http://ufcstats.com/fighter-details/75353550928a7921
e9bc5748e6a76bb6,Ashkan,Mokhtarian,The Assassin,http://ufcstats.com/fighter-details/e9bc5748e6a76bb6
192520689012c7e4,Suman,Mokhtarian,,http://ufcstats.com/fighter-details/192520689012c7e4
606136dee6f6ecea,Dan,Molina,,http://ufcstats.com/fighter-details/606136dee6f6ecea
008ea710276c9606,Jeff,Molina,El Jefe,http://ufcstats.com/fighter-details/008ea710276c9606
02d276b7d62b3472,Rudyard,Moncayo,,http://ufcstats.com/fighter-details/02d276b7d62b3472
a8e133139286df84,Hidetaka,Monma,,http://ufcstats.com/fighter-details/a8e133139286df84
cbfd1d34356a004c,Jeff,Monson,The Snowman,http://ufcstats.com/fighter-details/cbfd1d34356a004c
bffeb123b21c9aad,Darrell,Montague,Mongoose,http://ufcstats.com/fighter-details/bffeb123b21c9aad
ca80d72da81d7224,Michelle,Montague,The Wild One,http://ufcstats.com/fighter-details/ca80d72da81d7224
72c9c2eadfc3277e,Andrew,Montanez,,http://ufcstats.com/fighter-details/72c9c2eadfc3277e
94508d80e1f885fc,Augusto,Montano,Dodger,http://ufcstats.com/fighter-details/94508d80e1f885fc
8163cd7de0342652,Erick,Montano,Perry,http://ufcstats.com/fighter-details/8163cd7de0342652
1de9ad94de18eeaf,Nicco,Montano,,http://ufcstats.com/fighter-details/1de9ad94de18eeaf
3e38b1ea16bd4d86,Antonio,Monteiro,Junior Negao,http://ufcstats.com/fighter-details/3e38b1ea16bd4d86
8b1b051038354655,Sofia,Montenegro,La Bruja,http://ufcstats.com/fighter-details/8b1b051038354655
a112097ad877a48f,Alberto,Montes,The Promise,http://ufcstats.com/fighter-details/a112097ad877a48f
6e92eb1242b46636,Steve,Montgomery,The Creepy Weasel,http://ufcstats.com/fighter-details/6e92eb1242b46636
c06a9b48d4132c8e,James,Moontasri,Moon Walker,http://ufcstats.com/fighter-details/c06a9b48d4132c8e
e56df3c1d8b4b1cc,Homer,Moore,The Rock,http://ufcstats.com/fighter-details/e56df3c1d8b4b1cc
e31502e3f79d00c5,Todd,Moore,,http://ufcstats.com/fighter-details/e31502e3f79d00c5
518e5202a91980d4,Nate,Moore,,http://ufcstats.com/fighter-details/518e5202a91980d4
831de97afe326478,Dustin,Moore,,http://ufcstats.com/fighter-details/831de97afe326478
26927dab41dbd5fc,Taylor,Moore,,http://ufcstats.com/fighter-details/26927dab41dbd5fc
1bcaac2d99b90fce,Sergio,Moraes,The Panther,http://ufcstats.com/fighter-details/1bcaac2d99b90fce
fea79f9bc8c68769,Marlon,Moraes,Magic,http://ufcstats.com/fighter-details/fea79f9bc8c68769
0d62719b1dcf7c40,Sheymon,Moraes,,http://ufcstats.com/fighter-details/0d62719b1dcf7c40
92437c6775b3f7d1,John,Moraga,,http://ufcstats.com/fighter-details/92437c6775b3f7d1
2dc7f1762dc0a7ef,Ricardo,Morais,The Mutant,http://ufcstats.com/fighter-details/2dc7f1762dc0a7ef
45230be0641f3f53,Leonardo,Morales,Chimy,http://ufcstats.com/fighter-details/45230be0641f3f53
544d7460b3e44393,Albert,Morales,The Warrior,http://ufcstats.com/fighter-details/544d7460b3e44393
2fe9032955c2e013,Joseph,Morales,Bopo,http://ufcstats.com/fighter-details/2fe9032955c2e013
37098a6e6c27fb66,Vince,Morales,Vandetta,http://ufcstats.com/fighter-details/37098a6e6c27fb66
a0e6753c42698f13,Omar,Morales,Venezuelan Fighter,http://ufcstats.com/fighter-details/a0e6753c42698f13
c32aeb1a59e6272d,Michael,Morales,,http://ufcstats.com/fighter-details/c32aeb1a59e6272d
539ed332b3078821,Sarah,Moras,Cheesecake,http://ufcstats.com/fighter-details/539ed332b3078821
80779d7441af1b52,Christian,Morecraft,,http://ufcstats.com/fighter-details/80779d7441af1b52
df85d6ec3493d120,Joe,Moreira,,http://ufcstats.com/fighter-details/df85d6ec3493d120
9147679e1a4ad4a3,Richardson,Moreira,Rick Monstro,http://ufcstats.com/fighter-details/9147679e1a4ad4a3
6a125ba3ec37e27e,Gisele,Moreira,,http://ufcstats.com/fighter-details/6a125ba3ec37e27e
acb36c908d415c4a,Vinicius,Moreira,Mamute,http://ufcstats.com/fighter-details/acb36c908d415c4a
2e2cdb6e9eb84bb9,Jesse,Moreng,Arturo,http://ufcstats.com/fighter-details/2e2cdb6e9eb84bb9
792be9a24df82ed6,Brandon,Moreno,The Assassin Baby,http://ufcstats.com/fighter-details/792be9a24df82ed6
bb2eee4fb3259c01,Mike,Moreno,El Palo Duro,http://ufcstats.com/fighter-details/bb2eee4fb3259c01
66e98b3bb5fc5250,Dan,Moret,The Hitman,http://ufcstats.com/fighter-details/66e98b3bb5fc5250
2067a177a2842fbf,Sammy,Morgan,The Squeeze,http://ufcstats.com/fighter-details/2067a177a2842fbf
92b36014314b028b,Peggy,Morgan,The Daywalker,http://ufcstats.com/fighter-details/92b36014314b028b
938ea36fe9c269f0,Alexander,Morgan,The Chess Master,http://ufcstats.com/fighter-details/938ea36fe9c269f0
cdb96af67d096b1e,Alex,Morono,The Great White,http://ufcstats.com/fighter-details/cdb96af67d096b1e
b4192a975027aab6,Maryna,Moroz,Iron Lady,http://ufcstats.com/fighter-details/b4192a975027aab6
2f6a993c7f547c13,Sergey,Morozov,,http://ufcstats.com/fighter-details/2f6a993c7f547c13
6803d4d6908354ac,Brad,Morris,,http://ufcstats.com/fighter-details/6803d4d6908354ac
be9d259be012e8a4,Scott,Morris,,http://ufcstats.com/fighter-details/be9d259be012e8a4
dab0e6cb8c932162,Anthony,Morrison,Cheesesteak,http://ufcstats.com/fighter-details/dab0e6cb8c932162
38fccd44d669bb2f,Jack,Morrison,,http://ufcstats.com/fighter-details/38fccd44d669bb2f
4dc496aa0cfc0d95,Harry,Moskowitz,Dirty,http://ufcstats.com/fighter-details/4dc496aa0cfc0d95
b15862fcd6ded451,Carlos,Mota,Tizil,http://ufcstats.com/fighter-details/b15862fcd6ded451
a5fa51a81d0c5ed9,Miki,Motono,,http://ufcstats.com/fighter-details/a5fa51a81d0c5ed9
5da4e8dc02e50ac0,Juan,Mott,,http://ufcstats.com/fighter-details/5da4e8dc02e50ac0
37f560436d745c18,Nikolas,Motta,Iron,http://ufcstats.com/fighter-details/37f560436d745c18
ab35634d1a8c7a11,Flavio Luiz,Moura,,http://ufcstats.com/fighter-details/ab35634d1a8c7a11
de594b35c45c2e9a,Eduarda,Moura,Ronda,http://ufcstats.com/fighter-details/de594b35c45c2e9a
232c582f29f8f65e,Gegard,Mousasi,,http://ufcstats.com/fighter-details/232c582f29f8f65e
9c27f3217891f3f0,Kris,Moutinho,,http://ufcstats.com/fighter-details/9c27f3217891f3f0
ae922e7d9e852d7a,Kin,Moy,Kong,http://ufcstats.com/fighter-details/ae922e7d9e852d7a
882d62561063a927,Jamie,Moyle,,http://ufcstats.com/fighter-details/882d62561063a927
e92901944ce91909,Askar,Mozharov,,http://ufcstats.com/fighter-details/e92901944ce91909
d0c325dfefdde31f,Garrett,Mueller,,http://ufcstats.com/fighter-details/d0c325dfefdde31f
f923e012414c883e,Lauren,Mueller,Princess Tiger,http://ufcstats.com/fighter-details/f923e012414c883e
b1b0729d27936f2f,Belal,Muhammad,Remember the Name,http://ufcstats.com/fighter-details/b1b0729d27936f2f
2252b2c892397f0d,Fazlo,Mulabitinovic,,http://ufcstats.com/fighter-details/2252b2c892397f0d
16af2d5a6f28bee2,Quinn,Mulhern,,http://ufcstats.com/fighter-details/16af2d5a6f28bee2
8d5350fa18b79e9a,James,Mulheron,,http://ufcstats.com/fighter-details/8d5350fa18b79e9a
af9f42e6894047fc,Jamie,Mullarkey,,http://ufcstats.com/fighter-details/af9f42e6894047fc
1a49e0670dfaca31,Jim,Mullen,,http://ufcstats.com/fighter-details/1a49e0670dfaca31
bd532e9a2b93870c,Melissa,Mullins,No Mess,http://ufcstats.com/fighter-details/bd532e9a2b93870c
a59bc10f5e9f5fbb,Ananias,Mulumba,Metal,http://ufcstats.com/fighter-details/a59bc10f5e9f5fbb
6bd02119599741a4,Pedro,Munhoz,The Young Punisher,http://ufcstats.com/fighter-details/6bd02119599741a4
886264a0c9f4ea5e,Andre,Muniz,Sergipano,http://ufcstats.com/fighter-details/886264a0c9f4ea5e
179f1948dc234f1f,Mark,Munoz,The Filipino Wrecking Machine,http://ufcstats.com/fighter-details/179f1948dc234f1f
f8f1ec513bcfef43,Alexander,Munoz,,http://ufcstats.com/fighter-details/f8f1ec513bcfef43
f6bcbd91b114ff58,Johnny,Munoz,Kid Kvenbo,http://ufcstats.com/fighter-details/f6bcbd91b114ff58
fd0b4e3eb18eafb7,Andy,Murad,The Tooth Fairy,http://ufcstats.com/fighter-details/fd0b4e3eb18eafb7
c3dd69333eb8085a,Olivier,Murad,Warrior of God,http://ufcstats.com/fighter-details/c3dd69333eb8085a
ea7e5bc78d9de658,Makhmud,Muradov,,http://ufcstats.com/fighter-details/ea7e5bc78d9de658
cfbccfed4e4796fe,Kazunari,Murakami,,http://ufcstats.com/fighter-details/cfbccfed4e4796fe
e3a6c6d6d0ac0815,Ryuichi,Murata,,http://ufcstats.com/fighter-details/e3a6c6d6d0ac0815
e0b0cf71e0d69dd0,Kanako,Murata,,http://ufcstats.com/fighter-details/e0b0cf71e0d69dd0
9b6dcc335ad03696,Ailiya,Muratbek,,http://ufcstats.com/fighter-details/9b6dcc335ad03696
4b90384d7c3519b8,Vince,Murdock,,http://ufcstats.com/fighter-details/4b90384d7c3519b8
6f4d199c0adc06f5,Samandar,Murodov,,http://ufcstats.com/fighter-details/6f4d199c0adc06f5
62918a2118de08b2,Tom,Murphy,,http://ufcstats.com/fighter-details/62918a2118de08b2
de25520d54eab12d,Ian,Murphy,,http://ufcstats.com/fighter-details/de25520d54eab12d
1b5c146ee7b86e34,Jon,Murphy,Man of Faith,http://ufcstats.com/fighter-details/1b5c146ee7b86e34
729d4bd5a6cd0a97,Lauren,Murphy,Lucky,http://ufcstats.com/fighter-details/729d4bd5a6cd0a97
eca7e064746c161a,Patrick,Murphy,,http://ufcstats.com/fighter-details/eca7e064746c161a
396fe87b84ac2e1c,Lerone,Murphy,The Miracle,http://ufcstats.com/fighter-details/396fe87b84ac2e1c
32016899d0a222a3,Lee,Murray,Lightning,http://ufcstats.com/fighter-details/32016899d0a222a3
d0147e906106cd2e,Jesse,Murray,Hollywood,http://ufcstats.com/fighter-details/d0147e906106cd2e
231cae8b77fbbcc1,Khalid,Murtazaliev,,http://ufcstats.com/fighter-details/231cae8b77fbbcc1
e90a2f22417af68e,Azamat,Murzakanov,The Professional,http://ufcstats.com/fighter-details/e90a2f22417af68e
723b64c0e9a8f348,Josias,Musasa,The KO Wizard,http://ufcstats.com/fighter-details/723b64c0e9a8f348
ae81a3ac7b260411,Tofiq,Musayev,,http://ufcstats.com/fighter-details/ae81a3ac7b260411
8b5f9ea38184ded3,Nicholas,Musoke,Nico,http://ufcstats.com/fighter-details/8b5f9ea38184ded3
d0d43cb9b14f231c,Andre,Mussi,,http://ufcstats.com/fighter-details/d0d43cb9b14f231c
31d7446b184e3305,Magomed,Mustafaev,The Sniper,http://ufcstats.com/fighter-details/31d7446b184e3305
f4c40f8a64d3151d,Max,Mustaki,,http://ufcstats.com/fighter-details/f4c40f8a64d3151d
28c55b4087a6f136,Elvis,Mutapcic,The King,http://ufcstats.com/fighter-details/28c55b4087a6f136
062e57ca1a3c95a8,Fiona,Muxlow,,http://ufcstats.com/fighter-details/062e57ca1a3c95a8
2719f300b0439039,Ho Bae,Myeon,,http://ufcstats.com/fighter-details/2719f300b0439039
d5ae8074631762fc,Katsuhiko,Nagata,,http://ufcstats.com/fighter-details/d5ae8074631762fc
e49c2db95e572dc8,Yuji,Nagata,,http://ufcstats.com/fighter-details/e49c2db95e572dc8
342422bb6ced1e8d,Greg,Nagy,,http://ufcstats.com/fighter-details/342422bb6ced1e8d
47e0b5833e6bc91a,Logan,Nail,,http://ufcstats.com/fighter-details/47e0b5833e6bc91a
8d11d9c13e2ccdf7,Muhammad,Naimov,Hillman,http://ufcstats.com/fighter-details/8d11d9c13e2ccdf7
7be328bb3c2ea22e,Yukiya,Naito,,http://ufcstats.com/fighter-details/7be328bb3c2ea22e
50c469e0cb73be10,Yura,Naito,2 FACE,http://ufcstats.com/fighter-details/50c469e0cb73be10
7a9ca95a92d7b64c,Andrews,Nakahara,,http://ufcstats.com/fighter-details/7a9ca95a92d7b64c
f9ae6914f604aa9f,Rin,Nakai,,http://ufcstats.com/fighter-details/f9ae6914f604aa9f
b034747dc1d15491,Kazuhiro,Nakamura,Kaz,http://ufcstats.com/fighter-details/b034747dc1d15491
65ddc8a9ac4e8531,Keita,Nakamura,K-Taro,http://ufcstats.com/fighter-details/65ddc8a9ac4e8531
a196332ee4aa8a82,Daisuke,Nakamura,,http://ufcstats.com/fighter-details/a196332ee4aa8a82
03e8df49c4a059ba,Yusaku,Nakamura,,http://ufcstats.com/fighter-details/03e8df49c4a059ba
d8c811df0386d5e8,Rinya,Nakamura,Hybred,http://ufcstats.com/fighter-details/d8c811df0386d5e8
3618e0632ecdba9c,Keiichiro,Nakamura,,http://ufcstats.com/fighter-details/3618e0632ecdba9c
eb9446a4f44e19cf,Tokitaka,Nakanishi,Toky,http://ufcstats.com/fighter-details/eb9446a4f44e19cf
95eb112a85601a0a,Jutaro,Nakao,,http://ufcstats.com/fighter-details/95eb112a85601a0a
e18012194473e8b0,Yoshihiro,Nakao,Kiss,http://ufcstats.com/fighter-details/e18012194473e8b0
8f4528c10bd34fab,Mandel,Nallo,,http://ufcstats.com/fighter-details/8f4528c10bd34fab
a00ec21cfbba17b6,Yui Chul,Nam,The Korean Bulldozer,http://ufcstats.com/fighter-details/a00ec21cfbba17b6
6e00cfffd54653c4,Tyson,Nam,,http://ufcstats.com/fighter-details/6e00cfffd54653c4
47b63240018d5d86,Rose,Namajunas,Thug,http://ufcstats.com/fighter-details/47b63240018d5d86
6083f497c22cc075,Yasuhito,Namekawa,,http://ufcstats.com/fighter-details/6083f497c22cc075
776a58a67665a171,Nad,Narimani,Smiler,http://ufcstats.com/fighter-details/776a58a67665a171
3a12a2f096a6d975,Roger,Narvaez,Silverback,http://ufcstats.com/fighter-details/3a12a2f096a6d975
307064d3e0f036c2,Fabio,Nascimento,Negao,http://ufcstats.com/fighter-details/307064d3e0f036c2
253076a23d03dcd0,Allan,Nascimento,Puro Osso,http://ufcstats.com/fighter-details/253076a23d03dcd0
d31a5546c0e9b213,Rodrigo,Nascimento,Ze Colmeia,http://ufcstats.com/fighter-details/d31a5546c0e9b213
7dfb56f24fe5ddea,Bobby,Nash,,http://ufcstats.com/fighter-details/7dfb56f24fe5ddea
d41937647eae9a34,Reza,Nasri,,http://ufcstats.com/fighter-details/d41937647eae9a34
769fa803bf9d2e3b,Nasrudin,Nasrudinov,,http://ufcstats.com/fighter-details/769fa803bf9d2e3b
154a6b3ffae264cd,Pawel,Nastula,,http://ufcstats.com/fighter-details/154a6b3ffae264cd
0dba4df5f34d5ff0,Rafael,Natal,Sapo,http://ufcstats.com/fighter-details/0dba4df5f34d5ff0
0c258d1d8e16e5f1,Kevin,Natividad,Quicksand,http://ufcstats.com/fighter-details/0c258d1d8e16e5f1
6a96ad1bc34fb113,Ismail,Naurdiev,,http://ufcstats.com/fighter-details/6a96ad1bc34fb113
618f72750ec50b05,Danny,Navarro,,http://ufcstats.com/fighter-details/618f72750ec50b05
52f7d300738961ac,Marcio,Navarro,The Locomotive,http://ufcstats.com/fighter-details/52f7d300738961ac
6aae253467e8f9ce,Tafon,Nchukwi,Da Don,http://ufcstats.com/fighter-details/6aae253467e8f9ce
e503aa5c252a1b4d,Dustin,Neace,The Beast,http://ufcstats.com/fighter-details/e503aa5c252a1b4d
0b534765dca35e71,Josh,Neal,,http://ufcstats.com/fighter-details/0b534765dca35e71
5751267660c734cb,Joe,Neal,Nine Lives,http://ufcstats.com/fighter-details/5751267660c734cb
b997be68943010fc,Geoff,Neal,Handz of Steel,http://ufcstats.com/fighter-details/b997be68943010fc
1d4bbaabd8b60173,Stanislav,Nedkov,Stucky,http://ufcstats.com/fighter-details/1d4bbaabd8b60173
d1a1314976c50bef,Josh,Neer,The Dentist,http://ufcstats.com/fighter-details/d1a1314976c50bef
8c57c7b8c3bab0eb,Nicolae,Negumereanu,,http://ufcstats.com/fighter-details/8c57c7b8c3bab0eb
13e62d766b709aa6,Steve,Nelmark,The Sandman,http://ufcstats.com/fighter-details/13e62d766b709aa6
2db7fa8db6bc9632,Shane,Nelson,Sugar,http://ufcstats.com/fighter-details/2db7fa8db6bc9632
3f7c14c7eca7195d,Roy,Nelson,Big Country,http://ufcstats.com/fighter-details/3f7c14c7eca7195d
fd55393021a8c255,Gunnar,Nelson,Gunni,http://ufcstats.com/fighter-details/fd55393021a8c255
31f8081c7600da93,Kyle,Nelson,The Monster,http://ufcstats.com/fighter-details/31f8081c7600da93
f4db63258ecf0613,Lissette,Neri,,http://ufcstats.com/fighter-details/f4db63258ecf0613
1209b5134401ca53,Mario,Neto,Sukata,http://ufcstats.com/fighter-details/1209b5134401ca53
fae67903c4fe636b,Antonio Braga,Neto,,http://ufcstats.com/fighter-details/fae67903c4fe636b
1d688fa375d9431c,Eduardo,Neves,Bebezao,http://ufcstats.com/fighter-details/1d688fa375d9431c
195d0d3e14a2e256,Julio Cesar,Neves Jr.,Morceguinho,http://ufcstats.com/fighter-details/195d0d3e14a2e256
f562238becb9ec50,Nick,Newell,Notorious,http://ufcstats.com/fighter-details/f562238becb9ec50
78f485f851891d68,Journey,Newson,,http://ufcstats.com/fighter-details/78f485f851891d68
94609dd91731d428,Jeff,Newton,,http://ufcstats.com/fighter-details/94609dd91731d428
952f6fa06f25a0ec,Carlos,Newton,The Ronin,http://ufcstats.com/fighter-details/952f6fa06f25a0ec
fbbbc68d368832fa,Emanuel,Newton,The Hardcore Kid,http://ufcstats.com/fighter-details/fbbbc68d368832fa
8d03ce87ca14e778,Francis,Ngannou,The Predator,http://ufcstats.com/fighter-details/8d03ce87ca14e778
fd08d6536b7b91f0,Nghiem,Van Y,,http://ufcstats.com/fighter-details/fd08d6536b7b91f0
840d2c82ea68b9aa,Ben,Nguyen,Ten,http://ufcstats.com/fighter-details/840d2c82ea68b9aa
69037fc7730e4225,Steven,Nguyen,The Ninja,http://ufcstats.com/fighter-details/69037fc7730e4225
2b6d855c6e280fb1,Alex,Nicholson,The Spartan,http://ufcstats.com/fighter-details/2b6d855c6e280fb1
35673bf5204524ee,Bo,Nickal,,http://ufcstats.com/fighter-details/35673bf5204524ee
330ec26453c44a59,Mike,Nickels,,http://ufcstats.com/fighter-details/330ec26453c44a59
1a31ef98efce7a79,Matheus,Nicolau,,http://ufcstats.com/fighter-details/1a31ef98efce7a79
2bd98ab77a8daa75,Stewart,Nicoll,Kakamora,http://ufcstats.com/fighter-details/2bd98ab77a8daa75
3edf45e1717fa764,Jaimelene,Nievera,Queenie,http://ufcstats.com/fighter-details/3edf45e1717fa764
52a003d768f10d91,Khomkrit,Niimi,The Bumblebee,http://ufcstats.com/fighter-details/52a003d768f10d91
5fceb45939fc0c8a,Tom,Niinimaki,Stoneface,http://ufcstats.com/fighter-details/5fceb45939fc0c8a
22aa91e402d0fe1f,Ramsey,Nijem,,http://ufcstats.com/fighter-details/22aa91e402d0fe1f
4956f60b7fa57c1a,Hans,Nijman,,http://ufcstats.com/fighter-details/4956f60b7fa57c1a
346f789951e85f3f,Fedor,Nikolov,,http://ufcstats.com/fighter-details/346f789951e85f3f
53e533db1b8e9712,Jack,Nilson,,http://ufcstats.com/fighter-details/53e533db1b8e9712
a9bcf8717dd12532,Mats,Nilsson,,http://ufcstats.com/fighter-details/a9bcf8717dd12532
2c1170b825f58e57,Guangyou,Ning,Smasher,http://ufcstats.com/fighter-details/2c1170b825f58e57
6810d8d2dd557cf9,Soichi,Nishida,,http://ufcstats.com/fighter-details/6810d8d2dd557cf9
5cde96e0a1a1fffe,Yosuke,Nishijima,,http://ufcstats.com/fighter-details/5cde96e0a1a1fffe
7beecbe0a08cf002,Yamato,Nishikawa,,http://ufcstats.com/fighter-details/7beecbe0a08cf002
6c9383ffab2725a5,Akiyo,Nishiura,Wicky Akiyo,http://ufcstats.com/fighter-details/6c9383ffab2725a5
6bf5a7d3e081ade2,Anthony,Njokuani,The Assassin,http://ufcstats.com/fighter-details/6bf5a7d3e081ade2
c68c68efaa5ca6ef,Chidi,Njokuani,Bang Bang,http://ufcstats.com/fighter-details/c68c68efaa5ca6ef
21321cdfba797c52,Derrick,Noble,The Eraser,http://ufcstats.com/fighter-details/21321cdfba797c52
4acf03bdec2025d7,Kyle,Noblitt,,http://ufcstats.com/fighter-details/4acf03bdec2025d7
e983c62faf677ab2,Pedro,Nobre,The Rock,http://ufcstats.com/fighter-details/e983c62faf677ab2
9bff1b4c37ebbede,Jacob,Noe,Psycho,http://ufcstats.com/fighter-details/9bff1b4c37ebbede
ee9d73f4fee9cbdd,Antonio Rodrigo,Nogueira,Minotauro,http://ufcstats.com/fighter-details/ee9d73f4fee9cbdd
73e09f837f3b5ecc,Rogerio,Nogueira,Minotouro,http://ufcstats.com/fighter-details/73e09f837f3b5ecc
4c27ca8c8481f79a,Alexandre Franca,Nogueira,Pequeno,http://ufcstats.com/fighter-details/4c27ca8c8481f79a
a3d1d060f9af97fe,Talita,Nogueira,Treta,http://ufcstats.com/fighter-details/a3d1d060f9af97fe
7339d340aa2889cb,Kyle,Noke,,http://ufcstats.com/fighter-details/7339d340aa2889cb
6c3b2525436cf5d4,Tom,Nolan,Big Train,http://ufcstats.com/fighter-details/6c3b2525436cf5d4
64b12fe31be7560c,Eric,Nolan,Nightime,http://ufcstats.com/fighter-details/64b12fe31be7560c
d665de9b4da87c22,Nick,Nolte,,http://ufcstats.com/fighter-details/d665de9b4da87c22
b7ffa72aa148599a,KJ,Noons,King,http://ufcstats.com/fighter-details/b7ffa72aa148599a
ed9d8ee3a4239b1c,Sage,Northcutt,Super,http://ufcstats.com/fighter-details/ed9d8ee3a4239b1c
bd4389b71fdc0ce2,Jan,Nortje,The Giant,http://ufcstats.com/fighter-details/bd4389b71fdc0ce2
f21a3d68fb9df387,Scott,Norton,Hollywood,http://ufcstats.com/fighter-details/f21a3d68fb9df387
6b0e83b094f816ac,Shohei,Nose,,http://ufcstats.com/fighter-details/6b0e83b094f816ac
9e8e5c529057fe60,Jonatas,Novaes,,http://ufcstats.com/fighter-details/9e8e5c529057fe60
459e4dc69ec669b2,Jason,Novelli,Flipside,http://ufcstats.com/fighter-details/459e4dc69ec669b2
64360e618823a8e4,Phillipe,Nover,The Filipino Assassin,http://ufcstats.com/fighter-details/64360e618823a8e4
0a73acff6325c1e2,Shayilan,Nuerdanbieke,Wolverine,http://ufcstats.com/fighter-details/0a73acff6325c1e2
b37321c0bb9e8570,Azamat,Nuftillaev,Dragon,http://ufcstats.com/fighter-details/b37321c0bb9e8570
3a24769a4855040a,Diego,Nunes,The Gun,http://ufcstats.com/fighter-details/3a24769a4855040a
80fa8218c99f9c58,Amanda,Nunes,The Lioness,http://ufcstats.com/fighter-details/80fa8218c99f9c58
d343df8ba11f4c4e,Nina,Nunes,,http://ufcstats.com/fighter-details/d343df8ba11f4c4e
efc67b07eed39794,Istela,Nunes,,http://ufcstats.com/fighter-details/efc67b07eed39794
68d35296f566792b,Josiane,Nunes,Josi,http://ufcstats.com/fighter-details/68d35296f566792b
709fadb644ee3f51,Diyar,Nurgozhay,,http://ufcstats.com/fighter-details/709fadb644ee3f51
032cc3922d871c7f,Khabib,Nurmagomedov,The Eagle,http://ufcstats.com/fighter-details/032cc3922d871c7f
0fd5f4b838e890cc,Said,Nurmagomedov,,http://ufcstats.com/fighter-details/0fd5f4b838e890cc
029e1293e609fd74,Abubakar,Nurmagomedov,,http://ufcstats.com/fighter-details/029e1293e609fd74
2b6fc1c02736833d,Umar,Nurmagomedov,,http://ufcstats.com/fighter-details/2b6fc1c02736833d
689502703bbfe5f2,Adilet,Nurmatov,Kok-Zhal,http://ufcstats.com/fighter-details/689502703bbfe5f2
8667caa0451d245b,Kennedy,Nzechukwu,African Savage,http://ufcstats.com/fighter-details/8667caa0451d245b
20bcc9966affb19c,Jake,O'Brien,Irish,http://ufcstats.com/fighter-details/20bcc9966affb19c
d25b93992f285953,TJ,O'Brien,The Spider,http://ufcstats.com/fighter-details/d25b93992f285953
cb52f9490c2dc069,Sean,O'Connell,The Real OC,http://ufcstats.com/fighter-details/cb52f9490c2dc069
69ea0119f6f0dfe0,Dan,O'Connor,Johnny Irish,http://ufcstats.com/fighter-details/69ea0119f6f0dfe0
46effbd1135423c5,Sean,O'Haire,,http://ufcstats.com/fighter-details/46effbd1135423c5
b50a426a33da0012,Sean,O'Malley,Suga,http://ufcstats.com/fighter-details/b50a426a33da0012
338fda4ec7034c5d,Jeremiah,O'Neal,,http://ufcstats.com/fighter-details/338fda4ec7034c5d
56bc9ccb609df534,Chuck,O'Neil,Cold Steel,http://ufcstats.com/fighter-details/56bc9ccb609df534
04835018f90b118c,Casey,O'Neill,King,http://ufcstats.com/fighter-details/04835018f90b118c
494b0bfdbac74502,Brendan,O'Reilly,Badger,http://ufcstats.com/fighter-details/494b0bfdbac74502
7139cd2ae4bf6a29,Takahiro,Oba,,http://ufcstats.com/fighter-details/7139cd2ae4bf6a29
6e3282d57d2467a0,Nobuhiro,Obiya,,http://ufcstats.com/fighter-details/6e3282d57d2467a0
88be62d6c1e6dadb,Jose,Ochoa,Kalzifer,http://ufcstats.com/fighter-details/88be62d6c1e6dadb
2d6d6ffe5a446ea2,Christian,Ocon,,http://ufcstats.com/fighter-details/2d6d6ffe5a446ea2
f43907e75f8d9baa,Richard,Odoms,The Black Eagle,http://ufcstats.com/fighter-details/f43907e75f8d9baa
0845c81e37d3bcb3,Volkan,Oezdemir,No Time,http://ufcstats.com/fighter-details/0845c81e37d3bcb3
7facc9c45d792985,Kaan,Ofli,Genghis,http://ufcstats.com/fighter-details/7facc9c45d792985
4b2390cfaceb91d8,Naoya,Ogawa,,http://ufcstats.com/fighter-details/4b2390cfaceb91d8
cfc3e7bb44685289,Trey,Ogden,Shamurai,http://ufcstats.com/fighter-details/cfc3e7bb44685289
b6c4451cb13c9303,Andy,Ogle,The Little Axe,http://ufcstats.com/fighter-details/b6c4451cb13c9303
5c020ee6ab450870,Ho Taek,Oh,Spider,http://ufcstats.com/fighter-details/5c020ee6ab450870
6a8a06b542e1516d,Michiyoshi,Ohara,,http://ufcstats.com/fighter-details/6a8a06b542e1516d
01daf32100ed7517,Koji,Oishi,,http://ufcstats.com/fighter-details/01daf32100ed7517
32541eb5d12668b4,Takayuki,Okada,Giant Ochiai,http://ufcstats.com/fighter-details/32541eb5d12668b4
acff437707625fc7,Yushin,Okami,Thunder,http://ufcstats.com/fighter-details/acff437707625fc7
aa40fe6038db56cb,JJ,Okanovich,The Bosnian Bomber,http://ufcstats.com/fighter-details/aa40fe6038db56cb
4bdedbdeedff7d1d,Bolaji,Oki,The Zulu Warrior,http://ufcstats.com/fighter-details/4bdedbdeedff7d1d
33454ad90754cb49,Kazuki,Okubo,,http://ufcstats.com/fighter-details/33454ad90754cb49
02a65a55f25fb4f3,Masakatsu,Okuda,,http://ufcstats.com/fighter-details/02a65a55f25fb4f3
98c23cb6da5b3352,Aleksei,Oleinik,The Boa Constrictor,http://ufcstats.com/fighter-details/98c23cb6da5b3352
0d65c432720accb9,Michal,Oleksiejczuk,Hussar,http://ufcstats.com/fighter-details/0d65c432720accb9
084532da3d25f3b8,Cezary,Oleksiejczuk,,http://ufcstats.com/fighter-details/084532da3d25f3b8
15b1b21cd743d652,Rafaello,Oliveira,Tractor,http://ufcstats.com/fighter-details/15b1b21cd743d652
07225ba28ae309b6,Charles,Oliveira,Do Bronxs,http://ufcstats.com/fighter-details/07225ba28ae309b6
bec2746f033802c3,Jorge,Oliveira,,http://ufcstats.com/fighter-details/bec2746f033802c3
acd9513399a8b09b,Ednaldo,Oliveira,Lula,http://ufcstats.com/fighter-details/acd9513399a8b09b
57b10fca4f9c9a7a,Alex,Oliveira,Cowboy,http://ufcstats.com/fighter-details/57b10fca4f9c9a7a
37d752ec41ed84bb,Maria,Oliveira,Spider-Girl,http://ufcstats.com/fighter-details/37d752ec41ed84bb
1e85912c9bab7e2b,Bruno,Oliveira,,http://ufcstats.com/fighter-details/1e85912c9bab7e2b
72ea1984c52019b5,Saimon,Oliveira,,http://ufcstats.com/fighter-details/72ea1984c52019b5
18d01f7f8338ae72,Vinicius,Oliveira,LokDog,http://ufcstats.com/fighter-details/18d01f7f8338ae72
4948e412fa6ab67d,Ravena,Oliveira,Kenoudy,http://ufcstats.com/fighter-details/4948e412fa6ab67d
037cfd34a27d59e9,Michael,Oliveira,PQD,http://ufcstats.com/fighter-details/037cfd34a27d59e9
32c03df3c9760069,Wendell,Oliveira Marques,The Machine,http://ufcstats.com/fighter-details/32c03df3c9760069
948880beac71f028,Felipe,Olivieri,,http://ufcstats.com/fighter-details/948880beac71f028
e96d8538d3f9d0ed,Andy,Ologun,,http://ufcstats.com/fighter-details/e96d8538d3f9d0ed
dfbb95ca0c143988,Shana,Olsen,Rock Solid,http://ufcstats.com/fighter-details/dfbb95ca0c143988
7613773461b276f4,Casey,Olson,The Underdog,http://ufcstats.com/fighter-details/7613773461b276f4
8e0709784259402d,Dennis,Olson,,http://ufcstats.com/fighter-details/8e0709784259402d
5a9104718439ef44,Cameron,Olson,Cap'n Crunch,http://ufcstats.com/fighter-details/5a9104718439ef44
684d3aee255a3d09,Gadzhi,Omargadzhiev,,http://ufcstats.com/fighter-details/684d3aee255a3d09
f2ad06f1007c481a,Alan,Omer,,http://ufcstats.com/fighter-details/f2ad06f1007c481a
470fedbc8563ac47,Daniel,Omielanczuk,,http://ufcstats.com/fighter-details/470fedbc8563ac47
9f842be1a5337be6,Michihiro,Omigawa,,http://ufcstats.com/fighter-details/9f842be1a5337be6
ffe9703408fb5964,David,Onama,,http://ufcstats.com/fighter-details/ffe9703408fb5964
318572f6f74b760d,Charlie,Ontiveros,American Bad Boy,http://ufcstats.com/fighter-details/318572f6f74b760d
887e09328cd63df1,Chibwikem,Onyenegecha,,http://ufcstats.com/fighter-details/887e09328cd63df1
bf2c8e01b07d3eb1,Myktybek,Orolbai,,http://ufcstats.com/fighter-details/bf2c8e01b07d3eb1
6b8db407d49c6e4b,Sam,Oropeza,,http://ufcstats.com/fighter-details/6b8db407d49c6e4b
def8166ff24bd237,Brian,Ortega,T-City,http://ufcstats.com/fighter-details/def8166ff24bd237
2f732dd9210d301f,Tito,Ortiz,The People's Champ,http://ufcstats.com/fighter-details/2f732dd9210d301f
9c5828c6fd9dc948,Jorge,Ortiz,The Naked Man,http://ufcstats.com/fighter-details/9c5828c6fd9dc948
f53c1f4ceeed8c08,Dustin,Ortiz,,http://ufcstats.com/fighter-details/f53c1f4ceeed8c08
8eb239a52fc4ec14,Kenji,Osawa,,http://ufcstats.com/fighter-details/8eb239a52fc4ec14
6d68c1afe954f121,Ode,Osbourne,The Jamaican Sensation,http://ufcstats.com/fighter-details/6d68c1afe954f121
f84dfc5a8d178403,Kurt,Osiander,,http://ufcstats.com/fighter-details/f84dfc5a8d178403
5b407acfe0ef9b76,Nick,Osipczak,,http://ufcstats.com/fighter-details/5b407acfe0ef9b76
d632d156c0549e07,Nissen,Osterneck,,http://ufcstats.com/fighter-details/d632d156c0549e07
01784fbc27c68b14,Rachael,Ostovich,,http://ufcstats.com/fighter-details/01784fbc27c68b14
4512e46543b960ad,Pedro,Otavio,Te Pedro,http://ufcstats.com/fighter-details/4512e46543b960ad
865aa315ea62c511,Alexander,Otsuka,The Diet Butcher,http://ufcstats.com/fighter-details/865aa315ea62c511
6b8f28da9a483049,Takafumi,Otsuka,,http://ufcstats.com/fighter-details/6b8f28da9a483049
7ce21433c2a53168,Quemuel,Ottoni,,http://ufcstats.com/fighter-details/7ce21433c2a53168
47cd337b86b1af92,Zak,Ottow,The Barbarian,http://ufcstats.com/fighter-details/47cd337b86b1af92
1ef0eae31904e534,Artur,Oumakhanov,,http://ufcstats.com/fighter-details/1ef0eae31904e534
871ce0b4a01922b6,Sidney,Outlaw,,http://ufcstats.com/fighter-details/871ce0b4a01922b6
b4ad3a06ee4d660c,Alistair,Overeem,The Demolition Man,http://ufcstats.com/fighter-details/b4ad3a06ee4d660c
20e403a1acfef130,Valentijn,Overeem,,http://ufcstats.com/fighter-details/20e403a1acfef130
4bb9d7a32d02a03e,Craig,Oxley,,http://ufcstats.com/fighter-details/4bb9d7a32d02a03e
47b7e4e60813b7b2,Shungo,Oyama,,http://ufcstats.com/fighter-details/47b7e4e60813b7b2
8997ee20b6a43d76,Ren,Ozaki,,http://ufcstats.com/fighter-details/8997ee20b6a43d76
e18a19001a3f7c7d,Alptekin,Ozkilic,The Turkish Delight,http://ufcstats.com/fighter-details/e18a19001a3f7c7d
373be586f370d400,Raquel,Pa'aluhi,Rocky,http://ufcstats.com/fighter-details/373be586f370d400
8cb76103cd8a1562,Nick,Pace,,http://ufcstats.com/fighter-details/8cb76103cd8a1562
4652b685fa11e7fd,Jimmie,Pace,Big Bucks,http://ufcstats.com/fighter-details/4652b685fa11e7fd
16b89be2f5c16fba,Larissa,Pacheco,,http://ufcstats.com/fighter-details/16b89be2f5c16fba
07797f10b9569cfc,Angel,Pacheco,,http://ufcstats.com/fighter-details/07797f10b9569cfc
8f4eeaf7a0df7c1a,Teemu,Packalen,Pacu,http://ufcstats.com/fighter-details/8f4eeaf7a0df7c1a
c51da79b0346b5b7,George,Pacurariu,Constantine,http://ufcstats.com/fighter-details/c51da79b0346b5b7
856c4d2668a875f9,Cyrillo,Padilha,,http://ufcstats.com/fighter-details/856c4d2668a875f9
01dd4cdc2446f665,Gary,Padilla,,http://ufcstats.com/fighter-details/01dd4cdc2446f665
d2f43cfaf8ca3560,Fernando,Padilla,El Valiente,http://ufcstats.com/fighter-details/d2f43cfaf8ca3560
06626b6287e1ae1e,Chris,Padilla,Taco,http://ufcstats.com/fighter-details/06626b6287e1ae1e
c96e2ae6021144a1,Damacio,Page,The Angel of Death,http://ufcstats.com/fighter-details/c96e2ae6021144a1
a67d071163962af8,Michael,Page,Venom,http://ufcstats.com/fighter-details/a67d071163962af8
55f80a8aeffcdb33,Dustin,Pague,The Disciple,http://ufcstats.com/fighter-details/55f80a8aeffcdb33
1e12c1dbbb1e2dda,Josh,Paiva,,http://ufcstats.com/fighter-details/1e12c1dbbb1e2dda
82b4e942781b1046,Raulian,Paiva,,http://ufcstats.com/fighter-details/82b4e942781b1046
ad3a5e465c76e499,Dinis,Paiva Jr.,Sweetbread,http://ufcstats.com/fighter-details/ad3a5e465c76e499
320edfb0332b7073,Fredson,Paixao,,http://ufcstats.com/fighter-details/320edfb0332b7073
e530df53922f413e,Luis,Pajuelo,Corazon de Leon,http://ufcstats.com/fighter-details/e530df53922f413e
de20ffb3fc2e7629,Jose,Palacios,,http://ufcstats.com/fighter-details/de20ffb3fc2e7629
797ddccda75f169f,Ricky,Palacios,El Gallero,http://ufcstats.com/fighter-details/797ddccda75f169f
4304992c2acc187b,Bart,Palaszewski,Bartimus,http://ufcstats.com/fighter-details/4304992c2acc187b
a6c20202c701e5ca,Sasha,Palatnikov,,http://ufcstats.com/fighter-details/a6c20202c701e5ca
60029bcf496bd707,Soa,Palelei,The Hulk,http://ufcstats.com/fighter-details/60029bcf496bd707
8ddf9c51c5fdea75,Rousimar,Palhares,Toquinho,http://ufcstats.com/fighter-details/8ddf9c51c5fdea75
e8c170a64dc920ac,Tulio,Palhares,,http://ufcstats.com/fighter-details/e8c170a64dc920ac
ab7c212de9f66af0,Stephen,Palling,Bozo,http://ufcstats.com/fighter-details/ab7c212de9f66af0
f31c0905045fa100,Eduardo,Pamplona,,http://ufcstats.com/fighter-details/f31c0905045fa100
2742f028399bf8c7,Ruel,Panales,,http://ufcstats.com/fighter-details/2742f028399bf8c7
36d811b015635b67,Yuri,Panferov,The Russian Polar Bear,http://ufcstats.com/fighter-details/36d811b015635b67
a0f0004aadf10b71,Alexandre,Pantoja,The Cannibal,http://ufcstats.com/fighter-details/a0f0004aadf10b71
edad57b3dddf2168,Jared,Papazian,The Jackhammer,http://ufcstats.com/fighter-details/edad57b3dddf2168
bd381cde8426077a,Kathryn,Paprocki,,http://ufcstats.com/fighter-details/bd381cde8426077a
74fefd43f073cd2f,Joe,Pardo,,http://ufcstats.com/fighter-details/74fefd43f073cd2f
56116537d71a578c,Bryan,Pardoe,Pain Inducer,http://ufcstats.com/fighter-details/56116537d71a578c
749685d24e2cac50,Remco,Pardoel,Grizzly,http://ufcstats.com/fighter-details/749685d24e2cac50
7573d25a078b5732,Ido,Pariente,,http://ufcstats.com/fighter-details/7573d25a078b5732
b5da8f7d05e85a55,Josh,Parisian,,http://ufcstats.com/fighter-details/b5da8f7d05e85a55
349aaa3da11eb587,Karo,Parisyan,The Heat,http://ufcstats.com/fighter-details/349aaa3da11eb587
9df394db5ca103eb,Won Sik,Park,Parky,http://ufcstats.com/fighter-details/9df394db5ca103eb
285ae0b4a68221f4,JunYong,Park,The Iron Turtle,http://ufcstats.com/fighter-details/285ae0b4a68221f4
b709b534b6873744,Harvey,Park,Fightbot,http://ufcstats.com/fighter-details/b709b534b6873744
b671bdf981ad527d,HyunSung,Park,Peace of Mind,http://ufcstats.com/fighter-details/b671bdf981ad527d
fe1595732dfb08fc,JaeHyun,Park,The First Prospect,http://ufcstats.com/fighter-details/fe1595732dfb08fc
f79e7f138bf50cc0,EoJin,Park,Young Boss,http://ufcstats.com/fighter-details/f79e7f138bf50cc0
14ff46596ad80609,Norman,Parke,Stormin',http://ufcstats.com/fighter-details/14ff46596ad80609
6a0b80a24f22e152,Ryan,Parker,,http://ufcstats.com/fighter-details/6a0b80a24f22e152
c0231720fe516994,Larry,Parker,,http://ufcstats.com/fighter-details/c0231720fe516994
64be3dc99eaa42b6,Tyra,Parker,,http://ufcstats.com/fighter-details/64be3dc99eaa42b6
0d5cc0170c1a7e71,Mick,Parkin,,http://ufcstats.com/fighter-details/0d5cc0170c1a7e71
86ad0ae839331bd7,Willie,Parks,Slick,http://ufcstats.com/fighter-details/86ad0ae839331bd7
8b2a18d3c6735083,Jordan,Parsons,Pretty Boy,http://ufcstats.com/fighter-details/8b2a18d3c6735083
9fe7af8b3fbe00a0,Preston,Parsons,Pressure,http://ufcstats.com/fighter-details/9fe7af8b3fbe00a0
2975297f505e9447,Jonny,Parsons,The Sluggernaut,http://ufcstats.com/fighter-details/2975297f505e9447
96d173b7f92aa520,Onassis,Parungao,,http://ufcstats.com/fighter-details/96d173b7f92aa520
3eb4dc9a7d4ac906,Ramona,Pascual,,http://ufcstats.com/fighter-details/3eb4dc9a7d4ac906
e5a59983f4603621,Billy,Pasulatan,,http://ufcstats.com/fighter-details/e5a59983f4603621
ba15006c804a8de0,Guilherme,Pat,Kong,http://ufcstats.com/fighter-details/ba15006c804a8de0
6b16024d44eb03a2,Jhonoven,Pati,The Samoan Savage,http://ufcstats.com/fighter-details/6b16024d44eb03a2
66d42e9503fa108e,Windri,Patilima,,http://ufcstats.com/fighter-details/66d42e9503fa108e
c8cca8f3de5be4b4,Jorge,Patino,Macaco,http://ufcstats.com/fighter-details/c8cca8f3de5be4b4
eafedba0617ced81,Russell,Patrick,,http://ufcstats.com/fighter-details/eafedba0617ced81
56116a79e4deed06,Claude,Patrick,The Prince,http://ufcstats.com/fighter-details/56116a79e4deed06
cd7763bcadb5d4c8,Alan,Patrick,Nuguette,http://ufcstats.com/fighter-details/cd7763bcadb5d4c8
83d0de122f2f9664,Michael,Patt,,http://ufcstats.com/fighter-details/83d0de122f2f9664
2dc7c49cfaeb867c,Justin,Patterson,The Tactician,http://ufcstats.com/fighter-details/2dc7c49cfaeb867c
8b6e5dc2ba1edbe7,Sam,Patterson,,http://ufcstats.com/fighter-details/8b6e5dc2ba1edbe7
56f7d7ee06be4aab,Zac,Pauga,The High Chief,http://ufcstats.com/fighter-details/56f7d7ee06be4aab
60c72f7459827881,Julio,Paulino,The Dominican Demon,http://ufcstats.com/fighter-details/60c72f7459827881
dda67d7d3df6b406,Thomas,Paull,Juggernaut,http://ufcstats.com/fighter-details/dda67d7d3df6b406
f14cf73e51b29254,Sergei,Pavlovich,,http://ufcstats.com/fighter-details/f14cf73e51b29254
9310418684bc896f,Pawel,Pawlak,,http://ufcstats.com/fighter-details/9310418684bc896f
d0a5ef38a7778ac2,Estevan,Payan,El Terrible,http://ufcstats.com/fighter-details/d0a5ef38a7778ac2
748d4e35f846a029,Sarah,Payant,Soulja,http://ufcstats.com/fighter-details/748d4e35f846a029
2e04a3b4a2011b97,Roland,Payne,,http://ufcstats.com/fighter-details/2e04a3b4a2011b97
87c0b1c696ddfb43,Jonathan,Pearce,JSP,http://ufcstats.com/fighter-details/87c0b1c696ddfb43
122806b56775a53a,Joe,Pearson,The Triangular Strangler,http://ufcstats.com/fighter-details/122806b56775a53a
4f732e58ed907eff,Ross,Pearson,The Real Deal,http://ufcstats.com/fighter-details/4f732e58ed907eff
bba678d312590087,Andre,Pederneiras,,http://ufcstats.com/fighter-details/bba678d312590087
198994b47f395af0,Carlo,Pedersoli Jr.,Semento,http://ufcstats.com/fighter-details/198994b47f395af0
f354c50b8d63d9b3,Matt,Pedro,,http://ufcstats.com/fighter-details/f354c50b8d63d9b3
49e96ff8ab781589,Tyson,Pedro,,http://ufcstats.com/fighter-details/49e96ff8ab781589
0bc697c5936a2d0a,Trevor,Peek,,http://ufcstats.com/fighter-details/0bc697c5936a2d0a
e7bfdb5e0112891e,Willie,Peeters,,http://ufcstats.com/fighter-details/e7bfdb5e0112891e
38ed5a2299230227,Filip,Pejic,,http://ufcstats.com/fighter-details/38ed5a2299230227
aa1952ec0b3dd8e1,Kurt,Pellegrino,Batman,http://ufcstats.com/fighter-details/aa1952ec0b3dd8e1
bfe95ec546692b13,Yan,Pellerin,Wild Thing,http://ufcstats.com/fighter-details/bfe95ec546692b13
3253b16d38ae087d,Julianna,Pena,The Venezuelan Vixen,http://ufcstats.com/fighter-details/3253b16d38ae087d
2844b047183a1adb,Luis,Pena,Violent Bob Ross,http://ufcstats.com/fighter-details/2844b047183a1adb
566ff9546fc29acd,Felipe,Pena,Preguica,http://ufcstats.com/fighter-details/566ff9546fc29acd
abd64006fd37298d,Matej,Penaz,Money,http://ufcstats.com/fighter-details/abd64006fd37298d
e670f8cc2969a789,Sherman,Pendergarst,The Tank,http://ufcstats.com/fighter-details/e670f8cc2969a789
34b634cb2471bdde,Drew,Pendleton,,http://ufcstats.com/fighter-details/34b634cb2471bdde
99c7610aa74995d3,Cathal,Pendred,The Punisher,http://ufcstats.com/fighter-details/99c7610aa74995d3
73c7cfa551289285,BJ,Penn,The Prodigy,http://ufcstats.com/fighter-details/73c7cfa551289285
c742287ed86a09bc,Jessica,Penne,,http://ufcstats.com/fighter-details/c742287ed86a09bc
879b8df81523d91b,Nick,Penner,The Quiet Assassin,http://ufcstats.com/fighter-details/879b8df81523d91b
0699c4b2a7c3c76f,Justin,Pennington,,http://ufcstats.com/fighter-details/0699c4b2a7c3c76f
fc169c387b4b465d,Raquel,Pennington,Rocky,http://ufcstats.com/fighter-details/fc169c387b4b465d
31ef8b67e13495b3,Tecia,Pennington,Tiny Tornado,http://ufcstats.com/fighter-details/31ef8b67e13495b3
a2ac473d74eb157c,Jerron,Peoples,,http://ufcstats.com/fighter-details/a2ac473d74eb157c
fa37628269132d1a,Godofredo,Pepey,,http://ufcstats.com/fighter-details/fa37628269132d1a
9a70f67ad2187fa3,Ray,Perales,Relentless,http://ufcstats.com/fighter-details/9a70f67ad2187fa3
960d6cae8879ba2b,Robert,Peralta,Problems,http://ufcstats.com/fighter-details/960d6cae8879ba2b
d50382dc0565a9e1,Viviane,Pereira,Sucuri,http://ufcstats.com/fighter-details/d50382dc0565a9e1
595db60957de51d3,Michel,Pereira,Demolidor,http://ufcstats.com/fighter-details/595db60957de51d3
e5549c82bfb5582d,Alex,Pereira,Poatan,http://ufcstats.com/fighter-details/e5549c82bfb5582d
44f46b0592ca0814,Daniel,Pereira,Gaucho,http://ufcstats.com/fighter-details/44f46b0592ca0814
d7ee49bf3c779fa6,Luciano,Pereira,El Torito,http://ufcstats.com/fighter-details/d7ee49bf3c779fa6
81d2c551886bd5a1,Alice,Pereira,Golden Girl,http://ufcstats.com/fighter-details/81d2c551886bd5a1
4a9e305633f3ef47,Rolando,Perez,,http://ufcstats.com/fighter-details/4a9e305633f3ef47
eee8efec7b951d84,Philip,Perez,,http://ufcstats.com/fighter-details/eee8efec7b951d84
af62f99eb7606308,Erik,Perez,Goyito,http://ufcstats.com/fighter-details/af62f99eb7606308
80daefbed11ce998,Alejandro,Perez,Turbo,http://ufcstats.com/fighter-details/80daefbed11ce998
96c336b463e0662c,Frankie,Perez,,http://ufcstats.com/fighter-details/96c336b463e0662c
89578ae236ee04e9,Jose,Perez,,http://ufcstats.com/fighter-details/89578ae236ee04e9
ab2b4ff41d6ebe0f,Alex,Perez,,http://ufcstats.com/fighter-details/ab2b4ff41d6ebe0f
2ac4628c08ec5125,Markus,Perez,Maluko,http://ufcstats.com/fighter-details/2ac4628c08ec5125
06e4245d16fc5315,Ailin,Perez,Fiona,http://ufcstats.com/fighter-details/06e4245d16fc5315
d84033157714ee94,Cristian,Perez,,http://ufcstats.com/fighter-details/d84033157714ee94
8d3b4a630b1bf1e6,Rafael,Pergentino,,http://ufcstats.com/fighter-details/8d3b4a630b1bf1e6
d0fd0d9ee560dae7,Brando,Pericic,The Balkan Bear,http://ufcstats.com/fighter-details/d0fd0d9ee560dae7
4b4753d19489297f,Anthony,Perosh,The Hippo,http://ufcstats.com/fighter-details/4b4753d19489297f
c1a5d3843596df92,Thiago,Perpetuo,Bodao,http://ufcstats.com/fighter-details/c1a5d3843596df92
575360be653ad6a6,Hernani,Perpetuo,,http://ufcstats.com/fighter-details/575360be653ad6a6
01fed6f61ebea01f,Jay,Perrin,The Joker,http://ufcstats.com/fighter-details/01fed6f61ebea01f
f2b6fdb20675b11c,Mike,Perry,Platinum,http://ufcstats.com/fighter-details/f2b6fdb20675b11c
41f90012b86a11bf,Raphael,Pessoa,Bebezao,http://ufcstats.com/fighter-details/41f90012b86a11bf
202b0467521c9d6f,Viktor,Pesta,,http://ufcstats.com/fighter-details/202b0467521c9d6f
f3743d8ef5dde970,Leiticia,Pestova,,http://ufcstats.com/fighter-details/f3743d8ef5dde970
c61f66d8c3fd5f07,Tony,Petarra,,http://ufcstats.com/fighter-details/c61f66d8c3fd5f07
7aabd61419f747d1,Tommy,Petersen,,http://ufcstats.com/fighter-details/7aabd61419f747d1
764d39074a352e33,Thomas,Petersen,The Train,http://ufcstats.com/fighter-details/764d39074a352e33
5df10509264586e5,Cory,Peterson,LA Giant,http://ufcstats.com/fighter-details/5df10509264586e5
b93c06d09d1c4ac0,Steven,Peterson,Ocho,http://ufcstats.com/fighter-details/b93c06d09d1c4ac0
71171fc96445bf65,Vitor,Petrino,,http://ufcstats.com/fighter-details/71171fc96445bf65
5f61780fe5e9b6d0,Andre,Petroski,,http://ufcstats.com/fighter-details/5f61780fe5e9b6d0
369ea36e450ae62a,Armen,Petrosyan,Superman,http://ufcstats.com/fighter-details/369ea36e450ae62a
38c5817ade8a8014,Ivana,Petrovic,,http://ufcstats.com/fighter-details/38c5817ade8a8014
93b9496275bbbf80,Seth,Petruzelli,The Silverback,http://ufcstats.com/fighter-details/93b9496275bbbf80
7ea5d60d2e6a8ad0,Peter,Petties,The Joker,http://ufcstats.com/fighter-details/7ea5d60d2e6a8ad0
cbb682f5fcc44bfc,Anthony,Pettis,Showtime,http://ufcstats.com/fighter-details/cbb682f5fcc44bfc
de75d1c45a39e221,Sergio,Pettis,,http://ufcstats.com/fighter-details/de75d1c45a39e221
e86bc32f5997a8f7,Forrest,Petz,The Meat Cleaver,http://ufcstats.com/fighter-details/e86bc32f5997a8f7
81b57acd6975ac06,Dino,Pezao,,http://ufcstats.com/fighter-details/81b57acd6975ac06
5904b0b38dc6718d,Cody,Pfister,The Fist,http://ufcstats.com/fighter-details/5904b0b38dc6718d
80dbeb1dd5b53e64,Nam,Phan,,http://ufcstats.com/fighter-details/80dbeb1dd5b53e64
05560764359161e4,Constantinos,Philippou,,http://ufcstats.com/fighter-details/05560764359161e4
09a82bd51ff61376,Wayne,Phillips,,http://ufcstats.com/fighter-details/09a82bd51ff61376
99020eeb8cd5689d,Dave,Phillips,The Rockstar,http://ufcstats.com/fighter-details/99020eeb8cd5689d
34c2b3656f88f7ef,Aaron,Phillips,The Dragon,http://ufcstats.com/fighter-details/34c2b3656f88f7ef
dcbf01d605681ad1,Elizabeth,Phillips,,http://ufcstats.com/fighter-details/dcbf01d605681ad1
e9ac7bfb65c25497,John,Phillips,The Welsh Wrecking Machine,http://ufcstats.com/fighter-details/e9ac7bfb65c25497
60425d07ef4b91a7,Kyler,Phillips,The Matrix,http://ufcstats.com/fighter-details/60425d07ef4b91a7
44f234a36324e6c8,Mario,Piazzon,,http://ufcstats.com/fighter-details/44f234a36324e6c8
7922e8269adcc25a,Nick,Pica,The Silverback,http://ufcstats.com/fighter-details/7922e8269adcc25a
a5cb1c29461853ca,Nick,Piccininni,,http://ufcstats.com/fighter-details/a5cb1c29461853ca
fa399f7f6e17f7f5,Adam,Piccolotti,,http://ufcstats.com/fighter-details/fa399f7f6e17f7f5
c77a953488e5607d,Vinc,Pichel,From Hell,http://ufcstats.com/fighter-details/c77a953488e5607d
c945adc22c2bfe8f,Brad,Pickett,One Punch,http://ufcstats.com/fighter-details/c945adc22c2bfe8f
830f60497fab345a,Jamie,Pickett,The Night Wolf,http://ufcstats.com/fighter-details/830f60497fab345a
5537efc6e496dd84,Aaron,Pico,,http://ufcstats.com/fighter-details/5537efc6e496dd84
9561eb5f0d63ffcc,Fabiola,Pidroni,The Queen,http://ufcstats.com/fighter-details/9561eb5f0d63ffcc
1cf7ccf64a5bf24e,Oskar,Piechota,Imadlo,http://ufcstats.com/fighter-details/1cf7ccf64a5bf24e
df7d386a54e07446,Nick,Piedmont,No Limit,http://ufcstats.com/fighter-details/df7d386a54e07446
236a37d96d476164,Mike,Pierce,,http://ufcstats.com/fighter-details/236a37d96d476164
9a967e8e43dcef63,Joao,Pierini,,http://ufcstats.com/fighter-details/9a967e8e43dcef63
1c7308d2957a12d2,Jonathan,Piersma,Warhawk,http://ufcstats.com/fighter-details/1c7308d2957a12d2
0d506315895efffc,Sean,Pierson,The Punisher,http://ufcstats.com/fighter-details/0d506315895efffc
4bf6b225ff6099c4,Domingo,Pilarte,Son of Fire,http://ufcstats.com/fighter-details/4bf6b225ff6099c4
7826923b47f8d72a,Paddy,Pimblett,The Baddy,http://ufcstats.com/fighter-details/7826923b47f8d72a
fdd22e895a70e4a8,Damian,Pinas,The Babayaga,http://ufcstats.com/fighter-details/fdd22e895a70e4a8
361d49960a196976,Daniel,Pineda,The Pit,http://ufcstats.com/fighter-details/361d49960a196976
25af5e832f17b474,Jesus,Pinedo,El Mudo,http://ufcstats.com/fighter-details/25af5e832f17b474
31bbd39c0a075d4e,Pingyuan,Liu,,http://ufcstats.com/fighter-details/31bbd39c0a075d4e
a3a542074109b347,Luana,Pinheiro,,http://ufcstats.com/fighter-details/a3a542074109b347
39d309957c5c210d,Mario,Pinto,,http://ufcstats.com/fighter-details/39d309957c5c210d
8765559b6a29a421,Gaetano,Pirrello,El Tigre,http://ufcstats.com/fighter-details/8765559b6a29a421
c549573c0df4d676,Maki,Pitolo,Coconut Bombz,http://ufcstats.com/fighter-details/c549573c0df4d676
9756095cb76b67c3,Dmitry,Poberezhets,,http://ufcstats.com/fighter-details/9756095cb76b67c3
f41b9f5efc7162d6,Jamal,Pogues,,http://ufcstats.com/fighter-details/f41b9f5efc7162d6
7215953cd5c6254d,Ross,Pointon,The Gladiator,http://ufcstats.com/fighter-details/7215953cd5c6254d
029eaff01e6bb8f0,Dustin,Poirier,The Diamond,http://ufcstats.com/fighter-details/029eaff01e6bb8f0
53278852bcd91e11,Igor,Pokrajac,The Duke,http://ufcstats.com/fighter-details/53278852bcd91e11
b18fb36a4aa00093,John,Polakowski,Buckets of Blood,http://ufcstats.com/fighter-details/b18fb36a4aa00093
abb68e3c7ca128f2,Julia,Polastri,Psycho,http://ufcstats.com/fighter-details/abb68e3c7ca128f2
543cd2258f4fa339,Brandon,Polcare,,http://ufcstats.com/fighter-details/543cd2258f4fa339
3bb030257966b022,Mike,Polchlopek,Mike Barton,http://ufcstats.com/fighter-details/3bb030257966b022
6d1bffff14897645,Santiago,Ponzinibbio,Argentine Dagger,http://ufcstats.com/fighter-details/6d1bffff14897645
d3fa5c5955397532,Grigory,Popov,,http://ufcstats.com/fighter-details/d3fa5c5955397532
56bf3ed155bd0fcd,Alexander,Poppeck,,http://ufcstats.com/fighter-details/56bf3ed155bd0fcd
303e017a9074f3aa,Felipe,Portela,Balboa,http://ufcstats.com/fighter-details/303e017a9074f3aa
ac40f7e3cbecdda4,Parker,Porter,,http://ufcstats.com/fighter-details/ac40f7e3cbecdda4
260bd4cef10b033f,Ihor,Potieria,Duelist,http://ufcstats.com/fighter-details/260bd4cef10b033f
8fc9ae9c7527dfcb,Callan,Potter,The Rockstar,http://ufcstats.com/fighter-details/8fc9ae9c7527dfcb
61e47575b24a06bf,Dylan,Potter,Big Poppa,http://ufcstats.com/fighter-details/61e47575b24a06bf
7e208569469c8bc8,Ruan,Potts,Fangzz,http://ufcstats.com/fighter-details/7e208569469c8bc8
065eb44700e641a4,Devin,Powell,,http://ufcstats.com/fighter-details/065eb44700e641a4
6370c1c1e12723d5,Marcin,Prachnio,,http://ufcstats.com/fighter-details/6370c1c1e12723d5
7f6ef4e1227600bc,Wagner,Prado,Caldeirao,http://ufcstats.com/fighter-details/7f6ef4e1227600bc
3920d0cc288f9b0d,Francisco,Prado,,http://ufcstats.com/fighter-details/3920d0cc288f9b0d
f5ff7bcdcfeba3ad,Trevor,Prangley,,http://ufcstats.com/fighter-details/f5ff7bcdcfeba3ad
b51d0ed3782a1bf5,Ricardo,Prasel,Alemao,http://ufcstats.com/fighter-details/b51d0ed3782a1bf5
4f853e98886283cf,Carlo,Prater,Neo,http://ufcstats.com/fighter-details/4f853e98886283cf
7ee0fd831c0fe7c3,Carlos,Prates,The Nightmare,http://ufcstats.com/fighter-details/7ee0fd831c0fe7c3
e51fcd9cd84c0b93,Michel,Prazeres,Tractor,http://ufcstats.com/fighter-details/e51fcd9cd84c0b93
6597b611f1c32555,Philip,Preece,,http://ufcstats.com/fighter-details/6597b611f1c32555
873626e5547b5235,Kyle,Prepolec,Killshot,http://ufcstats.com/fighter-details/873626e5547b5235
ee4b670e159f4a33,Dorian,Price,,http://ufcstats.com/fighter-details/ee4b670e159f4a33
0597a4528ebd1307,Chris,Price,The Exorcist,http://ufcstats.com/fighter-details/0597a4528ebd1307
d8da10db80131bec,Niko,Price,The Hybrid,http://ufcstats.com/fighter-details/d8da10db80131bec
5114f1b5ad4cdf72,Shane,Primm,,http://ufcstats.com/fighter-details/5114f1b5ad4cdf72
46caf130099206cd,Brent,Primus,,http://ufcstats.com/fighter-details/46caf130099206cd
009341ed974bad72,Jiri,Prochazka,,http://ufcstats.com/fighter-details/009341ed974bad72
e99821959a840bb8,Lara,Procopio,,http://ufcstats.com/fighter-details/e99821959a840bb8
a36556bb1565e32d,Joe,Proctor,,http://ufcstats.com/fighter-details/a36556bb1565e32d
2a470ad41c22c25a,Cole,Province,,http://ufcstats.com/fighter-details/2a470ad41c22c25a
66e0a70352fef46a,Daniel,Puder,,http://ufcstats.com/fighter-details/66e0a70352fef46a
3cf66c62d9069f43,Lucie,Pudilova,,http://ufcstats.com/fighter-details/3cf66c62d9069f43
d747eb273a40a920,Claudio,Puelles,Prince of Peru,http://ufcstats.com/fighter-details/d747eb273a40a920
fdba548aff9763d9,Juan,Puerta,Leadfeather,http://ufcstats.com/fighter-details/fdba548aff9763d9
6cf2352cdb3de59d,Bubba,Pugh,,http://ufcstats.com/fighter-details/6cf2352cdb3de59d
85d0fafb8b75d634,Juan Manuel,Puig,Fenix,http://ufcstats.com/fighter-details/85d0fafb8b75d634
308279bd246c211f,Hugh,Pulley,,http://ufcstats.com/fighter-details/308279bd246c211f
16867810070dc520,Josh,Pulsifer,The Platypus,http://ufcstats.com/fighter-details/16867810070dc520
44260175069b6276,Jens,Pulver,Little Evil,http://ufcstats.com/fighter-details/44260175069b6276
22e07d3da1aa3475,Andrey,Pulyaev,,http://ufcstats.com/fighter-details/22e07d3da1aa3475
a8c9d16fe2a14d72,CM,Punk,,http://ufcstats.com/fighter-details/a8c9d16fe2a14d72
c1085e1701b13eca,Joe,Pyfer,Bodybagz,http://ufcstats.com/fighter-details/c1085e1701b13eca
f5990c11974d8e9c,Mike,Pyle,Quicksand,http://ufcstats.com/fighter-details/f5990c11974d8e9c
4fd140eea593526e,Pat,Pytlik,,http://ufcstats.com/fighter-details/4fd140eea593526e
126bdc1710a8cbf4,Qiu,Lun,Tibetan Knight,http://ufcstats.com/fighter-details/126bdc1710a8cbf4
d365ee924f5cc3fc,Bao,Quach,,http://ufcstats.com/fighter-details/d365ee924f5cc3fc
f7b4cbe93f3bac06,Gary,Quan,,http://ufcstats.com/fighter-details/f7b4cbe93f3bac06
aa171d55d4b5208f,Billy,Quarantillo,,http://ufcstats.com/fighter-details/aa171d55d4b5208f
52cae54377b433b7,Nate,Quarry,Rock,http://ufcstats.com/fighter-details/52cae54377b433b7
2a8502954f49e682,Vinicius,Queiroz,Spartan,http://ufcstats.com/fighter-details/2a8502954f49e682
ddbe4fa2ea573393,Jimmy,Quinlan,Crash,http://ufcstats.com/fighter-details/ddbe4fa2ea573393
876f478f796495f7,Josh,Quinlan,Bushido,http://ufcstats.com/fighter-details/876f478f796495f7
cc23ed51619421a3,Ryan,Quinn,,http://ufcstats.com/fighter-details/cc23ed51619421a3
5e84a859c6a82288,Michel,Quinones,El Capo,http://ufcstats.com/fighter-details/5e84a859c6a82288
267f4a6568abe245,Landon,Quinones,The Lone Wolf,http://ufcstats.com/fighter-details/267f4a6568abe245
36549928f90f1d36,Jose,Quinonez,Teco,http://ufcstats.com/fighter-details/36549928f90f1d36
7debc13b36343605,Cristian,Quinonez,Problema,http://ufcstats.com/fighter-details/7debc13b36343605
01b39decaf0abf6a,Benji,Radach,Razor,http://ufcstats.com/fighter-details/01b39decaf0abf6a
45bc8f98d62bd096,Jordan,Radev,,http://ufcstats.com/fighter-details/45bc8f98d62bd096
feedf3053472fe56,Charles,Radtke,Chuck Buffalo,http://ufcstats.com/fighter-details/feedf3053472fe56
8c169fbe1ac33637,Loik,Radzhabov,The Tajik Tank,http://ufcstats.com/fighter-details/8c169fbe1ac33637
6cc25d19a891f435,Gilbert,Rael,,http://ufcstats.com/fighter-details/6cc25d19a891f435
ff2c606c8bc365e3,Josh,Rafferty,,http://ufcstats.com/fighter-details/ff2c606c8bc365e3
6eedb757f13b9978,Marwan,Rahiki,,http://ufcstats.com/fighter-details/6eedb757f13b9978
bc7f7f0ba3db74d2,Amir,Rahnavardi,,http://ufcstats.com/fighter-details/bc7f7f0ba3db74d2
9b1e3fb4f8cbd5b7,Ricky,Rainey,The Sniper,http://ufcstats.com/fighter-details/9b1e3fb4f8cbd5b7
01afe0916a40c7c5,Shavkat,Rakhmonov,Nomad,http://ufcstats.com/fighter-details/01afe0916a40c7c5
63ff619c52ff7976,Sora,Rakhmonova,,http://ufcstats.com/fighter-details/63ff619c52ff7976
333b9e5c723ac873,Aleksandar,Rakic,Rocket,http://ufcstats.com/fighter-details/333b9e5c723ac873
ffdeb4fbea09ce75,Jessica,Rakoczy,The Ragin',http://ufcstats.com/fighter-details/ffdeb4fbea09ce75
641ca2c2ed91b93c,Zygimantas,Ramaska,,http://ufcstats.com/fighter-details/641ca2c2ed91b93c
ea398c802d9998ee,Thomas,Ramirez,,http://ufcstats.com/fighter-details/ea398c802d9998ee
d1759b2b7be9be56,Hector,Ramirez,Sick Dog,http://ufcstats.com/fighter-details/d1759b2b7be9be56
96c05ba5ab9eccaf,Matt,Ramirez,The Machine,http://ufcstats.com/fighter-details/96c05ba5ab9eccaf
4311e9d23604205c,Steve,Ramirez,,http://ufcstats.com/fighter-details/4311e9d23604205c
ac31f869959860bc,Amador,Ramirez,,http://ufcstats.com/fighter-details/ac31f869959860bc
e99eb0ef25885de5,Mitch,Ramirez,,http://ufcstats.com/fighter-details/e99eb0ef25885de5
3b5f2faaa2f2c1f6,Andrew,Ramm,The,http://ufcstats.com/fighter-details/3b5f2faaa2f2c1f6
abc8e1423cf5b74e,Ian,Rammel,,http://ufcstats.com/fighter-details/abc8e1423cf5b74e
7bc475b0fc2020ab,Luis,Ramos,Beicao,http://ufcstats.com/fighter-details/7bc475b0fc2020ab
1ae8f3c723aacff4,Ricardo,Ramos,,http://ufcstats.com/fighter-details/1ae8f3c723aacff4
0052de90691d4a93,Davi,Ramos,Tasmanian Devil,http://ufcstats.com/fighter-details/0052de90691d4a93
fa4dcb2c8de482ee,Dorian,Ramos,,http://ufcstats.com/fighter-details/fa4dcb2c8de482ee
30b577b112bef42d,Vernon,Ramos Ho,,http://ufcstats.com/fighter-details/30b577b112bef42d
6859f67468ba8489,Kevin,Randleman,The Monster,http://ufcstats.com/fighter-details/6859f67468ba8489
ed069a95aaaf4f56,Raou,Raou,,http://ufcstats.com/fighter-details/ed069a95aaaf4f56
0be6776db31d98ec,Mitch,Raposo,,http://ufcstats.com/fighter-details/0be6776db31d98ec
9d61d8cb1c354867,Hussain,Rasouli,,http://ufcstats.com/fighter-details/9d61d8cb1c354867
31e1ea6fe6b682f8,David,Rasouri,,http://ufcstats.com/fighter-details/31e1ea6fe6b682f8
8c90c1563972e44d,Ed,Ratcliff,9mm,http://ufcstats.com/fighter-details/8c90c1563972e44d
907e60fd13407e1e,Bec,Rawlings,Rowdy,http://ufcstats.com/fighter-details/907e60fd13407e1e
ea3ef6206c7907d5,Gideon,Ray,,http://ufcstats.com/fighter-details/ea3ef6206c7907d5
d92e6e17f637fe4d,Joe,Ray,,http://ufcstats.com/fighter-details/d92e6e17f637fe4d
31a13532e724ca2b,Stevie,Ray,Braveheart,http://ufcstats.com/fighter-details/31a13532e724ca2b
bdd16cd6b29cb499,Keenan,Raymond,,http://ufcstats.com/fighter-details/bdd16cd6b29cb499
a303588c33d8c5ae,Iony,Razafiarison,,http://ufcstats.com/fighter-details/a303588c33d8c5ae
eae431e70064e046,Abdul,Razak Alhassan,,http://ufcstats.com/fighter-details/eae431e70064e046
c36e1f4fa755ffb4,Antony,Rea,Wild Thing,http://ufcstats.com/fighter-details/c36e1f4fa755ffb4
849c5d9979df5357,Mateusz,Rebecki,,http://ufcstats.com/fighter-details/849c5d9979df5357
972197a8c61ac413,Rafael,Rebello,Rafinha,http://ufcstats.com/fighter-details/972197a8c61ac413
49d78120e0a4f607,Greg,Rebello,Ribz,http://ufcstats.com/fighter-details/49d78120e0a4f607
3f56b99447f00607,Paul,Redmond,Redser,http://ufcstats.com/fighter-details/3f56b99447f00607
4a35913bd9aa4161,Dennis,Reed,,http://ufcstats.com/fighter-details/4a35913bd9aa4161
11337d069261bf3a,Karl,Reed,No Worries,http://ufcstats.com/fighter-details/11337d069261bf3a
ac7c765882f2c68c,Elise,Reed,,http://ufcstats.com/fighter-details/ac7c765882f2c68c
fb4ca5c7e4448645,John,Reedy,The Wild Child,http://ufcstats.com/fighter-details/fb4ca5c7e4448645
3ba3b5cc94498437,Johnny,Rees,The Hater Hurter,http://ufcstats.com/fighter-details/3ba3b5cc94498437
e9ec08ebb3f92aa3,James,Reese,JP,http://ufcstats.com/fighter-details/e9ec08ebb3f92aa3
23dec7c47cb418f8,Zachary,Reese,Savage,http://ufcstats.com/fighter-details/23dec7c47cb418f8
24d98df7556ac8af,Stephen,Regman,,http://ufcstats.com/fighter-details/24d98df7556ac8af
d8022d5526b1d937,Chad,Reiner,The Grinder,http://ufcstats.com/fighter-details/d8022d5526b1d937
02500fb9fd79a974,Jason,Reinhardt,,http://ufcstats.com/fighter-details/02500fb9fd79a974
5aedf14771ca82d2,Wilson,Reis,,http://ufcstats.com/fighter-details/5aedf14771ca82d2
ee7b7768a4e6dc45,Ben,Reiter,The Hunter,http://ufcstats.com/fighter-details/ee7b7768a4e6dc45
132f860d02953f4c,Goran,Reljic,,http://ufcstats.com/fighter-details/132f860d02953f4c
918db42c3637916f,Leigh,Remedios,Bulldog,http://ufcstats.com/fighter-details/918db42c3637916f
b2d9758cdd124143,Ren,Yawei,,http://ufcstats.com/fighter-details/b2d9758cdd124143
01dfb60661153735,Paulo,Renato Junior,,http://ufcstats.com/fighter-details/01dfb60661153735
1ddb480b601cefb1,Chance,Rencountre,Black Eagle,http://ufcstats.com/fighter-details/1ddb480b601cefb1
60193e707634e560,Montserrat,Rendon,Monster,http://ufcstats.com/fighter-details/60193e707634e560
c7d297714d9ab1a4,Marion,Reneau,The Belizean Bruiser,http://ufcstats.com/fighter-details/c7d297714d9ab1a4
ce6b5b93a96dd15b,Solomon,Renfro,The Black Dragon,http://ufcstats.com/fighter-details/ce6b5b93a96dd15b
1507214bbc7a79e2,John,Renken,The Saint,http://ufcstats.com/fighter-details/1507214bbc7a79e2
f57cf3d54a641385,Herman,Renting,,http://ufcstats.com/fighter-details/f57cf3d54a641385
edd02825c29028fe,Marco Polo,Reyes,,http://ufcstats.com/fighter-details/edd02825c29028fe
2e19380f34871c6a,Dominick,Reyes,The Devastator,http://ufcstats.com/fighter-details/2e19380f34871c6a
dc07493a87dc0a6e,Alex,Reyes,The Executioner,http://ufcstats.com/fighter-details/dc07493a87dc0a6e
7333d6e0f6428acb,Kyle,Reyes,Boom,http://ufcstats.com/fighter-details/7333d6e0f6428acb
4a574b8512fc1b30,Javier,Reyes,Blair,http://ufcstats.com/fighter-details/4a574b8512fc1b30
e9bbcc6530e4cbe6,Victor,Reyna,Kelevra,http://ufcstats.com/fighter-details/e9bbcc6530e4cbe6
64db35f7782fe274,Gaston,Reyno,Tonga,http://ufcstats.com/fighter-details/64db35f7782fe274
319fa1bd3176bded,Johnny,Rhodes,,http://ufcstats.com/fighter-details/319fa1bd3176bded
b7ad576b8ae115e6,Mike,Rhodes,Biggie,http://ufcstats.com/fighter-details/b7ad576b8ae115e6
042cc07ad5a53a33,Lucrezia,Ria,,http://ufcstats.com/fighter-details/042cc07ad5a53a33
beecb672a279223e,Amanda,Ribas,,http://ufcstats.com/fighter-details/beecb672a279223e
a757c06bbdba61d2,Vitor,Ribeiro,Shaolin,http://ufcstats.com/fighter-details/a757c06bbdba61d2
8f4616698508f24d,Will,Ribeiro,,http://ufcstats.com/fighter-details/8f4616698508f24d
972c456ff38b2015,Claudio,Ribeiro,,http://ufcstats.com/fighter-details/972c456ff38b2015
49edd0d90f60fb7d,Brendson,Ribeiro,The Gorilla,http://ufcstats.com/fighter-details/49edd0d90f60fb7d
323d4ca260dfa0ba,Esteban,Ribovics,El Gringo,http://ufcstats.com/fighter-details/323d4ca260dfa0ba
3c921b1a30fdcbdd,Mike,Ricci,The Martian,http://ufcstats.com/fighter-details/3c921b1a30fdcbdd
bf9bc96336922271,Alex,Ricci,,http://ufcstats.com/fighter-details/bf9bc96336922271
d25240135aee03e5,Tabatha,Ricci,Baby Shark,http://ufcstats.com/fighter-details/d25240135aee03e5
343d57cde1a14338,Matt,Ricehouse,,http://ufcstats.com/fighter-details/343d57cde1a14338
b3e5a460b6851080,John,Richard,,http://ufcstats.com/fighter-details/b3e5a460b6851080
ad23903ef3af7406,Rex,Richards,,http://ufcstats.com/fighter-details/ad23903ef3af7406
d6a740cf6e898e27,Mike,Richman,The Marine,http://ufcstats.com/fighter-details/d6a740cf6e898e27
98b76850b5f1e836,Dave,Rickels,The Caveman,http://ufcstats.com/fighter-details/98b76850b5f1e836
d8a58e797518f011,Haisam,Rida,,http://ufcstats.com/fighter-details/d8a58e797518f011
37ed1ab2f8b819f4,Brad,Riddell,Quake,http://ufcstats.com/fighter-details/37ed1ab2f8b819f4
d023ae89a2a4a41e,Matthew,Riddle,Deep Waters,http://ufcstats.com/fighter-details/d023ae89a2a4a41e
d512d9f204059f57,Joe,Riggs,Diesel,http://ufcstats.com/fighter-details/d512d9f204059f57
f1a9ad7485e5024a,Jeremiah,Riggs,,http://ufcstats.com/fighter-details/f1a9ad7485e5024a
f2c8ebbeafd45f2b,Aaron,Riley,,http://ufcstats.com/fighter-details/f2c8ebbeafd45f2b
995af04c697d78b7,Jason,Riley,The Juggernaut,http://ufcstats.com/fighter-details/995af04c697d78b7
b1de86d835638319,Luke,Riley,,http://ufcstats.com/fighter-details/b1de86d835638319
9be3728f3f7badb2,Moise,Rimbon,Swamp,http://ufcstats.com/fighter-details/9be3728f3f7badb2
c07efc18b231f170,Jordan,Rinaldi,All Day,http://ufcstats.com/fighter-details/c07efc18b231f170
b13da0b1a3aed3e7,Nick,Ring,The Promise,http://ufcstats.com/fighter-details/b13da0b1a3aed3e7
fa9746fa5d23c202,Robbie,Ring,Razor,http://ufcstats.com/fighter-details/fa9746fa5d23c202
af90b10c785ced3e,Mike,Rio,The Wolverine,http://ufcstats.com/fighter-details/af90b10c785ced3e
868a78f2e810a837,Albert,Rios,,http://ufcstats.com/fighter-details/868a78f2e810a837
2f5754b48eab1486,Rafael,Rios,,http://ufcstats.com/fighter-details/2f5754b48eab1486
9ec12134b1515f12,Maria,Rios,,http://ufcstats.com/fighter-details/9ec12134b1515f12
1c7cce2f5c17160d,Shannon,Ritch,The Cannon,http://ufcstats.com/fighter-details/1c7cce2f5c17160d
09f579be4520394a,Diego,Rivas,Pitbull,http://ufcstats.com/fighter-details/09f579be4520394a
cb46dface0e28a2c,Jorge,Rivera,El Conquistador,http://ufcstats.com/fighter-details/cb46dface0e28a2c
288aaa8f82040e02,Dante,Rivera,,http://ufcstats.com/fighter-details/288aaa8f82040e02
0f7210aa8d61af8d,Mario,Rivera,,http://ufcstats.com/fighter-details/0f7210aa8d61af8d
7ea4a9f07df33a45,Francisco,Rivera,Cisco,http://ufcstats.com/fighter-details/7ea4a9f07df33a45
145df84ea4dfd904,Jonathan,Rivera,,http://ufcstats.com/fighter-details/145df84ea4dfd904
9c907996820d2d69,Jimmie,Rivera,El Terror,http://ufcstats.com/fighter-details/9c907996820d2d69
06a80a685ea98573,Irwin,Rivera,The Beast,http://ufcstats.com/fighter-details/06a80a685ea98573
c9587d81e1d33925,Jerome,Rivera,Renegade,http://ufcstats.com/fighter-details/c9587d81e1d33925
60917f79b7271d83,Nicdali,Rivera-Calanoc,The Night Queen,http://ufcstats.com/fighter-details/60917f79b7271d83
b44f39a5c6596953,Pedro,Rizzo,The Rock,http://ufcstats.com/fighter-details/b44f39a5c6596953
8aabef76351401d0,Theo,Rlayang,Jungle King,http://ufcstats.com/fighter-details/8aabef76351401d0
3b2485c8d5c8b580,Justin,Robbins,,http://ufcstats.com/fighter-details/3b2485c8d5c8b580
610caee730f9b89e,Kali,Robbins,Pop Tart,http://ufcstats.com/fighter-details/610caee730f9b89e
37d5b176d438d2a5,Karl,Roberson,Baby K,http://ufcstats.com/fighter-details/37d5b176d438d2a5
a54a35a670d8e852,Andre,Roberts,The Chief,http://ufcstats.com/fighter-details/a54a35a670d8e852
775bad6d700d2302,David,Roberts,,http://ufcstats.com/fighter-details/775bad6d700d2302
c058823a2595ab09,Joey,Roberts,,http://ufcstats.com/fighter-details/c058823a2595ab09
d1e6a6536ee62517,Tyrone,Roberts,Native Warrior,http://ufcstats.com/fighter-details/d1e6a6536ee62517
35dc6220b113b7ec,Ryan,Roberts,,http://ufcstats.com/fighter-details/35dc6220b113b7ec
c5ec23983dc2d8f4,Taylor,Roberts,,http://ufcstats.com/fighter-details/c5ec23983dc2d8f4
22edaf53ad59a967,Daniel,Roberts,Ninja,http://ufcstats.com/fighter-details/22edaf53ad59a967
b2a2da86546ddb19,Buddy,Roberts,,http://ufcstats.com/fighter-details/b2a2da86546ddb19
a6cba6bb66c1a8c9,Danny,Roberts,Hot Chocolate,http://ufcstats.com/fighter-details/a6cba6bb66c1a8c9
37c5366d18ed6c05,Roosevelt,Roberts,The Predator,http://ufcstats.com/fighter-details/37c5366d18ed6c05
6e0273f9478be71e,Kenny,Robertson,,http://ufcstats.com/fighter-details/6e0273f9478be71e
38c7f72747f4f712,Gillian,Robertson,The Savage,http://ufcstats.com/fighter-details/38c7f72747f4f712
b2aa1e07b5b3306e,Chad,Robichaux,Robo,http://ufcstats.com/fighter-details/b2aa1e07b5b3306e
4604ab1de9058474,Mark,Robinson,White Rhino,http://ufcstats.com/fighter-details/4604ab1de9058474
1a1a4d7a29041d77,Colin,Robinson,Big C,http://ufcstats.com/fighter-details/1a1a4d7a29041d77
cbe79765d44bd172,Alvin,Robinson,,http://ufcstats.com/fighter-details/cbe79765d44bd172
2782235b078b72a7,Damonte,Robinson,,http://ufcstats.com/fighter-details/2782235b078b72a7
d403b1a6f278c95e,Vagner,Rocha,Ceara,http://ufcstats.com/fighter-details/d403b1a6f278c95e
4f736494fc733095,Carlos Eduardo,Rocha,Ta Danado,http://ufcstats.com/fighter-details/4f736494fc733095
5921fd3f889afa3b,Pedro,Rocha,,http://ufcstats.com/fighter-details/5921fd3f889afa3b
e0d3d9b564f95635,Lucas,Rocha,Fenomeno,http://ufcstats.com/fighter-details/e0d3d9b564f95635
52b6bf4528130e86,Shaqueme,Rock,Shem,http://ufcstats.com/fighter-details/52b6bf4528130e86
c75b99887c8c3f5a,Keith,Rockel,Rock,http://ufcstats.com/fighter-details/c75b99887c8c3f5a
00e11b5c8b7bfeeb,Luke,Rockhold,,http://ufcstats.com/fighter-details/00e11b5c8b7bfeeb
1abf785143f8d5ec,Kevin,Roddy,K-Rod,http://ufcstats.com/fighter-details/1abf785143f8d5ec
d1c65d2cf2925ddd,Gregory,Rodrigues,Robocop,http://ufcstats.com/fighter-details/d1c65d2cf2925ddd
102a8fdf8cbf7467,Kleydson,Rodrigues,KR,http://ufcstats.com/fighter-details/102a8fdf8cbf7467
26eddcda9d6b2ffe,Paul,Rodriguez,,http://ufcstats.com/fighter-details/26eddcda9d6b2ffe
50cc91ce2982785d,Ricco,Rodriguez,Suave,http://ufcstats.com/fighter-details/50cc91ce2982785d
5a6e4d2f0c76a242,Manuel,Rodriguez,Chalate,http://ufcstats.com/fighter-details/5a6e4d2f0c76a242
cbf5e6f231b55443,Yair,Rodriguez,El Pantera,http://ufcstats.com/fighter-details/cbf5e6f231b55443
18b602842a24f7c5,Mike,Rodriguez,Slo Mike,http://ufcstats.com/fighter-details/18b602842a24f7c5
cd2c4d30c6e13b47,Marina,Rodriguez,,http://ufcstats.com/fighter-details/cd2c4d30c6e13b47
8a1f3b5c526cd6e6,Daniel,Rodriguez,D-Rod,http://ufcstats.com/fighter-details/8a1f3b5c526cd6e6
90e0985df05e51bc,Ray,Rodriguez,The Judge,http://ufcstats.com/fighter-details/90e0985df05e51bc
f2900678e98f6d6a,Ronaldo,Rodriguez,Lazy Boy,http://ufcstats.com/fighter-details/f2900678e98f6d6a
dc3b9cf7641b7ab6,Drako,Rodriguez,,http://ufcstats.com/fighter-details/dc3b9cf7641b7ab6
f6e5972c9d16c40e,Victor,Rodriguez,Vicious,http://ufcstats.com/fighter-details/f6e5972c9d16c40e
e375cb5caf4717b6,Piera,Rodriguez,La Fiera,http://ufcstats.com/fighter-details/e375cb5caf4717b6
5ec591b78349ba7e,Christian,Rodriguez,Ceerod,http://ufcstats.com/fighter-details/5ec591b78349ba7e
776d4262c4da38bf,Pete,Rodriguez,Dead Game,http://ufcstats.com/fighter-details/776d4262c4da38bf
6e8349a0a0476d60,Imanol,Rodriguez,Himan,http://ufcstats.com/fighter-details/6e8349a0a0476d60
7195e2a932686f82,Nick,Roehrick,,http://ufcstats.com/fighter-details/7195e2a932686f82
ab943cd2c3c17825,Marcos,Rogerio de Lima,Pezao,http://ufcstats.com/fighter-details/ab943cd2c3c17825
9141bb39310773c7,Brett,Rogers,The Grim,http://ufcstats.com/fighter-details/9141bb39310773c7
f304aff405c4a8fa,Brian,Rogers,The Professional Predator,http://ufcstats.com/fighter-details/f304aff405c4a8fa
36f3d235493d35ad,Pete,Rogers Jr.,The Heat,http://ufcstats.com/fighter-details/36f3d235493d35ad
59a27d2e6d0802ac,Max,Rohskopf,Rated R,http://ufcstats.com/fighter-details/59a27d2e6d0802ac
2804ce8dadab5770,Marcelo,Rojo,Pitbull,http://ufcstats.com/fighter-details/2804ce8dadab5770
75e0d3cc2262b732,Shane,Roller,,http://ufcstats.com/fighter-details/75e0d3cc2262b732
c4b6099f0d25f75e,Jared,Rollins,J-Roc,http://ufcstats.com/fighter-details/c4b6099f0d25f75e
3b83fec860a45ca1,Tim,Roman,,http://ufcstats.com/fighter-details/3b83fec860a45ca1
c0badf3243907e59,Alexandr,Romanov,King Kong,http://ufcstats.com/fighter-details/c0badf3243907e59
744e098e065cfdbe,Ricardo,Romero,,http://ufcstats.com/fighter-details/744e098e065cfdbe
f77c68bb4be8516d,Yoel,Romero,Soldier of God,http://ufcstats.com/fighter-details/f77c68bb4be8516d
6f81399074fcdbba,Anthony,Romero,The Genius,http://ufcstats.com/fighter-details/6f81399074fcdbba
33df417d0017eb0c,Kaleio,Romero,KO,http://ufcstats.com/fighter-details/33df417d0017eb0c
15ea371202eb25e1,Roberto,Romero,El Charro Negro,http://ufcstats.com/fighter-details/15ea371202eb25e1
82cbb809d5ee565c,Mara,Romero Borella,,http://ufcstats.com/fighter-details/82cbb809d5ee565c
8173f134396cb971,Cortavious,Romious,,http://ufcstats.com/fighter-details/8173f134396cb971
4a043165cf47cab2,Juancamilo,Ronderos,100,http://ufcstats.com/fighter-details/4a043165cf47cab2
a13d755965a4ec9f,,Rongzhu,,http://ufcstats.com/fighter-details/a13d755965a4ec9f
5580771f383e141f,Jesse,Ronson,The Body Snatcher,http://ufcstats.com/fighter-details/5580771f383e141f
3c0437fbeda06962,George,Roop,,http://ufcstats.com/fighter-details/3c0437fbeda06962
0f6528b461e47462,Joao,Roque,,http://ufcstats.com/fighter-details/0f6528b461e47462
11f8860028b68fcf,Aaron,Rosa,,http://ufcstats.com/fighter-details/11f8860028b68fcf
40093d1d2d78394e,Charles,Rosa,Boston Strong,http://ufcstats.com/fighter-details/40093d1d2d78394e
351c4ec637380ad5,Karol,Rosa,,http://ufcstats.com/fighter-details/351c4ec637380ad5
f7faf5b19e0dec2e,Jacob,Rosales,The Lil Badger,http://ufcstats.com/fighter-details/f7faf5b19e0dec2e
fe2babf95de24fb1,Raul,Rosas Jr.,El Nino Problema,http://ufcstats.com/fighter-details/fe2babf95de24fb1
b9163ec845c3bfc8,Hilarie,Rose,,http://ufcstats.com/fighter-details/b9163ec845c3bfc8
4f2fcbefb668689d,Jake,Rosholt,,http://ufcstats.com/fighter-details/4f2fcbefb668689d
91ea901c458e95dd,Jared,Rosholt,,http://ufcstats.com/fighter-details/91ea901c458e95dd
598a58db87b890ee,Kevin,Rosier,,http://ufcstats.com/fighter-details/598a58db87b890ee
208b6926916867c7,Zach,Rosol,,http://ufcstats.com/fighter-details/208b6926916867c7
51c655162e462ceb,Shannon,Ross,The Turkish Delight,http://ufcstats.com/fighter-details/51c655162e462ceb
ff3a915256b899c0,Nick,Rossborough,Leatherface,http://ufcstats.com/fighter-details/ff3a915256b899c0
af49a6c491ca22a3,Kristian,Rothaermel,,http://ufcstats.com/fighter-details/af49a6c491ca22a3
bd58d34e39b7b12a,Ben,Rothwell,,http://ufcstats.com/fighter-details/bd58d34e39b7b12a
872b018076f831b0,Rick,Roufus,,http://ufcstats.com/fighter-details/872b018076f831b0
749f572d1d3161fb,Khalil,Rountree Jr.,,http://ufcstats.com/fighter-details/749f572d1d3161fb
8bdac25ce0bb874d,Ronda,Rousey,Rowdy,http://ufcstats.com/fighter-details/8bdac25ce0bb874d
cba3a2dfbc06ce79,Ray,Routh,,http://ufcstats.com/fighter-details/cba3a2dfbc06ce79
9d7fbf438766791f,Roberta,Rovel,Crusher,http://ufcstats.com/fighter-details/9d7fbf438766791f
8e382b585a92affe,Phil,Rowe,The Fresh Prince,http://ufcstats.com/fighter-details/8e382b585a92affe
8ebc3a8da015d70c,Cam,Rowston,Battle Giraffe,http://ufcstats.com/fighter-details/8ebc3a8da015d70c
712aa894b3a344df,Kain,Royer,,http://ufcstats.com/fighter-details/712aa894b3a344df
09f8c233de88998d,Brad,Royster,,http://ufcstats.com/fighter-details/09f8c233de88998d
6e15f63b6c2e2c15,Brandon,Royval,Raw Dawg,http://ufcstats.com/fighter-details/6e15f63b6c2e2c15
2cd428e9606856fd,Jairzinho,Rozenstruik,Bigi Boy,http://ufcstats.com/fighter-details/2cd428e9606856fd
140745cbbcb023ac,Mauricio,Rua,Shogun,http://ufcstats.com/fighter-details/140745cbbcb023ac
90e7447d8b7f3f35,Murilo,Rua,Ninja,http://ufcstats.com/fighter-details/90e7447d8b7f3f35
597db668b01c442c,Marco,Ruas,King of the Streets,http://ufcstats.com/fighter-details/597db668b01c442c
94070f6544c4b2a5,Rodrigo,Ruas,,http://ufcstats.com/fighter-details/94070f6544c4b2a5
c4731f43693b96b8,Rodolfo,Rubio Perez,Fito,http://ufcstats.com/fighter-details/c4731f43693b96b8
92aed9d16794f42b,Robert,Ruchala,,http://ufcstats.com/fighter-details/92aed9d16794f42b
ccba80d4820ef557,Gabe,Ruediger,Godzilla,http://ufcstats.com/fighter-details/ccba80d4820ef557
9c393e836a852f30,Mauricio,Ruffy,,http://ufcstats.com/fighter-details/9c393e836a852f30
7b9aa973e5c04624,Eddie,Ruiz,,http://ufcstats.com/fighter-details/7b9aa973e5c04624
657c21cb133f1445,Anthony,Ruiz,El Toro,http://ufcstats.com/fighter-details/657c21cb133f1445
babc0b19e89cec6e,Paul,Ruiz,,http://ufcstats.com/fighter-details/babc0b19e89cec6e
1235b31de15d0c6e,Montserrat Conejo,Ruiz,,http://ufcstats.com/fighter-details/1235b31de15d0c6e
353de740bb6c7e75,Mike,Russow,,http://ufcstats.com/fighter-details/353de740bb6c7e75
03688dc3c3af3ac1,Bas,Rutten,El Guapo,http://ufcstats.com/fighter-details/03688dc3c3af3ac1
e5a898f2a1afec67,Mashrabjon,Ruzibaev,Black Junior,http://ufcstats.com/fighter-details/e5a898f2a1afec67
49d2a08964c5eb11,Nursulton,Ruziboev,Black,http://ufcstats.com/fighter-details/49d2a08964c5eb11
5b1b383265433f51,Casey,Ryan,,http://ufcstats.com/fighter-details/5b1b383265433f51
b1669a810fae4220,Yusup,Saadulaev,Maestro,http://ufcstats.com/fighter-details/b1669a810fae4220
3c8a5200436e19f3,Cameron,Saaiman,MSP,http://ufcstats.com/fighter-details/3c8a5200436e19f3
7956f026e2672c47,Pete,Sabala,,http://ufcstats.com/fighter-details/7956f026e2672c47
cb7ee07982de2a28,Danny,Sabatello,Italian Gangster,http://ufcstats.com/fighter-details/cb7ee07982de2a28
b8bbdeff718dbb7d,Pat,Sabatini,,http://ufcstats.com/fighter-details/b8bbdeff718dbb7d
2650e2f846a30f64,Amir,Sadollah,,http://ufcstats.com/fighter-details/2650e2f846a30f64
ff62013d2fce6d13,Nazim,Sadykhov,Black Wolf,http://ufcstats.com/fighter-details/ff62013d2fce6d13
9ba2226646046b63,Frankie,Saenz,,http://ufcstats.com/fighter-details/9ba2226646046b63
a78f7a9135eb6249,Terrance,Saeteurn,Wrong Turn,http://ufcstats.com/fighter-details/a78f7a9135eb6249
88d7b6d8230e1f3f,Saparbeg,Safarov,,http://ufcstats.com/fighter-details/88d7b6d8230e1f3f
0749d968e932df53,Tarec,Saffiedine,Sponge,http://ufcstats.com/fighter-details/0749d968e932df53
4ac1ecf8ce59ef23,Jason,Saggo,,http://ufcstats.com/fighter-details/4ac1ecf8ce59ef23
296a120cb880477b,Kiru,Sahota,,http://ufcstats.com/fighter-details/296a120cb880477b
cc4e571964b084d4,Tatsuya,Saika,Yanbo,http://ufcstats.com/fighter-details/cc4e571964b084d4
96c76dd695eb3b88,Mridul,Saikia,Crusher,http://ufcstats.com/fighter-details/96c76dd695eb3b88
6a6c4709ebc5499a,Kaushik,Saikumar,The Pride of Chennai,http://ufcstats.com/fighter-details/6a6c4709ebc5499a
c2299ec916bc7c56,Benoit,Saint Denis,God of War,http://ufcstats.com/fighter-details/c2299ec916bc7c56
50db8711c70196cd,Ovince,Saint Preux,,http://ufcstats.com/fighter-details/50db8711c70196cd
fb41432b622992a9,Lukasz,Sajewski,Wookie,http://ufcstats.com/fighter-details/fb41432b622992a9
94a5aaf573f780ad,Yukio,Sakaguchi,,http://ufcstats.com/fighter-details/94a5aaf573f780ad
441eacbe20e0e80b,Augusto,Sakai,,http://ufcstats.com/fighter-details/441eacbe20e0e80b
7f955f71fa2ce7ac,Alessio,Sakara,Legionarius,http://ufcstats.com/fighter-details/7f955f71fa2ce7ac
d7907a9a968e4d29,Wataru,Sakata,,http://ufcstats.com/fighter-details/d7907a9a968e4d29
4690d47bf725fd98,Gokhan,Saki,The Rebel,http://ufcstats.com/fighter-details/4690d47bf725fd98
9b5b5a75523728f3,Kazushi,Sakuraba,The Gracie Hunter,http://ufcstats.com/fighter-details/9b5b5a75523728f3
85e26e2468b4e82f,Hayato,Sakurai,Mach,http://ufcstats.com/fighter-details/85e26e2468b4e82f
ff9578cdbfabd323,Ryuta,Sakurai,,http://ufcstats.com/fighter-details/ff9578cdbfabd323
9b198c73e3d0d289,Justin,Salas,J-Bomb,http://ufcstats.com/fighter-details/9b198c73e3d0d289
394f55ebca199124,Ivan,Salaverry,,http://ufcstats.com/fighter-details/394f55ebca199124
72c4b253d2f5ebf2,Roman,Salazar,El Gallito,http://ufcstats.com/fighter-details/72c4b253d2f5ebf2
12e0fdc606f7e274,Luis,Saldana,,http://ufcstats.com/fighter-details/12e0fdc606f7e274
3e36811b7bc1f6ad,John,Salgado,Greco,http://ufcstats.com/fighter-details/3e36811b7bc1f6ad
447f9858ae78f921,Muslim,Salikhov,King of Kung Fu,http://ufcstats.com/fighter-details/447f9858ae78f921
74d5f71eeb0c66c7,Gabriel,Salinas-Jones,,http://ufcstats.com/fighter-details/74d5f71eeb0c66c7
a049aa06508b9c7b,Brandon,Saling,White Steel,http://ufcstats.com/fighter-details/a049aa06508b9c7b
17734443a833cdf7,Quillan,Salkilld,,http://ufcstats.com/fighter-details/17734443a833cdf7
7c0847d3854a95f2,Sean,Salmon,,http://ufcstats.com/fighter-details/7c0847d3854a95f2
98e946879ba20c0f,Boston,Salmon,Boom Boom,http://ufcstats.com/fighter-details/98e946879ba20c0f
010986ee359fb863,John,Salter,,http://ufcstats.com/fighter-details/010986ee359fb863
65cdf4ec31143d86,Vinicius,Salvador,,http://ufcstats.com/fighter-details/65cdf4ec31143d86
a7a3fb5f6c67b122,Dylan,Salvador,,http://ufcstats.com/fighter-details/a7a3fb5f6c67b122
9deff9e3e8d94d47,Josh,Samman,Anqa,http://ufcstats.com/fighter-details/9deff9e3e8d94d47
b23388ff8ac6637b,Johnny,Sampaio,,http://ufcstats.com/fighter-details/b23388ff8ac6637b
f65dcb22dada2223,Josh,Sampo,The Gremlin,http://ufcstats.com/fighter-details/f65dcb22dada2223
983e281d257c24dc,Josh,San Diego,JSD,http://ufcstats.com/fighter-details/983e281d257c24dc
438d497617ecb16e,Samuel,Sanches,The Prodigy,http://ufcstats.com/fighter-details/438d497617ecb16e
82e7929bf6c2b689,Diego,Sanchez,Nightmare,http://ufcstats.com/fighter-details/82e7929bf6c2b689
7f0b4a75ef3039a3,Eddie,Sanchez,The Manic Hispanic,http://ufcstats.com/fighter-details/7f0b4a75ef3039a3
c6da1c24fe473418,Julian,Sanchez,,http://ufcstats.com/fighter-details/c6da1c24fe473418
6a0047ac8c99fece,Bobby,Sanchez,The Kid,http://ufcstats.com/fighter-details/6a0047ac8c99fece
bb140b121283acbb,Donald,Sanchez,,http://ufcstats.com/fighter-details/bb140b121283acbb
b12fc8a41e82d3a2,Joby,Sanchez,,http://ufcstats.com/fighter-details/b12fc8a41e82d3a2
243a336eaa2d2eb4,Emmanuel,Sanchez,El Matador,http://ufcstats.com/fighter-details/243a336eaa2d2eb4
ef3663798164adf0,Erick,Sanchez,,http://ufcstats.com/fighter-details/ef3663798164adf0
fccf811c1e8b01c7,Andrew,Sanchez,El Dirte,http://ufcstats.com/fighter-details/fccf811c1e8b01c7
546f8599a63c29da,Robert,Sanchez,Littlefury,http://ufcstats.com/fighter-details/546f8599a63c29da
59aaf2730b84698a,Jesse,Sanders,,http://ufcstats.com/fighter-details/59aaf2730b84698a
96428b9e9bd048ea,Luke,Sanders,Cool Hand,http://ufcstats.com/fighter-details/96428b9e9bd048ea
12f1b140e248bdb9,Jerrod,Sanders,J-Reazie,http://ufcstats.com/fighter-details/12f1b140e248bdb9
65f09bacd3957381,Cory,Sandhagen,,http://ufcstats.com/fighter-details/65f09bacd3957381
9d51bcc281aa0514,Hugo,Sandoval,,http://ufcstats.com/fighter-details/9d51bcc281aa0514
f9ad10f6a49e5452,Raul,Sandoval,,http://ufcstats.com/fighter-details/f9ad10f6a49e5452
696002b59f09d73b,Joseph,Sandoval,,http://ufcstats.com/fighter-details/696002b59f09d73b
449c890bd90f3374,Hector,Sandoval,Kid Alex,http://ufcstats.com/fighter-details/449c890bd90f3374
29f935654825331b,Chris,Sanford,,http://ufcstats.com/fighter-details/29f935654825331b
57887765f831e228,Roldan,Sangcha'an,The Executioner,http://ufcstats.com/fighter-details/57887765f831e228
4c12aa7ca246e7a4,Yuhi,Sano,,http://ufcstats.com/fighter-details/4c12aa7ca246e7a4
16a64f93f6678b7b,Martin,Sano,Spartan,http://ufcstats.com/fighter-details/16a64f93f6678b7b
3143e5daff9e5b71,Jonathan,Santa Maria,,http://ufcstats.com/fighter-details/3143e5daff9e5b71
d6ead04919a894b1,Duda,Santana,Cowboyzinha,http://ufcstats.com/fighter-details/d6ead04919a894b1
19809d475ed832d5,Shaheen,Santana,Shazam,http://ufcstats.com/fighter-details/19809d475ed832d5
86989ee8fe97884d,Neemias,Santana,,http://ufcstats.com/fighter-details/86989ee8fe97884d
39792c2f42c9f527,Sean,Santella,Shorty Rock,http://ufcstats.com/fighter-details/39792c2f42c9f527
f8dc544e7077d014,Jorge,Santiago,The Sandman,http://ufcstats.com/fighter-details/f8dc544e7077d014
bc656db347f31e19,Mike,Santiago,,http://ufcstats.com/fighter-details/bc656db347f31e19
4920292f5d9b76df,Will,Santiago,The Brown Bomber,http://ufcstats.com/fighter-details/4920292f5d9b76df
9f95d6b5b459cc6b,Richie,Santiago,The Milford Mauler,http://ufcstats.com/fighter-details/9f95d6b5b459cc6b
8299206ccebc44a7,Jose,Santibanez,,http://ufcstats.com/fighter-details/8299206ccebc44a7
012fc7cd0779c09a,Art,Santore,Pachuco,http://ufcstats.com/fighter-details/012fc7cd0779c09a
c6e6926a81adcd00,Adriano,Santos,,http://ufcstats.com/fighter-details/c6e6926a81adcd00
7ca4c3f8aa8bacae,Paulo,Santos,,http://ufcstats.com/fighter-details/7ca4c3f8aa8bacae
99bf06f20491cb54,Evangelista,Santos,Cyborg,http://ufcstats.com/fighter-details/99bf06f20491cb54
7701377be464d2ef,Luis,Santos,,http://ufcstats.com/fighter-details/7701377be464d2ef
14aa21bc82cac57d,Iliarde,Santos,,http://ufcstats.com/fighter-details/14aa21bc82cac57d
9c65736747ca92ec,Leonardo,Santos,,http://ufcstats.com/fighter-details/9c65736747ca92ec
dea070ed4a2a8281,Thiago,Santos,Marreta,http://ufcstats.com/fighter-details/dea070ed4a2a8281
da1d8d76404bb6b5,Bruno,Santos,Carioca,http://ufcstats.com/fighter-details/da1d8d76404bb6b5
5b5b78116d1fc3eb,Andre,Santos,Chatuba,http://ufcstats.com/fighter-details/5b5b78116d1fc3eb
d12ee718fb35c35c,Gleristone,Santos,Toninho Furia,http://ufcstats.com/fighter-details/d12ee718fb35c35c
3143bf892608139a,Yana,Santos,,http://ufcstats.com/fighter-details/3143bf892608139a
f7467152fd9f18a2,Taila,Santos,,http://ufcstats.com/fighter-details/f7467152fd9f18a2
4cb79988b2a9bd07,Marilia,Santos,Chocolate,http://ufcstats.com/fighter-details/4cb79988b2a9bd07
78719f6663ad9160,Edivan,Santos,Pe De Sapo,http://ufcstats.com/fighter-details/78719f6663ad9160
b67d6bacc68d4c92,Daniel,Santos,Willycat,http://ufcstats.com/fighter-details/b67d6bacc68d4c92
f2f140ce7532e327,Gabriel,Santos,Mosquitinho,http://ufcstats.com/fighter-details/f2f140ce7532e327
5078e1dacf9d25f4,Luana,Santos,,http://ufcstats.com/fighter-details/5078e1dacf9d25f4
312f7d7b2b2f7de4,Djorden,Santos,Shakur,http://ufcstats.com/fighter-details/312f7d7b2b2f7de4
480779d7f9a424d3,Mairon,Santos,The Legend,http://ufcstats.com/fighter-details/480779d7f9a424d3
1d147d4163a6989b,Nick,Sanzo,,http://ufcstats.com/fighter-details/1d147d4163a6989b
9f3d6ddef3d3cccc,Bob,Sapp,The Beast,http://ufcstats.com/fighter-details/9f3d6ddef3d3cccc
7e47047d0971d566,Daniel,Sarafian,,http://ufcstats.com/fighter-details/7e47047d0971d566
57186c150c645200,Jeka,Saragih,,http://ufcstats.com/fighter-details/57186c150c645200
4f4dac51adc1af4f,Diego,Saraiva,The Octopus,http://ufcstats.com/fighter-details/4f4dac51adc1af4f
026b4f7049085842,Harris,Sarmiento,The Hitman,http://ufcstats.com/fighter-details/026b4f7049085842
2097b1a5ff47dfb0,Alexander,Sarnavskiy,Tiger,http://ufcstats.com/fighter-details/2097b1a5ff47dfb0
e5c38954c006f15c,Yuki,Sasaki,,http://ufcstats.com/fighter-details/e5c38954c006f15c
23bd78c3f89bdb54,Kyosuke,Sasaki,,http://ufcstats.com/fighter-details/23bd78c3f89bdb54
7c3c48cf54a2848e,Yuta,Sasaki,Ulka,http://ufcstats.com/fighter-details/7c3c48cf54a2848e
7b143a54451263d9,Paul,Sass,,http://ufcstats.com/fighter-details/7b143a54451263d9
b7bcf6dfbbb7c16c,Keisuke,Sasu,Sasuke,http://ufcstats.com/fighter-details/b7bcf6dfbbb7c16c
f4a031ac205ac580,Masaaki,Satake,,http://ufcstats.com/fighter-details/f4a031ac205ac580
276c60b14b571dd4,Takenori,Sato,,http://ufcstats.com/fighter-details/276c60b14b571dd4
8abac218746e04ca,Takashi,Sato,Ten,http://ufcstats.com/fighter-details/8abac218746e04ca
c982b98d33825763,Shogo,Sato,Tora,http://ufcstats.com/fighter-details/c982b98d33825763
02f484417a6fa69d,Uran,Satybaldiev,Gorilla,http://ufcstats.com/fighter-details/02f484417a6fa69d
f6f9d41669dd3eaa,Jeimeson,Saudino,The Minion,http://ufcstats.com/fighter-details/f6f9d41669dd3eaa
36ab6af06e312b41,Tom,Sauer,,http://ufcstats.com/fighter-details/36ab6af06e312b41
20bd6c3e03c46ee6,Townsend,Saunders,,http://ufcstats.com/fighter-details/20bd6c3e03c46ee6
484acc7b0f856ce9,Ben,Saunders,Killa B,http://ufcstats.com/fighter-details/484acc7b0f856ce9
4fe9492959834bf7,Chad W.,Saunders,,http://ufcstats.com/fighter-details/4fe9492959834bf7
b35a159f525764eb,Chris,Saunders,The So Cal Kid,http://ufcstats.com/fighter-details/b35a159f525764eb
67f0d1b1b0b39bec,Christien,Savoie,The Tiger,http://ufcstats.com/fighter-details/67f0d1b1b0b39bec
402ea3b5ee233852,Lumumba,Sayers,,http://ufcstats.com/fighter-details/402ea3b5ee233852
5b8ba8f5512893b1,Matt,Sayles,,http://ufcstats.com/fighter-details/5b8ba8f5512893b1
72b7c071910990b1,Brandon,Sayles,Man of War,http://ufcstats.com/fighter-details/72b7c071910990b1
22a1f83edb865aee,Mikheil,Sazhiniani,Spartan,http://ufcstats.com/fighter-details/22a1f83edb865aee
771b60ff889661c8,Mark,Scanlon,,http://ufcstats.com/fighter-details/771b60ff889661c8
f59f1d3a2ff13edd,Eric,Schafer,Red,http://ufcstats.com/fighter-details/f59f1d3a2ff13edd
030f08370fd1c2bb,Kerry,Schall,Meat Truck,http://ufcstats.com/fighter-details/030f08370fd1c2bb
66e981516e2476d1,Eric,Schambari,,http://ufcstats.com/fighter-details/66e981516e2476d1
89a407032911e27e,Brendan,Schaub,Big Brown,http://ufcstats.com/fighter-details/89a407032911e27e
a296ad1d238d97df,Matheus,Scheffel,Buffa,http://ufcstats.com/fighter-details/a296ad1d238d97df
a3244e3238541482,Antonio,Schembri,Nino,http://ufcstats.com/fighter-details/a3244e3238541482
0bc7e61d204f2137,Fabiano,Scherner,Pegaleve,http://ufcstats.com/fighter-details/0bc7e61d204f2137
1208ffc5be6e31ad,Samy,Schiavo,,http://ufcstats.com/fighter-details/1208ffc5be6e31ad
de12bd65e2f46478,Pat,Schilling,Thrilling,http://ufcstats.com/fighter-details/de12bd65e2f46478
f41fad444939056b,Joe,Schilling,,http://ufcstats.com/fighter-details/f41fad444939056b
d5ed14b2153c6ed2,Semmy,Schilt,Hightower,http://ufcstats.com/fighter-details/d5ed14b2153c6ed2
89ea01f5a7ada40c,Adam,Schindler,,http://ufcstats.com/fighter-details/89ea01f5a7ada40c
bd02e222a6166d50,Daniel,Schmitt,,http://ufcstats.com/fighter-details/bd02e222a6166d50
aa943b9bc00cb0ed,Colleen,Schneider,,http://ufcstats.com/fighter-details/aa943b9bc00cb0ed
67c1d46f4ed16f9e,Matt,Schnell,Danger,http://ufcstats.com/fighter-details/67c1d46f4ed16f9e
fdfef29ba17ee525,Alex,Schoenauer,,http://ufcstats.com/fighter-details/fdfef29ba17ee525
b0353e7f5038dd09,Bailey,Schoenfelder,Berserk,http://ufcstats.com/fighter-details/b0353e7f5038dd09
5a558ba1ff5e9121,Darrill,Schoonover,The Boss,http://ufcstats.com/fighter-details/5a558ba1ff5e9121
d86e913c548c07c2,Bob,Schrijber,Dirty,http://ufcstats.com/fighter-details/d86e913c548c07c2
040426baba8a45e8,Nate,Schroeder,,http://ufcstats.com/fighter-details/040426baba8a45e8
e44c679c30403cba,Lacey,Schuckman,,http://ufcstats.com/fighter-details/e44c679c30403cba
c1684f00c626f4c0,Mark,Schultz,,http://ufcstats.com/fighter-details/c1684f00c626f4c0
b4443fae47e7eb9d,Wes,Schultz,Party Time,http://ufcstats.com/fighter-details/b4443fae47e7eb9d
99c80d2bd5dbe5a9,Brian,Schwartz,,http://ufcstats.com/fighter-details/99c80d2bd5dbe5a9
79cbdf233e5e0496,Eric,Schwartz,,http://ufcstats.com/fighter-details/79cbdf233e5e0496
9fa568ad2bf2cb0b,Justin,Scoggins,,http://ufcstats.com/fighter-details/9fa568ad2bf2cb0b
34e552520a934063,Brad,Scott,Bear,http://ufcstats.com/fighter-details/34e552520a934063
0b235384fe23fc9c,Greg,Scott,,http://ufcstats.com/fighter-details/0b235384fe23fc9c
4327506eb9ee342f,Louis Lee,Scott,Lightning,http://ufcstats.com/fighter-details/4327506eb9ee342f
03dee485905dbc9f,Zachary,Scroggin,,http://ufcstats.com/fighter-details/03dee485905dbc9f
0c01568b1ac77bff,Mike,Seal,Crazy Boy,http://ufcstats.com/fighter-details/0c01568b1ac77bff
b9af9f8834e39d3e,Demba,Seck,Black Tiger,http://ufcstats.com/fighter-details/b9af9f8834e39d3e
d1ce40aca99a9b70,Matt,Secor,,http://ufcstats.com/fighter-details/d1ce40aca99a9b70
55e94a9b525dcf45,Kenneth,Seegrist,,http://ufcstats.com/fighter-details/55e94a9b525dcf45
49a74b9fb2e45fdf,Neil,Seery,2Tap,http://ufcstats.com/fighter-details/49a74b9fb2e45fdf
d6b68eaf4b68b160,Rony,Sefo,,http://ufcstats.com/fighter-details/d6b68eaf4b68b160
646d5dbe509accd4,Ray,Sefo,Sugarfoot,http://ufcstats.com/fighter-details/646d5dbe509accd4
e4bb7e483c4ad318,Brendan,Seguin,,http://ufcstats.com/fighter-details/e4bb7e483c4ad318
5e1062e066c601e6,Tetsuya,Seki,,http://ufcstats.com/fighter-details/5e1062e066c601e6
348dff4e03bd18c6,Stefan,Sekulic,,http://ufcstats.com/fighter-details/348dff4e03bd18c6
0359313549d230a1,Pete,Sell,Drago,http://ufcstats.com/fighter-details/0359313549d230a1
4aa58269d0664b5b,Matthew,Semelsberger,Semi The Jedi,http://ufcstats.com/fighter-details/4aa58269d0664b5b
5f2f0da6fd6a84fd,Andrei,Semenov,,http://ufcstats.com/fighter-details/5f2f0da6fd6a84fd
51b1e2fd9872005b,Mackens,Semerzier,Da Menace,http://ufcstats.com/fighter-details/51b1e2fd9872005b
3ed134d85dfbd7b4,Brandon,Sene,,http://ufcstats.com/fighter-details/3ed134d85dfbd7b4
762572d67204fadb,YeDam,Seo,,http://ufcstats.com/fighter-details/762572d67204fadb
0505e27a5d00704a,DongHyun,Seo,Pinnacle,http://ufcstats.com/fighter-details/0505e27a5d00704a
88b250ba222c3a98,Kim In,Seok,,http://ufcstats.com/fighter-details/88b250ba222c3a98
2f04c4183523be2e,Ray,Seraille,,http://ufcstats.com/fighter-details/2f04c4183523be2e
b23fca14c7b79935,Ivan,Serati,,http://ufcstats.com/fighter-details/b23fca14c7b79935
253d3f9e97ca149a,Alex,Serdyukov,The Russian Crusher,http://ufcstats.com/fighter-details/253d3f9e97ca149a
efab191f204ffa17,Nicholas,Sergiacomi,,http://ufcstats.com/fighter-details/efab191f204ffa17
86dfed7cc24a9fa7,Matt,Serra,The Terra,http://ufcstats.com/fighter-details/86dfed7cc24a9fa7
1975c2272ba40e71,Nick,Serra,The Mad Monkey,http://ufcstats.com/fighter-details/1975c2272ba40e71
e7ec11096eac0282,Adrian,Serrano,,http://ufcstats.com/fighter-details/e7ec11096eac0282
0ccab7c889ede9ea,Fredy,Serrano,El Profe,http://ufcstats.com/fighter-details/0ccab7c889ede9ea
dadaeb402526dca5,Carl,Seumanutafa,,http://ufcstats.com/fighter-details/dadaeb402526dca5
6ad8e4296f7522d9,Igor,Severino,,http://ufcstats.com/fighter-details/6ad8e4296f7522d9
c670aa48827d6be6,Dan,Severn,The Beast,http://ufcstats.com/fighter-details/c670aa48827d6be6
5dfe71ade71f3a4b,Rosi,Sexton,The Surgeon,http://ufcstats.com/fighter-details/5dfe71ade71f3a4b
c06d6b18862f9a53,Rodrigo,Sezinando,,http://ufcstats.com/fighter-details/c06d6b18862f9a53
5c38639f860a5542,Scott,Shaffer,,http://ufcstats.com/fighter-details/5c38639f860a5542
4144798612ef96e5,Edmen,Shahbazyan,The Golden Boy,http://ufcstats.com/fighter-details/4144798612ef96e5
9eed2bcc9e0b92af,Leon,Shahbazyan,,http://ufcstats.com/fighter-details/9eed2bcc9e0b92af
da4628f173337902,Don,Shainis,Shameless,http://ufcstats.com/fighter-details/da4628f173337902
f300763147320d12,Liliya,Shakirova,,http://ufcstats.com/fighter-details/f300763147320d12
ece280745f8727b8,Kamal,Shalorus,Prince of Persia,http://ufcstats.com/fighter-details/ece280745f8727b8
63b65af1c5cb02cb,Ken,Shamrock,The World's Most Dangerous Man,http://ufcstats.com/fighter-details/63b65af1c5cb02cb
fcaae0385b514f11,Frank,Shamrock,,http://ufcstats.com/fighter-details/fcaae0385b514f11
5a7350645bc9bd6e,Shang,Zhifa,Northeast Flying Tiger,http://ufcstats.com/fighter-details/5a7350645bc9bd6e
0f3a990526c5e706,Sean,Sharaf,The Smoke,http://ufcstats.com/fighter-details/0f3a990526c5e706
5f23eaf9e9c34667,Priya,Sharma,The Catwoman,http://ufcstats.com/fighter-details/5f23eaf9e9c34667
285e32e41f61a5b1,Jason,Sharp,,http://ufcstats.com/fighter-details/285e32e41f61a5b1
a0c64f272b65d441,Eric,Shelton,Showtime,http://ufcstats.com/fighter-details/a0c64f272b65d441
029880cdbf5ca089,Sean,Sherk,The Muscle Shark,http://ufcstats.com/fighter-details/029880cdbf5ca089
01b352b6a9074d5c,Chase,Sherman,The Vanilla Gorilla,http://ufcstats.com/fighter-details/01b352b6a9074d5c
132deb59abae64b1,Valentina,Shevchenko,Bullet,http://ufcstats.com/fighter-details/132deb59abae64b1
d7338bcb141abd2c,Antonina,Shevchenko,La Pantera,http://ufcstats.com/fighter-details/d7338bcb141abd2c
d683f4870742b273,Shi,Ming,,http://ufcstats.com/fighter-details/d683f4870742b273
d4da8995fc91e7ef,Katsuyori,Shibata,,http://ufcstats.com/fighter-details/d4da8995fc91e7ef
fe435e440b5de0ff,Jake,Shields,,http://ufcstats.com/fighter-details/fe435e440b5de0ff
5d1700cfbaafbe06,Henrique,Shiguemoto,,http://ufcstats.com/fighter-details/5d1700cfbaafbe06
10657c60ce349e0f,Shunichi,Shimizu,,http://ufcstats.com/fighter-details/10657c60ce349e0f
a9a314cc77d90b6e,Wade,Shipp,The Nightmare,http://ufcstats.com/fighter-details/a9a314cc77d90b6e
d9e1942637bd57a4,Raja,Shippen,,http://ufcstats.com/fighter-details/d9e1942637bd57a4
a79bfbc01b2264d6,Yuya,Shirai,,http://ufcstats.com/fighter-details/a79bfbc01b2264d6
ad863b0d57952c57,Wes,Shivers,,http://ufcstats.com/fighter-details/ad863b0d57952c57
ed3ea649b34ddb6c,Alexander,Shlemenko,Storm,http://ufcstats.com/fighter-details/ed3ea649b34ddb6c
1d36f1ac66cf689d,Josh,Shockley,,http://ufcstats.com/fighter-details/1d36f1ac66cf689d
821cd80aab70d5f9,Josh,Shockman,The War Hammer,http://ufcstats.com/fighter-details/821cd80aab70d5f9
b0c95dc8e858452c,Akira,Shoji,,http://ufcstats.com/fighter-details/b0c95dc8e858452c
1a54231796e24a3f,Liudvik,Sholinian,Palmeyros,http://ufcstats.com/fighter-details/1a54231796e24a3f
b8a85389d115e35a,Jack,Shore,Tank,http://ufcstats.com/fighter-details/b8a85389d115e35a
35cc17760b06f36d,Landon,Showalter,The Show,http://ufcstats.com/fighter-details/35cc17760b06f36d
1f4b1d7d12601c5f,Ivan,Shtyrkov,Ural Hulk,http://ufcstats.com/fighter-details/1f4b1d7d12601c5f
585f9ffdb0cd0466,Brandon,Shuey,Big Dawg,http://ufcstats.com/fighter-details/585f9ffdb0cd0466
762226efa2b01654,Ronal,Siahaan,Naga Sakti,http://ufcstats.com/fighter-details/762226efa2b01654
b8aef0faf4ce9b31,Sam,Sicilia,,http://ufcstats.com/fighter-details/b8aef0faf4ce9b31
cf772fb504842dc3,Kiril,Sidelnikov,,http://ufcstats.com/fighter-details/cf772fb504842dc3
1a2bf44edb8055b6,Serhiy,Sidey,,http://ufcstats.com/fighter-details/1a2bf44edb8055b6
d188a3b817860ec6,Steven,Siler,Super,http://ufcstats.com/fighter-details/d188a3b817860ec6
3cf68c1d17f66af7,Siala,Siliga,Mighty Mo,http://ufcstats.com/fighter-details/3cf68c1d17f66af7
9a08c2753184ac6d,Xavier,Siller,Young Guns,http://ufcstats.com/fighter-details/9a08c2753184ac6d
e091482fa6648261,Assuerio,Silva,,http://ufcstats.com/fighter-details/e091482fa6648261
1f454354805b6f75,Anderson,Silva,The Spider,http://ufcstats.com/fighter-details/1f454354805b6f75
a1f6999fe57236e0,Wanderlei,Silva,The Axe Murderer,http://ufcstats.com/fighter-details/a1f6999fe57236e0
2924886ee9c4c527,Thiago,Silva,,http://ufcstats.com/fighter-details/2924886ee9c4c527
55b8dc4e54fe2c59,Paulo Cesar,Silva,Giant,http://ufcstats.com/fighter-details/55b8dc4e54fe2c59
9211aae062b799d6,Jean,Silva,White Bear,http://ufcstats.com/fighter-details/9211aae062b799d6
a1153013cb5f628f,Edson,Silva,Paredao,http://ufcstats.com/fighter-details/a1153013cb5f628f
a6c32678efd4f434,Sidney,Silva,,http://ufcstats.com/fighter-details/a6c32678efd4f434
53bb0d40905b87c0,Jay,Silva,,http://ufcstats.com/fighter-details/53bb0d40905b87c0
8349d55cdecd393a,Antonio,Silva,Bigfoot,http://ufcstats.com/fighter-details/8349d55cdecd393a
2ba479b409011527,Fabio,Silva,,http://ufcstats.com/fighter-details/2ba479b409011527
5866fc86183a9fb8,Erick,Silva,,http://ufcstats.com/fighter-details/5866fc86183a9fb8
159da492e000afbf,Leandro,Silva,Buscape,http://ufcstats.com/fighter-details/159da492e000afbf
6f7c616b98e18c29,Claudio,Silva,Hannibal,http://ufcstats.com/fighter-details/6f7c616b98e18c29
fb79582c410d049e,Wagner,Silva,Wagnao,http://ufcstats.com/fighter-details/fb79582c410d049e
a31358d90d4bb40a,Rafael,Silva,Morcego,http://ufcstats.com/fighter-details/a31358d90d4bb40a
ae7fe94f117f98cf,Joaquim,Silva,Netto BJJ,http://ufcstats.com/fighter-details/ae7fe94f117f98cf
1b38a2b897f6209c,Felipe,Silva,,http://ufcstats.com/fighter-details/1b38a2b897f6209c
b19aecbfbb5508cc,Dayana,Silva,,http://ufcstats.com/fighter-details/b19aecbfbb5508cc
294aa73dbf37d281,Bruno,Silva,Bulldog,http://ufcstats.com/fighter-details/294aa73dbf37d281
12ebd7d157e91701,Bruno,Silva,Blindado,http://ufcstats.com/fighter-details/12ebd7d157e91701
002ca196477ce572,Gabriel,Silva,,http://ufcstats.com/fighter-details/002ca196477ce572
f6f2ea21a67be3a7,Jacob,Silva,Lil Animal,http://ufcstats.com/fighter-details/f6f2ea21a67be3a7
262d32ebda89efc4,Natalia,Silva,,http://ufcstats.com/fighter-details/262d32ebda89efc4
0d09efd31eb9fadf,Jansey,Silva,Jones,http://ufcstats.com/fighter-details/0d09efd31eb9fadf
4408865b4e65e374,Maria,Silva,Viuva Negra,http://ufcstats.com/fighter-details/4408865b4e65e374
9d62c2d8ee151f08,Karine,Silva,Killer,http://ufcstats.com/fighter-details/9d62c2d8ee151f08
21b813b919776d90,Erik,Silva,The King,http://ufcstats.com/fighter-details/21b813b919776d90
4784a5b4a452464a,Janaina,Silva,Jana-Iron-Hand,http://ufcstats.com/fighter-details/4784a5b4a452464a
4e33534d1e036444,Jhonata,Silva,,http://ufcstats.com/fighter-details/4e33534d1e036444
52ef95b5860fb28c,Jean,Silva,Lord,http://ufcstats.com/fighter-details/52ef95b5860fb28c
d964a59c48381cb6,Danny,Silva,El Puma,http://ufcstats.com/fighter-details/d964a59c48381cb6
79f60d34ad48d7a3,Frank,Silva,De Black,http://ufcstats.com/fighter-details/79f60d34ad48d7a3
04e0507b94014dbb,Samuel,Silva,Caveira,http://ufcstats.com/fighter-details/04e0507b94014dbb
3a314d9fa7c6825d,Douglas,Silva de Andrade,D Silva,http://ufcstats.com/fighter-details/3a314d9fa7c6825d
28e088bbcaaa6366,Leonardo,Silva de Oliveira,Cabecao,http://ufcstats.com/fighter-details/28e088bbcaaa6366
f717b6002486f73f,Marcus,Silveira,Conan,http://ufcstats.com/fighter-details/f717b6002486f73f
52ba464d9068d871,Elias,Silverio,Xuxu,http://ufcstats.com/fighter-details/52ba464d9068d871
79e2cb1e813f881b,Sim,Kai Xiong,Kobra,http://ufcstats.com/fighter-details/79e2cb1e813f881b
f0fad0e9f3b65752,Jamey,Simmons,The Afro Samurai,http://ufcstats.com/fighter-details/f0fad0e9f3b65752
5987b2458f4b5290,Ricky,Simon,,http://ufcstats.com/fighter-details/5987b2458f4b5290
d5f820c11a121050,Aaron,Simpson,A-Train,http://ufcstats.com/fighter-details/d5f820c11a121050
e0f7c4f3f67bc808,Wes,Sims,The Project,http://ufcstats.com/fighter-details/e0f7c4f3f67bc808
9eedac48b497de5a,Marlon,Sims,,http://ufcstats.com/fighter-details/9eedac48b497de5a
57bad6a84230f0c9,Tony,Sims,,http://ufcstats.com/fighter-details/57bad6a84230f0c9
59c6d5af765df641,Everett,Sims,Sexual Chocolate,http://ufcstats.com/fighter-details/59c6d5af765df641
265589bdd93e7ce5,Lodune,Sincaid,,http://ufcstats.com/fighter-details/265589bdd93e7ce5
3b65c9dd39741bc4,Rob,Sinclair,,http://ufcstats.com/fighter-details/3b65c9dd39741bc4
546015aa2ad945fd,Rory,Singer,Outburst,http://ufcstats.com/fighter-details/546015aa2ad945fd
254ed71756cfd18c,Rana Rudra Pratap,Singh,Ashwathama,http://ufcstats.com/fighter-details/254ed71756cfd18c
f985ca2370a37078,Kiran,Singh,Stubborn,http://ufcstats.com/fighter-details/f985ca2370a37078
817e0bdf08efce2e,Elvis,Sinosic,The King of Rock n' Rumble,http://ufcstats.com/fighter-details/817e0bdf08efce2e
71ef1111bf829b82,Mitchell,Sipe,No Dice,http://ufcstats.com/fighter-details/71ef1111bf829b82
a46fdda658fee832,Gian,Siqueira,Pitbull,http://ufcstats.com/fighter-details/a46fdda658fee832
a7ac3b1b0c4146db,Jeremia,Siregar,The Teacher,http://ufcstats.com/fighter-details/a7ac3b1b0c4146db
fce9b4056a8ef559,AJ,Siscoe,Let's Go,http://ufcstats.com/fighter-details/fce9b4056a8ef559
436cdea7bdfdc016,Yokthai,Sithoar,,http://ufcstats.com/fighter-details/436cdea7bdfdc016
44a1dd0ef4373edc,Jeri,Sitzes,,http://ufcstats.com/fighter-details/44a1dd0ef4373edc
5f87a5c00b3d17ed,Dennis,Siver,,http://ufcstats.com/fighter-details/5f87a5c00b3d17ed
4bd6b4800070b069,Chas,Skelly,The Scrapper,http://ufcstats.com/fighter-details/4bd6b4800070b069
caced97768818230,Matt,Skelton,,http://ufcstats.com/fighter-details/caced97768818230
c337c3c85b1871e0,Zach,Skinner,,http://ufcstats.com/fighter-details/c337c3c85b1871e0
9db861c26b63daa8,Brian,Sleeman,,http://ufcstats.com/fighter-details/9db861c26b63daa8
80e6d71e14c1d356,Joe,Slick,,http://ufcstats.com/fighter-details/80e6d71e14c1d356
a2d1d3d144fed708,Ray,Sloan,,http://ufcstats.com/fighter-details/a2d1d3d144fed708
1979c80150f630c4,Kestutis,Smirnovas,,http://ufcstats.com/fighter-details/1979c80150f630c4
33e33d51f289d2a1,Maurice,Smith,,http://ufcstats.com/fighter-details/33e33d51f289d2a1
46c8ec317aff28ac,Patrick,Smith,,http://ufcstats.com/fighter-details/46c8ec317aff28ac
3410cf010558dc8b,Scott,Smith,Hands of Steel,http://ufcstats.com/fighter-details/3410cf010558dc8b
9114c8ded5ccd71d,Eric,Smith,,http://ufcstats.com/fighter-details/9114c8ded5ccd71d
f626aa1c85f8af03,Josh,Smith,,http://ufcstats.com/fighter-details/f626aa1c85f8af03
e955046551f8c7dd,David,Smith,,http://ufcstats.com/fighter-details/e955046551f8c7dd
754968e325d6f60d,Adam,Smith,,http://ufcstats.com/fighter-details/754968e325d6f60d
ffee353f55e3aa2c,Dillon,Smith,,http://ufcstats.com/fighter-details/ffee353f55e3aa2c
f797f0c57a83353e,Trevor,Smith,Hot Sauce,http://ufcstats.com/fighter-details/f797f0c57a83353e
d4c9dcd330403612,Anthony,Smith,Lionheart,http://ufcstats.com/fighter-details/d4c9dcd330403612
2e25c1d983c26311,Colton,Smith,,http://ufcstats.com/fighter-details/2e25c1d983c26311
54ed8dc6f8c31207,Gilbert,Smith,,http://ufcstats.com/fighter-details/54ed8dc6f8c31207
76984112f697631f,Leslie,Smith,The Peacemaker,http://ufcstats.com/fighter-details/76984112f697631f
207773daeb4afa7b,Devonte,Smith,King Kage,http://ufcstats.com/fighter-details/207773daeb4afa7b
56709e66f1c6008f,Cole,Smith,The Cole Train,http://ufcstats.com/fighter-details/56709e66f1c6008f
0bbb69f69c9a2eea,Nate,Smith,The Savage,http://ufcstats.com/fighter-details/0bbb69f69c9a2eea
eaa9402e5a7990ad,Braxton,Smith,The Beautiful Monster,http://ufcstats.com/fighter-details/eaa9402e5a7990ad
7478b7f959ba61f5,Elijah,Smith,Swift,http://ufcstats.com/fighter-details/7478b7f959ba61f5
85497ffd934ecf7e,Jacobe,Smith,Cobe,http://ufcstats.com/fighter-details/85497ffd934ecf7e
625b65b45c1c6888,Walter,Smith-Cotito,,http://ufcstats.com/fighter-details/625b65b45c1c6888
c5776fa8f4bf77aa,Justin,Smitley,,http://ufcstats.com/fighter-details/c5776fa8f4bf77aa
75afb06215a07341,Dmitrii,Smoliakov,The Lifeguard,http://ufcstats.com/fighter-details/75afb06215a07341
d2bc285ead803db0,Louis,Smolka,Da Last Samurai,http://ufcstats.com/fighter-details/d2bc285ead803db0
5c84f673b7bb7c15,Cameron,Smotherman,The Baby-Faced Killa,http://ufcstats.com/fighter-details/5c84f673b7bb7c15
1b0491ef0f9c965e,Shimon,Smotritsky,The Assassin,http://ufcstats.com/fighter-details/1b0491ef0f9c965e
f75c5ca0d91b9115,Richie,Smullen,,http://ufcstats.com/fighter-details/f75c5ca0d91b9115
7684c8137b4545ba,Devin,Smyth,,http://ufcstats.com/fighter-details/7684c8137b4545ba
03b1e846b09f721d,Denis,Sobolev,,http://ufcstats.com/fighter-details/03b1e846b09f721d
1fcfc3709fe58151,Peter,Sobotta,,http://ufcstats.com/fighter-details/1fcfc3709fe58151
d468288756ae3982,Renato,Sobral,Babalu,http://ufcstats.com/fighter-details/d468288756ae3982
d1152823307d7e7c,Rameau Thierry,Sokoudjou,The African Assassin,http://ufcstats.com/fighter-details/d1152823307d7e7c
f1451d605bad178e,Alexander,Soldatkin,,http://ufcstats.com/fighter-details/f1451d605bad178e
af65aa688d13eedf,Joe,Solecki,,http://ufcstats.com/fighter-details/af65aa688d13eedf
324c7a749128df8d,Chris,Solomon,,http://ufcstats.com/fighter-details/324c7a749128df8d
83b743fedde154fb,Joe,Son,,http://ufcstats.com/fighter-details/83b743fedde154fb
9775eabcb1be1a00,Paul,Song,,http://ufcstats.com/fighter-details/9775eabcb1be1a00
32490e80ddab1e5a,Song,Kenan,The Assassin,http://ufcstats.com/fighter-details/32490e80ddab1e5a
efb96bf3e9ada36f,Song,Yadong,Kung Fu Kid,http://ufcstats.com/fighter-details/efb96bf3e9ada36f
0efb0d4ebb950fcb,YoungJae,Song,Super Rookie,http://ufcstats.com/fighter-details/0efb0d4ebb950fcb
c5dc1bf9b78f262c,Hyeonjong,Song,,http://ufcstats.com/fighter-details/c5dc1bf9b78f262c
fe759b24e344d7eb,Emrah,Sonmez,Anatolian Wolf,http://ufcstats.com/fighter-details/fe759b24e344d7eb
48d1f690b763934c,Chael,Sonnen,,http://ufcstats.com/fighter-details/48d1f690b763934c
3324129f3745b300,Cody,Sons,,http://ufcstats.com/fighter-details/3324129f3745b300
7c9c6a884be167fe,Jin,Soo Son,,http://ufcstats.com/fighter-details/7c9c6a884be167fe
b6c37948cb226e8c,Benardo,Sopaj,Lion King,http://ufcstats.com/fighter-details/b6c37948cb226e8c
4c9b84d559822830,Emiliano,Sordi,He-Man,http://ufcstats.com/fighter-details/4c9b84d559822830
bd5403efbaa445c0,Sean,Soriano,,http://ufcstats.com/fighter-details/bd5403efbaa445c0
64facb6cc564262d,Punahele,Soriano,Puna,http://ufcstats.com/fighter-details/64facb6cc564262d
ec3bd30378d63dd1,Hecher,Sosa,Guanche Warrior,http://ufcstats.com/fighter-details/ec3bd30378d63dd1
85ff1b9471d35238,Dmitry,Sosnovskiy,Wicked Machine,http://ufcstats.com/fighter-details/85ff1b9471d35238
326f94d6cfb1bf25,Ben,Sosoli,Combat Wombat,http://ufcstats.com/fighter-details/326f94d6cfb1bf25
59583ff832fe9d68,Krzysztof,Soszynski,The Polish Experiment,http://ufcstats.com/fighter-details/59583ff832fe9d68
896c322f56b8be5a,George,Sotiropoulos,,http://ufcstats.com/fighter-details/896c322f56b8be5a
9c669abd35b2522f,Greg,Soto,,http://ufcstats.com/fighter-details/9c669abd35b2522f
d18dbcb0f8e2b55d,Alex,Soto,Extremo,http://ufcstats.com/fighter-details/d18dbcb0f8e2b55d
a4e85a58fbce64b2,Joe,Soto,One Bad Mofo,http://ufcstats.com/fighter-details/a4e85a58fbce64b2
cac3aaa66c20bee1,Mario,Soto,Dr. Mario,http://ufcstats.com/fighter-details/cac3aaa66c20bee1
d0e50a3d1b250708,Andre,Soukhamthath,The Asian Sensation,http://ufcstats.com/fighter-details/d0e50a3d1b250708
72782745eb47161a,Mario,Sousa,Coracao Valente,http://ufcstats.com/fighter-details/72782745eb47161a
5870c541798124ae,Manoel,Sousa,Manumito,http://ufcstats.com/fighter-details/5870c541798124ae
aee8eecfc4bfb1e7,Bobby,Southworth,,http://ufcstats.com/fighter-details/aee8eecfc4bfb1e7
7a703c565ccaa18f,Jacare,Souza,,http://ufcstats.com/fighter-details/7a703c565ccaa18f
6c7020b859c7a3ce,Edimilson,Souza,Kevin,http://ufcstats.com/fighter-details/6c7020b859c7a3ce
dab8cfbb6b1db10a,Livinha,Souza,The Brazilian Gangsta,http://ufcstats.com/fighter-details/dab8cfbb6b1db10a
0e5c4e72237461bb,Bruno,Souza,The Tiger,http://ufcstats.com/fighter-details/0e5c4e72237461bb
8bd4200561c77a62,Ketlen,Souza,Esquentadinha,http://ufcstats.com/fighter-details/8bd4200561c77a62
22b43be04d7454d0,Heraldo,Souza,Savage,http://ufcstats.com/fighter-details/22b43be04d7454d0
c278e8843b8abfec,Charon,Spain,,http://ufcstats.com/fighter-details/c278e8843b8abfec
411d012af19ecb59,Chris,Spang,The Kiss,http://ufcstats.com/fighter-details/411d012af19ecb59
b9eb5b4ed07d1525,Andreas,Spang,Sweet Swede,http://ufcstats.com/fighter-details/b9eb5b4ed07d1525
a67f5afa8d6a1b80,Ryan,Spann,Superman,http://ufcstats.com/fighter-details/a67f5afa8d6a1b80
743fd9080892501d,Ron,Sparks,The Monster,http://ufcstats.com/fighter-details/743fd9080892501d
1411c630ba711b64,Tommy,Speer,,http://ufcstats.com/fighter-details/1411c630ba711b64
ae4650eb56ab6a11,Patrick,Speight,,http://ufcstats.com/fighter-details/ae4650eb56ab6a11
ab850a77a0fa487d,Sean,Spencer,Black Magic,http://ufcstats.com/fighter-details/ab850a77a0fa487d
39d91e95949de3d9,Felicia,Spencer,FeeNom,http://ufcstats.com/fighter-details/39d91e95949de3d9
221b2a3070c7ce3e,Sam,Spengler,The Ram,http://ufcstats.com/fighter-details/221b2a3070c7ce3e
7d68f3bec89e08ec,Nick,Sperling,,http://ufcstats.com/fighter-details/7d68f3bec89e08ec
5f2197acaba7d5ef,Mario,Sperry,Zen Machine,http://ufcstats.com/fighter-details/5f2197acaba7d5ef
b9664eae2ac75262,Eric,Spicely,Zebrinha,http://ufcstats.com/fighter-details/b9664eae2ac75262
71caa995674203aa,Waachiim,Spiritwolf,Native Warrior,http://ufcstats.com/fighter-details/71caa995674203aa
f86cb5f25d545e0e,Daniel,Spitz,,http://ufcstats.com/fighter-details/f86cb5f25d545e0e
e2f6b2769aaedd6c,Serghei,Spivac,Polar Bear,http://ufcstats.com/fighter-details/e2f6b2769aaedd6c
87f3bbf52e6c9dc9,Daniel,Spohn,Dragon,http://ufcstats.com/fighter-details/87f3bbf52e6c9dc9
c3ea8deeba00462b,Pete,Spratt,The Secret Weapon,http://ufcstats.com/fighter-details/c3ea8deeba00462b
37cc294027f55e4d,Austin,Springer,,http://ufcstats.com/fighter-details/37cc294027f55e4d
6506c1d34da9c013,Georges,St-Pierre,Rush,http://ufcstats.com/fighter-details/6506c1d34da9c013
6436029b50a9c255,Bobby,Stack,,http://ufcstats.com/fighter-details/6436029b50a9c255
69a400af4420cd6a,Andreas,Stahl,Real Steel,http://ufcstats.com/fighter-details/69a400af4420cd6a
6dd758d34da8d254,Ron,Stallings,The Choir Boy,http://ufcstats.com/fighter-details/6dd758d34da8d254
bf7ad5628363eec9,Cody,Stamann,The Spartan,http://ufcstats.com/fighter-details/bf7ad5628363eec9
175852708cb55776,Cristina,Stanciu,Barbie,http://ufcstats.com/fighter-details/175852708cb55776
579fcdfcabd23a7b,Brian,Stann,All American,http://ufcstats.com/fighter-details/579fcdfcabd23a7b
30ea504870f8597b,Josh,Stansbury,The Sandman,http://ufcstats.com/fighter-details/30ea504870f8597b
289a57039d742bfe,Dion,Staring,Soldier,http://ufcstats.com/fighter-details/289a57039d742bfe
93e4754d0984c82f,Lucas,Stark,,http://ufcstats.com/fighter-details/93e4754d0984c82f
5abf827d62f98fee,Clifford,Starks,,http://ufcstats.com/fighter-details/5abf827d62f98fee
c8136ab8aa32c974,Kalib,Starnes,,http://ufcstats.com/fighter-details/c8136ab8aa32c974
a12a8314adc1c1c9,Laureano,Staropoli,Pepi,http://ufcstats.com/fighter-details/a12a8314adc1c1c9
42a7e90605df3c8a,Damian,Stasiak,Webster,http://ufcstats.com/fighter-details/42a7e90605df3c8a
16044bd8762cf794,Adam,Steele,,http://ufcstats.com/fighter-details/16044bd8762cf794
68c11c27d4d56572,Dominique,Steele,Non-Stop Action-Packed,http://ufcstats.com/fighter-details/68c11c27d4d56572
09a6ed4ee97a5606,Ricky,Steele,The Karate Kid,http://ufcstats.com/fighter-details/09a6ed4ee97a5606
aebaa8cec15b083d,Kody,Steele,,http://ufcstats.com/fighter-details/aebaa8cec15b083d
377bc9dc0b2745f9,Eric,Steenberg,,http://ufcstats.com/fighter-details/377bc9dc0b2745f9
0b5b6876c2a4723f,Steve,Steinbeiss,The Hooligan,http://ufcstats.com/fighter-details/0b5b6876c2a4723f
6000b5ae6c462142,Ray,Steinbeiss,Ipswitch Cobra,http://ufcstats.com/fighter-details/6000b5ae6c462142
738acab0c6934dd8,Dmitri,Stepanov,,http://ufcstats.com/fighter-details/738acab0c6934dd8
18968f97ad34f15c,Jeremy,Stephens,Lil' Heathen,http://ufcstats.com/fighter-details/18968f97ad34f15c
cb696ebfb6598724,Aljamain,Sterling,Funk Master,http://ufcstats.com/fighter-details/cb696ebfb6598724
310c4d4b2b32796b,Marc,Stevens,,http://ufcstats.com/fighter-details/310c4d4b2b32796b
79899ecf62020f6d,Joe,Stevenson,Daddy,http://ufcstats.com/fighter-details/79899ecf62020f6d
2fee10d5cf86bfca,Maia,Stevenson,,http://ufcstats.com/fighter-details/2fee10d5cf86bfca
27b1a406ac171b19,Luke,Stewart,,http://ufcstats.com/fighter-details/27b1a406ac171b19
a17ad5a5048e8c3f,Darren,Stewart,The Dentist,http://ufcstats.com/fighter-details/a17ad5a5048e8c3f
bb61823f76361297,Kyle,Stewart,Gunz Up,http://ufcstats.com/fighter-details/bb61823f76361297
df5a77121ba84a5d,Alex,Stiebling,The Brazilian Killa,http://ufcstats.com/fighter-details/df5a77121ba84a5d
2cf520143e76cd2e,Tyler,Stinson,The Evolution,http://ufcstats.com/fighter-details/2cf520143e76cd2e
b4b496ec2197ee3e,Navajo,Stirling,,http://ufcstats.com/fighter-details/b4b496ec2197ee3e
cc3147b49c7d7d92,Dan,Stittgen,The Anvil,http://ufcstats.com/fighter-details/cc3147b49c7d7d92
4d25497994da569c,Lazar,Stojadinovic,The Bronx Bomber,http://ufcstats.com/fighter-details/4d25497994da569c
a421465acbe59c77,Denis,Stojnic,,http://ufcstats.com/fighter-details/a421465acbe59c77
a78a87d8c2bbb1cb,Julija,Stoliarenko,,http://ufcstats.com/fighter-details/a78a87d8c2bbb1cb
71505842fb6455c3,Dustin,Stoltzfus,,http://ufcstats.com/fighter-details/71505842fb6455c3
62f7097c04311193,Niklas,Stolze,Green Mask,http://ufcstats.com/fighter-details/62f7097c04311193
fbf0947399d14323,Ken,Stone,,http://ufcstats.com/fighter-details/fbf0947399d14323
8d477c3fbe001f9d,Ryan,Stonitsch,,http://ufcstats.com/fighter-details/8d477c3fbe001f9d
61dd409cb40d1a55,George,Stork,,http://ufcstats.com/fighter-details/61dd409cb40d1a55
5b5307450405abf0,Rick,Story,The Horror,http://ufcstats.com/fighter-details/5b5307450405abf0
025f0b1b58fbad01,Darko,Stosic,,http://ufcstats.com/fighter-details/025f0b1b58fbad01
91181b29be041f1c,Greg,Stott,Ranger,http://ufcstats.com/fighter-details/91181b29be041f1c
e09dbbd5fe3f0fe2,Curtis,Stout,,http://ufcstats.com/fighter-details/e09dbbd5fe3f0fe2
501b07aec9b8fc2d,Sam,Stout,Hands of Stone,http://ufcstats.com/fighter-details/501b07aec9b8fc2d
e1a4568fec1fc24f,Tim,Stout,,http://ufcstats.com/fighter-details/e1a4568fec1fc24f
8c39367b53eadf8a,Jesse,Strader,Sui Generis,http://ufcstats.com/fighter-details/8c39367b53eadf8a
495add4fbede0a44,Gennaro,Strangis,,http://ufcstats.com/fighter-details/495add4fbede0a44
980b4e712489098e,Dave,Strasser,,http://ufcstats.com/fighter-details/980b4e712489098e
15347cd4cdf01b03,Daniel,Straus,,http://ufcstats.com/fighter-details/15347cd4cdf01b03
04f9fe830cf13482,Gerald,Strebendt,The Finishing Machine,http://ufcstats.com/fighter-details/04f9fe830cf13482
0d8011111be000b2,Sean,Strickland,,http://ufcstats.com/fighter-details/0d8011111be000b2
ef1182eb28c17d4e,Mark,Striegl,Mugen,http://ufcstats.com/fighter-details/ef1182eb28c17d4e
523f6ad11dbe9b53,Hans,Stringer,,http://ufcstats.com/fighter-details/523f6ad11dbe9b53
ebc1f40e00e0c481,Stefan,Struve,Skyscraper,http://ufcstats.com/fighter-details/ebc1f40e00e0c481
601cf40c09090853,Josh,Stuart,,http://ufcstats.com/fighter-details/601cf40c09090853
c0c36a5b3d5bbdd5,Mike,Stumpf,,http://ufcstats.com/fighter-details/c0c36a5b3d5bbdd5
d30415ec5e8783cd,Kyle,Sturgeon,,http://ufcstats.com/fighter-details/d30415ec5e8783cd
b08012bbe542592a,Tatiana,Suarez,,http://ufcstats.com/fighter-details/b08012bbe542592a
3a7513372f79c8c8,Masanori,Suda,,http://ufcstats.com/fighter-details/3a7513372f79c8c8
99dd0147dc4ef80c,Genki,Sudo,Neo-Samurai,http://ufcstats.com/fighter-details/99dd0147dc4ef80c
b160e4f251283d70,Lucasz,Sudolski,,http://ufcstats.com/fighter-details/b160e4f251283d70
8215e4fe24e8e81b,Daisuke,Sugie,Amazon,http://ufcstats.com/fighter-details/8215e4fe24e8e81b
06c60fc2c8dcd7bd,Takashi,Sugiura,,http://ufcstats.com/fighter-details/06c60fc2c8dcd7bd
b205d4f2ff44bc89,Naho,Sugiyuma,Sugi Rock,http://ufcstats.com/fighter-details/b205d4f2ff44bc89
1dd1a3aacde66f72,,Sulangrangbo,,http://ufcstats.com/fighter-details/1dd1a3aacde66f72
6c7e25571490aa3b,George,Sullivan,The Silencer,http://ufcstats.com/fighter-details/6c7e25571490aa3b
7aa88401f93ce836,Amar,Suloev,,http://ufcstats.com/fighter-details/7aa88401f93ce836
fe1fdc6be470f773,Magomed,Sultanakhmedov,,http://ufcstats.com/fighter-details/fe1fdc6be470f773
31f9a1f56cbb6ac5,Justin,Sumter,,http://ufcstats.com/fighter-details/31f9a1f56cbb6ac5
3cf18e01cb6cbde3,,Sumudaerji,The Tibetan Eagle,http://ufcstats.com/fighter-details/3cf18e01cb6cbde3
6d537248fe7cccf1,Rama,Supandhi,Hellboy,http://ufcstats.com/fighter-details/6d537248fe7cccf1
22af3546bd967280,Aji,Susilo,,http://ufcstats.com/fighter-details/22af3546bd967280
d1feea7a4bdcd503,Baisangur,Susurkaev,Hunter,http://ufcstats.com/fighter-details/d1feea7a4bdcd503
cc5834a495d1ea08,Jason,Suttie,Nobunaga,http://ufcstats.com/fighter-details/cc5834a495d1ea08
a6a9ab5a824e8f66,Joel,Sutton,,http://ufcstats.com/fighter-details/a6a9ab5a824e8f66
556347e2b0e33979,Chad,Sutton,,http://ufcstats.com/fighter-details/556347e2b0e33979
3d99e5aa85d7576a,Danilo,Suzart,,http://ufcstats.com/fighter-details/3d99e5aa85d7576a
bcad7223af3c19da,Martin,Svensson,,http://ufcstats.com/fighter-details/bcad7223af3c19da
cc39185f2d7d89e4,Daniel,Swain,,http://ufcstats.com/fighter-details/cc39185f2d7d89e4
d247691a6c0e9034,Cub,Swanson,,http://ufcstats.com/fighter-details/d247691a6c0e9034
9fe85152f351e737,Mike,Swick,Quick,http://ufcstats.com/fighter-details/9fe85152f351e737
5330fe7e4c3af81c,Floyd,Sword,,http://ufcstats.com/fighter-details/5330fe7e4c3af81c
46e2011d92463b7e,Oumar,Sy,,http://ufcstats.com/fighter-details/46e2011d92463b7e
9f5e3c20ce40b344,Klaudia,Sygula,,http://ufcstats.com/fighter-details/9f5e3c20ce40b344
abd2109bc4cb0291,Bentley,Syler,Bolivia,http://ufcstats.com/fighter-details/abd2109bc4cb0291
9094a881a7513de3,Kevin,Syler,El Nino Bala,http://ufcstats.com/fighter-details/9094a881a7513de3
58a36b4ccf5dc30e,Leo,Sylvest,Lethal,http://ufcstats.com/fighter-details/58a36b4ccf5dc30e
87b7df65c30008c4,Tony,Sylvester,,http://ufcstats.com/fighter-details/87b7df65c30008c4
2a542ee8a8b83559,Tim,Sylvia,The Maine-iac,http://ufcstats.com/fighter-details/2a542ee8a8b83559
d2d05dda5f887f87,Kevin,Szaflarski,,http://ufcstats.com/fighter-details/d2d05dda5f887f87
f201f21cf2c79eb2,Sebastian,Szalay,Seb,http://ufcstats.com/fighter-details/f201f21cf2c79eb2
224050896306f00c,Bartosz,Szewczyk,,http://ufcstats.com/fighter-details/224050896306f00c
e7bc606d269896aa,Osamu,Tachihikari,,http://ufcstats.com/fighter-details/e7bc606d269896aa
bb01bc3c57f39b04,Amber,Tackett,,http://ufcstats.com/fighter-details/bb01bc3c57f39b04
f70144caea5c4c80,Eugenio,Tadeu,,http://ufcstats.com/fighter-details/f70144caea5c4c80
6751b11102b6adfe,Albert,Tadevosyan,Albeezy,http://ufcstats.com/fighter-details/6751b11102b6adfe
e13abac8089a801a,Justin,Tafa,Bad Man,http://ufcstats.com/fighter-details/e13abac8089a801a
c15fa95b9a12fde4,Junior,Tafa,The Juggernaut,http://ufcstats.com/fighter-details/c15fa95b9a12fde4
b4537562f88ac582,Khalid,Taha,The Warrior,http://ufcstats.com/fighter-details/b4537562f88ac582
9bf126927843e184,Joe,Taimanglo,The Juggernaut,http://ufcstats.com/fighter-details/9bf126927843e184
4461d7e47375a895,Tatsuro,Taira,,http://ufcstats.com/fighter-details/4461d7e47375a895
8f5c8850b2484173,Mairbek,Taisumov,Beckan,http://ufcstats.com/fighter-details/8f5c8850b2484173
7498b3ac79a3b948,Taiyilake,Nueraji,Super Saiyan,http://ufcstats.com/fighter-details/7498b3ac79a3b948
a25b71fe5e31fa97,Nobuhiko,Takada,,http://ufcstats.com/fighter-details/a25b71fe5e31fa97
6420efac0578988b,Yoshiki,Takahashi,Kazuo,http://ufcstats.com/fighter-details/6420efac0578988b
01f86e2d604e2f3c,Yoko,Takahashi,,http://ufcstats.com/fighter-details/01f86e2d604e2f3c
4f74c8be51db8a37,Daiju,Takase,,http://ufcstats.com/fighter-details/4f74c8be51db8a37
0d16bdb7d32e88e9,Hiroyuki,Takaya,Streetfight Bancho,http://ufcstats.com/fighter-details/0d16bdb7d32e88e9
d856a0080ac09ed7,Yoshihiro,Takayama,,http://ufcstats.com/fighter-details/d856a0080ac09ed7
a7724f51e32e763e,Makoto,Takimoto,,http://ufcstats.com/fighter-details/a7724f51e32e763e
1dc56b59cb28425d,Oleg,Taktarov,The Russian Bear,http://ufcstats.com/fighter-details/1dc56b59cb28425d
6e743a33d56bdaa4,Payton,Talbott,,http://ufcstats.com/fighter-details/6e743a33d56bdaa4
49858bf46dabf6fb,Nordine,Taleb,,http://ufcstats.com/fighter-details/49858bf46dabf6fb
6aab5c20395ee722,Murtaza,Talha,,http://ufcstats.com/fighter-details/6aab5c20395ee722
eaa0a728cc91ef60,Tsuyoshi,Tamakairiki,,http://ufcstats.com/fighter-details/eaa0a728cc91ef60
bfd4d50591033a1f,Eli,Tamez,Tomahawk,http://ufcstats.com/fighter-details/bfd4d50591033a1f
30e8b4505f5ccf92,Kiyoshi,Tamura,,http://ufcstats.com/fighter-details/30e8b4505f5ccf92
c95fbc085e17a532,Akitoshi,Tamura,The Ironman,http://ufcstats.com/fighter-details/c95fbc085e17a532
57bf89d42364d39e,Issei,Tamura,,http://ufcstats.com/fighter-details/57bf89d42364d39e
ad3041e61896b975,Jason,Tan,,http://ufcstats.com/fighter-details/ad3041e61896b975
1bf49bf829964144,Akihito,Tanaka,Kinniku Mantaro,http://ufcstats.com/fighter-details/1bf49bf829964144
64788ee44b062ded,Michinori,Tanaka,,http://ufcstats.com/fighter-details/64788ee44b062ded
8f2d9ee27f206f1f,Evan,Tanner,,http://ufcstats.com/fighter-details/8f2d9ee27f206f1f
078b732efa497f49,Kasey,Tanner,,http://ufcstats.com/fighter-details/078b732efa497f49
b9124c308671e303,Otari,Tanzilovi,,http://ufcstats.com/fighter-details/b9124c308671e303
0eec866a077889f0,Manny,Tapia,The Mangler,http://ufcstats.com/fighter-details/0eec866a077889f0
37ac9e0f4fc86171,Gary,Tapusoa,,http://ufcstats.com/fighter-details/37ac9e0f4fc86171
b96619b3acd7d9da,Miesha,Tate,Cupcake,http://ufcstats.com/fighter-details/b96619b3acd7d9da
7abf7f8778472b7b,Aaron,Tau,Tauzemup,http://ufcstats.com/fighter-details/7abf7f8778472b7b
ef927e4fe2117ab8,Deividas,Taurosevicius,,http://ufcstats.com/fighter-details/ef927e4fe2117ab8
8a59d346dc976a10,Thiago,Tavares,,http://ufcstats.com/fighter-details/8a59d346dc976a10
681d07e328798ec0,Jeremy,Tavares,,http://ufcstats.com/fighter-details/681d07e328798ec0
0c6d9ea8306c029e,Brad,Tavares,,http://ufcstats.com/fighter-details/0c6d9ea8306c029e
c5ccd878231c5407,Ramon,Taveras,The Savage,http://ufcstats.com/fighter-details/c5ccd878231c5407
9b74de674c355425,Paul,Taylor,Relentless,http://ufcstats.com/fighter-details/9b74de674c355425
dd992d569aaebee6,Jesse,Taylor,JT Money,http://ufcstats.com/fighter-details/dd992d569aaebee6
88e53ec16b801740,Torrance,Taylor,,http://ufcstats.com/fighter-details/88e53ec16b801740
49bddfee9ed54cf3,Louis,Taylor,Handgunz,http://ufcstats.com/fighter-details/49bddfee9ed54cf3
637a4d8825464c62,Anthony,Taylor,Pretty Boy,http://ufcstats.com/fighter-details/637a4d8825464c62
b76c6268dc1d3c05,Danielle,Taylor,Dynamite,http://ufcstats.com/fighter-details/b76c6268dc1d3c05
17c6e35e4da505b0,J.T,Taylor,The Outlaw ,http://ufcstats.com/fighter-details/17c6e35e4da505b0
f5431394fb284bb9,James,Te Huna,,http://ufcstats.com/fighter-details/f5431394fb284bb9
b47c9ea5f2895d6e,Cam,Teague,Chaos,http://ufcstats.com/fighter-details/b47c9ea5f2895d6e
5bb70ebd65075c5c,Shawn,Teed,,http://ufcstats.com/fighter-details/5bb70ebd65075c5c
7ff97850e8c32bda,Glover,Teixeira,,http://ufcstats.com/fighter-details/7ff97850e8c32bda
86061eaba822bfea,John,Teixeira,Macapa,http://ufcstats.com/fighter-details/86061eaba822bfea
de9e331b3e6bae70,Ewerton,Teixeira,,http://ufcstats.com/fighter-details/de9e331b3e6bae70
17923f676f100e16,Tallison,Teixeira,Xicao,http://ufcstats.com/fighter-details/17923f676f100e16
1dab0d1d81dd06db,Tra,Telligman,Trauma,http://ufcstats.com/fighter-details/1dab0d1d81dd06db
7d0a1968b38ca439,Ramazan,Temirov,Temurlan,http://ufcstats.com/fighter-details/7d0a1968b38ca439
87911d22a79d3203,Taneisha,Tennant,Triple Threat,http://ufcstats.com/fighter-details/87911d22a79d3203
61d6368013f8637f,Herman,Terrado,,http://ufcstats.com/fighter-details/61d6368013f8637f
b9aa0024f295609e,Dave,Terrel,The Bionic,http://ufcstats.com/fighter-details/b9aa0024f295609e
4123fd4dcc1fe937,David,Terrell,The Soul Assassin,http://ufcstats.com/fighter-details/4123fd4dcc1fe937
5befa793316d3469,James,Terry,Intensity,http://ufcstats.com/fighter-details/5befa793316d3469
60f86c449cd31e23,Jeff,Terry,,http://ufcstats.com/fighter-details/60f86c449cd31e23
2747c60e42d9d75f,David,Teymur,,http://ufcstats.com/fighter-details/2747c60e42d9d75f
fbf0537e420e698e,Daniel,Teymur,Kid Dynamite,http://ufcstats.com/fighter-details/fbf0537e420e698e
d34636a85f0f4c90,Motonobu,Tezuka,,http://ufcstats.com/fighter-details/d34636a85f0f4c90
f0264252e191da22,Jason,Thacker,,http://ufcstats.com/fighter-details/f0264252e191da22
545092d13c67aa49,Alexia,Thainara,Burguesinha,http://ufcstats.com/fighter-details/545092d13c67aa49
638cfec7ec559d6e,Brandon,Thatch,Rukus,http://ufcstats.com/fighter-details/638cfec7ec559d6e
34f88592c0ab7a54,Elias,Theodorou,The Spartan,http://ufcstats.com/fighter-details/34f88592c0ab7a54
ca936c67687789e9,Nik,Theotikos,,http://ufcstats.com/fighter-details/ca936c67687789e9
30a09e43f15f1d75,Paulo,Thiago,,http://ufcstats.com/fighter-details/30a09e43f15f1d75
ed7d329d7c29428d,Colby,Thicknesse,Slickness,http://ufcstats.com/fighter-details/ed7d329d7c29428d
40a604761ca7d64d,Din,Thomas,Dinyero,http://ufcstats.com/fighter-details/40a604761ca7d64d
b732b326c362fb62,Ryan,Thomas,The Tank Engine,http://ufcstats.com/fighter-details/b732b326c362fb62
319c15b8aac5bfde,Noah,Thomas,,http://ufcstats.com/fighter-details/319c15b8aac5bfde
2b33e57c4d0a4502,Joel,Thomas ,The NIce Guy,http://ufcstats.com/fighter-details/2b33e57c4d0a4502
ed5f04f833459877,Treston,Thomison,,http://ufcstats.com/fighter-details/ed5f04f833459877
7d3caf0f96f1b33d,Nick,Thompson,The Goat,http://ufcstats.com/fighter-details/7d3caf0f96f1b33d
9e30f69cc0869301,James,Thompson,The Colossus,http://ufcstats.com/fighter-details/9e30f69cc0869301
dcdd511ff757f15c,Oli,Thompson,,http://ufcstats.com/fighter-details/dcdd511ff757f15c
4a28cb716c19157a,Stephen,Thompson,Wonderboy,http://ufcstats.com/fighter-details/4a28cb716c19157a
a566371ba2ad7152,Josh,Thomson,The Punk,http://ufcstats.com/fighter-details/a566371ba2ad7152
fea8acf9bfcf09ec,Simeon,Thoresen,The Grin,http://ufcstats.com/fighter-details/fea8acf9bfcf09ec
083e15da67d9b0fa,Josh,Thornburg,,http://ufcstats.com/fighter-details/083e15da67d9b0fa
3848cd6cac73e091,Ti,Haitao,,http://ufcstats.com/fighter-details/3848cd6cac73e091
75e5fec9f72910ef,Gleison,Tibau,,http://ufcstats.com/fighter-details/75e5fec9f72910ef
1d1b85389a05df69,Chris,Tickle,BadBoy,http://ufcstats.com/fighter-details/1d1b85389a05df69
9eb069062a0cfc13,Nolan,Ticman,,http://ufcstats.com/fighter-details/9eb069062a0cfc13
9ce6d5a03af801b7,Darren,Till,The Gorilla,http://ufcstats.com/fighter-details/9ce6d5a03af801b7
7b461ccae8270207,Brett,Tillis,,http://ufcstats.com/fighter-details/7b461ccae8270207
c830bc2eb134b646,Rio,Tirto,,http://ufcstats.com/fighter-details/c830bc2eb134b646
0112352cb32f5026,Denis,Tiuliulin,,http://ufcstats.com/fighter-details/0112352cb32f5026
57481f1f10530c61,Ryan,Tobar,,http://ufcstats.com/fighter-details/57481f1f10530c61
d6a8edb7410223a0,Rafael,Tobias,Bipolar,http://ufcstats.com/fighter-details/d6a8edb7410223a0
274ca7b799b402cc,Andrew,Todhunter,The Sniper,http://ufcstats.com/fighter-details/274ca7b799b402cc
866fd7b1a6c90e7f,Dusko,Todorovic,Thunder,http://ufcstats.com/fighter-details/866fd7b1a6c90e7f
3e8118c1ab52f211,Tuco,Tokkos,,http://ufcstats.com/fighter-details/3e8118c1ab52f211
2d5fbe2103f97053,Hideo,Tokoro,,http://ufcstats.com/fighter-details/2d5fbe2103f97053
679ae8c4fd022c6b,Anatoly,Tokov,,http://ufcstats.com/fighter-details/679ae8c4fd022c6b
c4af2feb4b58bc3b,Kazuki,Tokudome,,http://ufcstats.com/fighter-details/c4af2feb4b58bc3b
19f8a2f6eecd92ac,Puja,Tomar,Cyclone,http://ufcstats.com/fighter-details/19f8a2f6eecd92ac
8e893f269d5696b2,Tyler,Toner,,http://ufcstats.com/fighter-details/8e893f269d5696b2
d10b35152277cf98,James,Toney,Lights Out,http://ufcstats.com/fighter-details/d10b35152277cf98
9de7c97e1c0d7927,Masanori,Tonooka,,http://ufcstats.com/fighter-details/9de7c97e1c0d7927
5ee87e0432205755,Carl,Toomey,,http://ufcstats.com/fighter-details/5ee87e0432205755
54f64b5e283b0ce7,Ilia,Topuria,El Matador,http://ufcstats.com/fighter-details/54f64b5e283b0ce7
4a6dff1b260bcf61,Aleksandre,Topuria,El Conquistador,http://ufcstats.com/fighter-details/4a6dff1b260bcf61
918d9d89d4d52acc,Anthony,Torres,The Crush,http://ufcstats.com/fighter-details/918d9d89d4d52acc
33b2f68ef95252e0,Miguel,Torres,,http://ufcstats.com/fighter-details/33b2f68ef95252e0
cce79e827569f26e,Ronys,Torres,,http://ufcstats.com/fighter-details/cce79e827569f26e
1ff10dee2f7ae60c,Haven,Torres,,http://ufcstats.com/fighter-details/1ff10dee2f7ae60c
e4e0f310b3cf23a8,Alex,Torres,Rolo,http://ufcstats.com/fighter-details/e4e0f310b3cf23a8
e175a261a280f7cb,Abram,Torres,,http://ufcstats.com/fighter-details/e175a261a280f7cb
d2036f31c035e0d1,Jose,Torres,Shorty,http://ufcstats.com/fighter-details/d2036f31c035e0d1
971aebf56267de20,Desmond,Torres,,http://ufcstats.com/fighter-details/971aebf56267de20
2e7878927067fdca,Manuel,Torres,El Loco,http://ufcstats.com/fighter-details/2e7878927067fdca
c8d46028907bcece,Eduardo,Torres Caut,Cyborg,http://ufcstats.com/fighter-details/c8d46028907bcece
cbf1c7ba5408a66f,Salim,Touahri,Grizzly,http://ufcstats.com/fighter-details/cbf1c7ba5408a66f
3f7dab21b6c971bc,Dequan,Townsend,The Tarantula,http://ufcstats.com/fighter-details/3f7dab21b6c971bc
04076783ca83d6ae,Minoru,Toyonaga,,http://ufcstats.com/fighter-details/04076783ca83d6ae
ff2ec83f44000f78,Slim,Trabelsi,,http://ufcstats.com/fighter-details/ff2ec83f44000f78
20ec0061400178ca,Roberto,Traven,Spider,http://ufcstats.com/fighter-details/20ec0061400178ca
008cf84faae9c7a5,Bryan,Travers,,http://ufcstats.com/fighter-details/008cf84faae9c7a5
73abb7a5c57fb443,Alexander,Trevino,,http://ufcstats.com/fighter-details/73abb7a5c57fb443
97a6bbe6e6566a94,Francisco,Trevino,Sitkayan,http://ufcstats.com/fighter-details/97a6bbe6e6566a94
0cf9f5518d6063bb,Angelo,Trevino,Baby Monsta,http://ufcstats.com/fighter-details/0cf9f5518d6063bb
d2d37e8eeb3abc8d,Frank,Trigg,Twinkle Toes,http://ufcstats.com/fighter-details/d2d37e8eeb3abc8d
a8283a4f415e1eb9,Francisco,Trinaldo,Massaranduba,http://ufcstats.com/fighter-details/a8283a4f415e1eb9
cb1c09c8126dbee0,Damien,Trites,The Omen,http://ufcstats.com/fighter-details/cb1c09c8126dbee0
5bf31a46becc1204,Michael,Trizano,The Lone Wolf,http://ufcstats.com/fighter-details/5bf31a46becc1204
6d48a2df51749d91,Antonio,Trocoli,Malvado,http://ufcstats.com/fighter-details/6d48a2df51749d91
8abf70f79e9e27c2,Tor,Troeng,The Hammer,http://ufcstats.com/fighter-details/8abf70f79e9e27c2
cc18abc046b382c9,Aaron,Trujillo,,http://ufcstats.com/fighter-details/cc18abc046b382c9
e6b233a007cb06c4,Reynaldo,Trujillo,The Truth,http://ufcstats.com/fighter-details/e6b233a007cb06c4
e14b5aa06eea9653,Abel,Trujillo,Killa,http://ufcstats.com/fighter-details/e14b5aa06eea9653
eae48ff31db420c2,Arman,Tsarukyan,Ahalkalakets,http://ufcstats.com/fighter-details/eae48ff31db420c2
2f43a3e82661fa99,Rei,Tsuruya,,http://ufcstats.com/fighter-details/2f43a3e82661fa99
df05aa15b2d66f57,Chris,Tuchscherer,The Crowbar,http://ufcstats.com/fighter-details/df05aa15b2d66f57
53ec9cb470e1a4ea,Jon,Tuck,Super Saiyan,http://ufcstats.com/fighter-details/53ec9cb470e1a4ea
da816417a579a0bd,Gavin,Tucker,Guv'nor,http://ufcstats.com/fighter-details/da816417a579a0bd
1ed32eaaba9ffe10,Jumabieke,Tuerxun,The Wild Wolf,http://ufcstats.com/fighter-details/1ed32eaaba9ffe10
b9aa7d230865b5fe,Tom,Tuggle,The Law,http://ufcstats.com/fighter-details/b9aa7d230865b5fe
63f8775391301891,Blair,Tugman,,http://ufcstats.com/fighter-details/63f8775391301891
c62fbc117d57b943,Tai,Tuivasa,Bam Bam,http://ufcstats.com/fighter-details/c62fbc117d57b943
aceffa19749c4dc0,Zubaira,Tukhugov,Warrior,http://ufcstats.com/fighter-details/aceffa19749c4dc0
96eff1a628adcc7f,Teila,Tuli,,http://ufcstats.com/fighter-details/96eff1a628adcc7f
9384e71bca6c409d,Marco,Tulio,Matuto,http://ufcstats.com/fighter-details/9384e71bca6c409d
17cb6d8e8187f304,Nyamjargal,Tumendemberel,Art of Knockout,http://ufcstats.com/fighter-details/17cb6d8e8187f304
ff6a1f63c254127e,Albert,Tumenov,Einstein,http://ufcstats.com/fighter-details/ff6a1f63c254127e
cd3d7e37ff2d679c,Ricky,Turcios,,http://ufcstats.com/fighter-details/cd3d7e37ff2d679c
82529ce93cd9a2cf,Anton,Turkalj,The Pleasure Man,http://ufcstats.com/fighter-details/82529ce93cd9a2cf
4dcfb28c011c11b2,Wellington,Turman,The Prodigy,http://ufcstats.com/fighter-details/4dcfb28c011c11b2
56f4b81ec4db61af,Courtney,Turner,,http://ufcstats.com/fighter-details/56f4b81ec4db61af
4d8fa64202cee4c1,Jalin,Turner,The Tarantula,http://ufcstats.com/fighter-details/4d8fa64202cee4c1
885adaff8fe15cf7,Austin,Tweedy,,http://ufcstats.com/fighter-details/885adaff8fe15cf7
c9cf753cfdf77fc2,Marcin,Tybura,Tybur,http://ufcstats.com/fighter-details/c9cf753cfdf77fc2
cb680d85b84cbfd9,Raphael,Uchegbu,,http://ufcstats.com/fighter-details/cb680d85b84cbfd9
1d76f07ffdd765c2,Takeru,Uchida,,http://ufcstats.com/fighter-details/1d76f07ffdd765c2
8f2deefe8c5dfb5d,Alberto,Uda,,http://ufcstats.com/fighter-details/8f2deefe8c5dfb5d
bcd124bcd3d5be46,Ryuki,Ueyama,,http://ufcstats.com/fighter-details/bcd124bcd3d5be46
10ccf4ec9913cadc,Christian,Uflacker,,http://ufcstats.com/fighter-details/10ccf4ec9913cadc
4a1a492f299581d9,Andy,Uhrich,,http://ufcstats.com/fighter-details/4a1a492f299581d9
f00ac08ab056af5d,Tagir,Ulanbekov,,http://ufcstats.com/fighter-details/f00ac08ab056af5d
9014c02eff8b3d62,Carlos,Ulberg,Black Jag,http://ufcstats.com/fighter-details/9014c02eff8b3d62
7a39bbac8cc0fa70,Gasan,Umalatov,Cobra,http://ufcstats.com/fighter-details/7a39bbac8cc0fa70
4793a2d90f5ab8ae,Jeremy,Umphries,,http://ufcstats.com/fighter-details/4793a2d90f5ab8ae
1e310618d02ff93b,Zach,Underwood,,http://ufcstats.com/fighter-details/1e310618d02ff93b
eb1723480fa2f96c,Caol,Uno,Uno Shoten,http://ufcstats.com/fighter-details/eb1723480fa2f96c
58258914525740a5,Kengo,Ura,Uraken,http://ufcstats.com/fighter-details/58258914525740a5
5e23f30e9c6ed74e,Logan,Urban,Hulk,http://ufcstats.com/fighter-details/5e23f30e9c6ed74e
4b8fb0453a596b8e,Hector,Urbina,El Toro,http://ufcstats.com/fighter-details/4b8fb0453a596b8e
47fcdcaccb58ca80,Elias,Urbina,,http://ufcstats.com/fighter-details/47fcdcaccb58ca80
b12fb759e02378de,Gilbert,Urbina,The RGV Bad Boy,http://ufcstats.com/fighter-details/b12fb759e02378de
4252b09f0c8c4472,Guilherme,Uriel,Urso,http://ufcstats.com/fighter-details/4252b09f0c8c4472
e78c4c3d329c531b,Nick,Urso,,http://ufcstats.com/fighter-details/e78c4c3d329c531b
c34e5849184b08c3,Yasuhiro,Urushitani,,http://ufcstats.com/fighter-details/c34e5849184b08c3
fe30c5f5cc3e028b,Sho Patrick,Usami,Savage,http://ufcstats.com/fighter-details/fe30c5f5cc3e028b
f1b2aa7853d1ed6e,Kamaru,Usman,The Nigerian Nightmare,http://ufcstats.com/fighter-details/f1b2aa7853d1ed6e
da7f113b5ea39c43,Mohammed,Usman,The Motor,http://ufcstats.com/fighter-details/da7f113b5ea39c43
6546af7ab545b90c,Darren,Uyenoyama,BC,http://ufcstats.com/fighter-details/6546af7ab545b90c
54578e5927adea53,Richie,Vaculik,Vas,http://ufcstats.com/fighter-details/54578e5927adea53
0d1190beced94f7c,Rashid,Vagabov,,http://ufcstats.com/fighter-details/0d1190beced94f7c
43e549b803ec7375,Artem,Vakhitov,,http://ufcstats.com/fighter-details/43e549b803ec7375
fc1868f56d3036eb,Egidijus,Valavicius,,http://ufcstats.com/fighter-details/fc1868f56d3036eb
cda1099995b46cc2,Genaro,Valdez,Rayadito,http://ufcstats.com/fighter-details/cda1099995b46cc2
8a0be41c0380188d,Charlie,Valencia,,http://ufcstats.com/fighter-details/8a0be41c0380188d
0cd0456d6029cec2,Robert,Valentin,Robzilla,http://ufcstats.com/fighter-details/0cd0456d6029cec2
de277a4abcfeea46,Victor,Valenzuela,Joe Boxer,http://ufcstats.com/fighter-details/de277a4abcfeea46
45b82ebf0b9e0fd2,Ivan,Valenzuela,Bam Bam,http://ufcstats.com/fighter-details/45b82ebf0b9e0fd2
45e738622ea2c02c,Timur,Valiev,Lucky,http://ufcstats.com/fighter-details/45e738622ea2c02c
663b76da637402c3,Victor,Valimaki,The Matrix,http://ufcstats.com/fighter-details/663b76da637402c3
2a898bf9fb7710b3,Andrew,Valladerez,,http://ufcstats.com/fighter-details/2a898bf9fb7710b3
239d8e5359022f3b,Kevin,Vallejos,El Chino,http://ufcstats.com/fighter-details/239d8e5359022f3b
c295de4e10acd4c9,Isaac,Vallie-Flagg,,http://ufcstats.com/fighter-details/c295de4e10acd4c9
17e97649403ba428,Joshua,Van,The Fearless,http://ufcstats.com/fighter-details/17e97649403ba428
2ee09ec2a0695eb9,Mike,van Arsdale,,http://ufcstats.com/fighter-details/2ee09ec2a0695eb9
7b39035fae7268b8,Matt,Van Buren,Gutter,http://ufcstats.com/fighter-details/7b39035fae7268b8
23ab42947c1990e3,Ron,van Clief,The Black Dragon,http://ufcstats.com/fighter-details/23ab42947c1990e3
02177caefe7c07d4,Lloyd,Van Dams,,http://ufcstats.com/fighter-details/02177caefe7c07d4
f6bbc6ba4f06ad60,Alain,Van der Merckt,Top Boy,http://ufcstats.com/fighter-details/f6bbc6ba4f06ad60
87e2468b986ebb79,Cameron,VanCamp,Jumpman,http://ufcstats.com/fighter-details/87e2468b986ebb79
26d61e92a6069cd2,Chad,Vance,,http://ufcstats.com/fighter-details/26d61e92a6069cd2
2b68d9f125d07b42,Jared,Vanderaa,,http://ufcstats.com/fighter-details/2b68d9f125d07b42
32c3ee378671a5d9,Austin,Vanderford,,http://ufcstats.com/fighter-details/32c3ee378671a5d9
f9b200db02b488d9,Lando,Vannata,Groovy,http://ufcstats.com/fighter-details/f9b200db02b488d9
4d5197f331c47290,Paige,VanZant,12 Gauge,http://ufcstats.com/fighter-details/4d5197f331c47290
07a18ae55dfc3cd9,Paul,Varelans,The Polar Bear,http://ufcstats.com/fighter-details/07a18ae55dfc3cd9
ec18eb918121787c,Kazula,Vargas,,http://ufcstats.com/fighter-details/ec18eb918121787c
a54fc2d6fc224dc3,Jamie,Varner,,http://ufcstats.com/fighter-details/a54fc2d6fc224dc3
d6d5da3c209884bc,Guilherme,Vasconcelos,Bomba,http://ufcstats.com/fighter-details/d6d5da3c209884bc
a148dfe3485be79d,Linton,Vassell,The Swarm,http://ufcstats.com/fighter-details/a148dfe3485be79d
61428ed51f5ff465,Billy,Vaughan,,http://ufcstats.com/fighter-details/61428ed51f5ff465
4679a38cced7c64a,Yuri,Vaulin,,http://ufcstats.com/fighter-details/4679a38cced7c64a
be5cfd73617a5b1a,Javier,Vazquez,Showtime,http://ufcstats.com/fighter-details/be5cfd73617a5b1a
8d4d25fd9218860b,Manny,Vazquez,,http://ufcstats.com/fighter-details/8d4d25fd9218860b
5731cc327790b731,Matt,Veach,,http://ufcstats.com/fighter-details/5731cc327790b731
d35c3ed553b71fa2,Joe,Vedepo,The Doctor,http://ufcstats.com/fighter-details/d35c3ed553b71fa2
93c9897f0f9f5dab,Kelly,Velasco,Killer,http://ufcstats.com/fighter-details/93c9897f0f9f5dab
34a81ebbce32b06b,Greg,Velasco,The Viking King,http://ufcstats.com/fighter-details/34a81ebbce32b06b
0ff11cc094e887bc,Cain,Velasquez,,http://ufcstats.com/fighter-details/0ff11cc094e887bc
09c44b317c98bf96,David,Velasquez,Little,http://ufcstats.com/fighter-details/09c44b317c98bf96
fcce75a25c14a804,Bojan,Velickovic,Serbian Steel,http://ufcstats.com/fighter-details/fcce75a25c14a804
d23ccf4a6c221284,Karlos,Vemola,,http://ufcstats.com/fighter-details/d23ccf4a6c221284
2f1a257d6777096d,Luigi,Vendramini,The Italian Stallion,http://ufcstats.com/fighter-details/2f1a257d6777096d
602bb270f2bdbf02,Jerrel,Venetiaan,,http://ufcstats.com/fighter-details/602bb270f2bdbf02
6e62bb64f7cc5026,Scott,Ventimiglia,Meant to Kill Ya,http://ufcstats.com/fighter-details/6e62bb64f7cc5026
fa315e6c77eee106,Brandon,Vera,The Truth,http://ufcstats.com/fighter-details/fa315e6c77eee106
df0a1c1e11ad199b,Kerry,Vera,,http://ufcstats.com/fighter-details/df0a1c1e11ad199b
7c7332319c14094c,Marlon,Vera,Chito,http://ufcstats.com/fighter-details/7c7332319c14094c
07f959e6596307bb,Carlos,Vera,Pequeno,http://ufcstats.com/fighter-details/07f959e6596307bb
d6f58b8cd1a6ff52,Isis,Verbeek,Fight Queen,http://ufcstats.com/fighter-details/d6f58b8cd1a6ff52
2b1587a3376ab743,Ernie,Verdicia,,http://ufcstats.com/fighter-details/2b1587a3376ab743
c6d8ae3b016d5ad5,Joe,Veres,,http://ufcstats.com/fighter-details/c6d8ae3b016d5ad5
0f1efce7d2571d10,Nikolay,Veretennikov,,http://ufcstats.com/fighter-details/0f1efce7d2571d10
077e3ace32b72be9,CJ,Vergara,,http://ufcstats.com/fighter-details/077e3ace32b72be9
c24b1db4b809d41b,Renato,Verissimo,Charuto,http://ufcstats.com/fighter-details/c24b1db4b809d41b
13a0fb8fbdafb54f,Bryan,Vetell,,http://ufcstats.com/fighter-details/13a0fb8fbdafb54f
7acbb0972e75281a,Marvin,Vettori,The Italian Dream,http://ufcstats.com/fighter-details/7acbb0972e75281a
f95381efb3051d81,Hugo,Viana,Wolverine,http://ufcstats.com/fighter-details/f95381efb3051d81
393b8e03fb410a78,Guilherme,Viana,,http://ufcstats.com/fighter-details/393b8e03fb410a78
9673a497a9da119a,Polyana,Viana,Dama de Ferro,http://ufcstats.com/fighter-details/9673a497a9da119a
744f50016c39c26c,Vitor,Vianna,,http://ufcstats.com/fighter-details/744f50016c39c26c
6256b2b1562cb8e1,James,Vick,The Texecutioner,http://ufcstats.com/fighter-details/6256b2b1562cb8e1
4f3064faf17aa711,Tamires,Vidal,Tractor,http://ufcstats.com/fighter-details/4f3064faf17aa711
7cf20446453f852b,Milton,Vieira,Miltinho,http://ufcstats.com/fighter-details/7cf20446453f852b
f9081770e28ea2e1,Reginaldo,Vieira,,http://ufcstats.com/fighter-details/f9081770e28ea2e1
b9706f80d005036c,Ketlen,Vieira,Fenomeno,http://ufcstats.com/fighter-details/b9706f80d005036c
260e9e0d4954aea6,Rodolfo,Vieira,,http://ufcstats.com/fighter-details/260e9e0d4954aea6
6888e31ce88f5b17,Steve,Vigneault,Lionheart,http://ufcstats.com/fighter-details/6888e31ce88f5b17
2e88f2030d8a928a,Alejandro,Villalobos,,http://ufcstats.com/fighter-details/2e88f2030d8a928a
0275e33febc2818c,DeMarco,Villalona,,http://ufcstats.com/fighter-details/0275e33febc2818c
fcd448a2fe1a23cc,Gian,Villante,,http://ufcstats.com/fighter-details/fcd448a2fe1a23cc
f9d0cae37dabfafc,Ike,Villanueva,Hurricane,http://ufcstats.com/fighter-details/f9d0cae37dabfafc
39f68882def7a507,Ruben,Villareal,Warpath,http://ufcstats.com/fighter-details/39f68882def7a507
454c1f0b638972ab,Armando,Villarreal,La Lumbre,http://ufcstats.com/fighter-details/454c1f0b638972ab
34f93dfbd43b2144,Pablo,Villaseca,El Gallo,http://ufcstats.com/fighter-details/34f93dfbd43b2144
15515e797aedc137,Joey,Villasenor,Smokin' Joe,http://ufcstats.com/fighter-details/15515e797aedc137
fd87b1bbfcde9d5e,Danillo,Villefort,Indio,http://ufcstats.com/fighter-details/fd87b1bbfcde9d5e
0fb1e2694a39a02f,Yuri,Villefort,,http://ufcstats.com/fighter-details/0fb1e2694a39a02f
e363b21261814830,Marcos,Vinicius,Vina,http://ufcstats.com/fighter-details/e363b21261814830
7c4ec656d8fcb867,Brandon,Visher,The Viper,http://ufcstats.com/fighter-details/7c4ec656d8fcb867
445a98acb8985970,Falaniko,Vitale,Niko,http://ufcstats.com/fighter-details/445a98acb8985970
4959f10a62f3fec3,Cheyanne,Vlismas,The Warrior Princess,http://ufcstats.com/fighter-details/4959f10a62f3fec3
fb8a3025ae722e64,Bobby,Voelker,Vicious,http://ufcstats.com/fighter-details/fb8a3025ae722e64
90b57b19d20e1969,Mateo,Vogel,Carrapato,http://ufcstats.com/fighter-details/90b57b19d20e1969
d73a7c36746fbc5b,Danylo,Voievodkin,,http://ufcstats.com/fighter-details/d73a7c36746fbc5b
e1248941344b3288,Alexander,Volkanovski,The Great,http://ufcstats.com/fighter-details/e1248941344b3288
6f81b6de2557739a,Jacob,Volkmann,Christmas,http://ufcstats.com/fighter-details/6f81b6de2557739a
279566840aa55bf2,Alexander,Volkov,Drago,http://ufcstats.com/fighter-details/279566840aa55bf2
0e6b611451a9a7d8,Mark,Vologdin,,http://ufcstats.com/fighter-details/0e6b611451a9a7d8
c4b9296214f4c09c,Jason,Von Flue,Live Wire,http://ufcstats.com/fighter-details/c4b9296214f4c09c
277ffed20cf07aea,Milco,Voorn,,http://ufcstats.com/fighter-details/277ffed20cf07aea
ef0344ed552d8a22,Mark,Vorgeas,,http://ufcstats.com/fighter-details/ef0344ed552d8a22
7929be8290289a47,Igor,Vovchanchyn,Ice Cold,http://ufcstats.com/fighter-details/7929be8290289a47
6d38e41efa47a72d,Jordan,Vucenic,The Epidemic,http://ufcstats.com/fighter-details/6d38e41efa47a72d
6291decf7f3b6608,James,Wade,,http://ufcstats.com/fighter-details/6291decf7f3b6608
c8097968da5e5f13,Chris,Wade,,http://ufcstats.com/fighter-details/c8097968da5e5f13
6b7bc7eaf2465387,Neil,Wain,Old School,http://ufcstats.com/fighter-details/6b7bc7eaf2465387
8f2939f5fd9cca1e,TJ,Waldburger,,http://ufcstats.com/fighter-details/8f2939f5fd9cca1e
aeb6c57b9bd8bc3a,Chase,Waldon,,http://ufcstats.com/fighter-details/aeb6c57b9bd8bc3a
18944a1a6ac1becf,Andre,Walker,,http://ufcstats.com/fighter-details/18944a1a6ac1becf
bd92e38aef641673,Herschel,Walker,,http://ufcstats.com/fighter-details/bd92e38aef641673
e6147d5ab3685899,Donny,Walker,Eagle Eye,http://ufcstats.com/fighter-details/e6147d5ab3685899
c21f26bbde777573,Johnny,Walker,,http://ufcstats.com/fighter-details/c21f26bbde777573
4333a8e70a672eb7,Brogan,Walker,The Bear,http://ufcstats.com/fighter-details/4333a8e70a672eb7
f5779a2303ed76ec,Valter,Walker,The Clean Monster,http://ufcstats.com/fighter-details/f5779a2303ed76ec
6add18754930182b,Julius,Walker,Juice Box,http://ufcstats.com/fighter-details/6add18754930182b
1ad381c8994c4e5b,Ben,Wall,Manimal,http://ufcstats.com/fighter-details/1ad381c8994c4e5b
bf41b5131545da12,Crafton,Wallace,Blaze,http://ufcstats.com/fighter-details/bf41b5131545da12
b9415726dc3ec526,Rodney,Wallace,Shonuff the Master,http://ufcstats.com/fighter-details/b9415726dc3ec526
b87c3f460709f74c,Jeremy,Wallace,,http://ufcstats.com/fighter-details/b87c3f460709f74c
95cf6be9071e68b0,Randall,Wallace,Braveheart,http://ufcstats.com/fighter-details/95cf6be9071e68b0
4078de7181a19142,James,Wallace,Jesse,http://ufcstats.com/fighter-details/4078de7181a19142
0c670b443c3d269f,Jim,Wallhead,Judo,http://ufcstats.com/fighter-details/0c670b443c3d269f
83c6c3e0f8bde8ee,Cory,Walmsley,Hardcore,http://ufcstats.com/fighter-details/83c6c3e0f8bde8ee
303a05a7aa3ff761,Richard,Walsh,Filthy Rich,http://ufcstats.com/fighter-details/303a05a7aa3ff761
b4c96c3d9139bf0e,Patrick,Walsh,The Beast of the East,http://ufcstats.com/fighter-details/b4c96c3d9139bf0e
d57e6a8971b6d2bd,Erick,Wanderlei,,http://ufcstats.com/fighter-details/d57e6a8971b6d2bd
a1d6b308781aa2f5,Dimitiri,Wanderley,,http://ufcstats.com/fighter-details/a1d6b308781aa2f5
476414d2f18cd059,Andy,Wang,,http://ufcstats.com/fighter-details/476414d2f18cd059
efb9a43415a56d34,Sai,Wang,The Fire Kylin,http://ufcstats.com/fighter-details/efb9a43415a56d34
69e8c632135af48b,Anying,Wang,,http://ufcstats.com/fighter-details/69e8c632135af48b
2997e7fe3c9d3d4a,Wang,Cong,The Joker,http://ufcstats.com/fighter-details/2997e7fe3c9d3d4a
d538f13ab21d9633,Joshua,Wang-Kim,Twin Dragon,http://ufcstats.com/fighter-details/d538f13ab21d9633
2721bb808bb2523c,Curt,Warburton,,http://ufcstats.com/fighter-details/2721bb808bb2523c
67cd6495280b0a57,Brennan,Ward,The Irish Bad Boy,http://ufcstats.com/fighter-details/67cd6495280b0a57
e81dd0bb8a64b550,Charlie,Ward,,http://ufcstats.com/fighter-details/e81dd0bb8a64b550
ba5e253af86db1a8,Terrion,Ware,Flash,http://ufcstats.com/fighter-details/ba5e253af86db1a8
c0c1bc0766df4c00,Joe,Warren,,http://ufcstats.com/fighter-details/c0c1bc0766df4c00
c4c4c7dd26c15d91,Brian,Warren,Mr. Unbreakable,http://ufcstats.com/fighter-details/c4c4c7dd26c15d91
1e47dba648ea438c,Merritt,Warren,,http://ufcstats.com/fighter-details/1e47dba648ea438c
8a19676a3388845a,Idris,Wasi,,http://ufcstats.com/fighter-details/8a19676a3388845a
2abe38b81d68a24a,Kengo,Watanabe,,http://ufcstats.com/fighter-details/2abe38b81d68a24a
951ffadfc4e917ea,Kazuhisa,Watanabe,,http://ufcstats.com/fighter-details/951ffadfc4e917ea
efaf544314bb5c2e,Ron,Waterman,H20,http://ufcstats.com/fighter-details/efaf544314bb5c2e
103e2e67919379c5,Andy,Waters,,http://ufcstats.com/fighter-details/103e2e67919379c5
2de91c2244ad7e89,Dominic,Waters,Sho Nuff,http://ufcstats.com/fighter-details/2de91c2244ad7e89
31dbfbe4e7a6727c,Trey,Waters,The Truth,http://ufcstats.com/fighter-details/31dbfbe4e7a6727c
eb04b9d31e938edb,Michelle,Waterson-Gomez,The Karate Hottie,http://ufcstats.com/fighter-details/eb04b9d31e938edb
1836639ecf9b6e7f,Sam,Watford,,http://ufcstats.com/fighter-details/1836639ecf9b6e7f
117580b232409824,Blake,Watkins,,http://ufcstats.com/fighter-details/117580b232409824
d7b2c0b53883ee80,Kyle,Watson,,http://ufcstats.com/fighter-details/d7b2c0b53883ee80
a31dfd9e8b2dc6ca,Maka,Watson,,http://ufcstats.com/fighter-details/a31dfd9e8b2dc6ca
92aafa8f4b26269b,Walel,Watson,The Gazelle,http://ufcstats.com/fighter-details/92aafa8f4b26269b
6809c31286b08d97,Tom,Watson,Kong,http://ufcstats.com/fighter-details/6809c31286b08d97
a99d4aa689bdca18,Enrique,Watson,,http://ufcstats.com/fighter-details/a99d4aa689bdca18
7c9f96f9a6a5cd50,Brok,Weaver,Chata Tuska,http://ufcstats.com/fighter-details/7c9f96f9a6a5cd50
f40ec51dd4de47c3,Jonavin,Webb,The Spyder,http://ufcstats.com/fighter-details/f40ec51dd4de47c3
d44a84409bf0da64,Stephanie,Webber,,http://ufcstats.com/fighter-details/d44a84409bf0da64
b9c03e7a4557e542,Royston,Wee,,http://ufcstats.com/fighter-details/b9c03e7a4557e542
326a001926ffb7ec,Darian,Weeks,,http://ufcstats.com/fighter-details/326a001926ffb7ec
69888118d968ba52,Joshua,Weems,Wide Open,http://ufcstats.com/fighter-details/69888118d968ba52
7b9dade6bedaabbe,Daniel,Weichel,The Weasel,http://ufcstats.com/fighter-details/7b9dade6bedaabbe
3a8176e15b9887c1,Chris,Weidman,The All-American,http://ufcstats.com/fighter-details/3a8176e15b9887c1
9ccdd2ce45903f34,Mark,Weir,The Wizard,http://ufcstats.com/fighter-details/9ccdd2ce45903f34
f1b2a4365799c48b,Christian,Wellisch,The Hungarian Nightmare,http://ufcstats.com/fighter-details/f1b2a4365799c48b
2e45d08b3f2f02c8,Malcolm,Wellmaker,The Machine,http://ufcstats.com/fighter-details/2e45d08b3f2f02c8
d66a46de8d705353,Jeremiah,Wells,,http://ufcstats.com/fighter-details/d66a46de8d705353
492b202d2064e7a9,Fabricio,Werdum,Vai Cavalo,http://ufcstats.com/fighter-details/492b202d2064e7a9
b51841e7c594090d,Mike,Wessel,Juggernaut,http://ufcstats.com/fighter-details/b51841e7c594090d
5f5763b3a4de8dd4,Dustin,West,,http://ufcstats.com/fighter-details/5f5763b3a4de8dd4
ec2d13a87d3d9541,Sheldon,Westcott,,http://ufcstats.com/fighter-details/ec2d13a87d3d9541
1ce7998e0a215caa,Aaron,Wetherspoon,Slam,http://ufcstats.com/fighter-details/1ce7998e0a215caa
e57f0b06ea39e360,Coty,Wheeler,Ox,http://ufcstats.com/fighter-details/e57f0b06ea39e360
12458872d6afae1b,Vernon,White,Tiger,http://ufcstats.com/fighter-details/12458872d6afae1b
d181689653115b6a,Steve,White,,http://ufcstats.com/fighter-details/d181689653115b6a
c17041f1bb5768d8,Alex,White,The Spartan,http://ufcstats.com/fighter-details/c17041f1bb5768d8
3dd949593346dbc3,Craig,White,The Thundercat,http://ufcstats.com/fighter-details/3dd949593346dbc3
4debc6c4c6249690,Patrik,White,Primetime,http://ufcstats.com/fighter-details/4debc6c4c6249690
1dafccb62a0f98ec,Robert,Whiteford,The Hammer,http://ufcstats.com/fighter-details/1dafccb62a0f98ec
22d1e00e1aabb7c9,Mike,Whitehead,,http://ufcstats.com/fighter-details/22d1e00e1aabb7c9
129537073431e52e,Garett,Whiteley,Goodnight,http://ufcstats.com/fighter-details/129537073431e52e
b6debbda44d4a5a0,Mitch,Whitesel,,http://ufcstats.com/fighter-details/b6debbda44d4a5a0
b3d21b2610dcfaeb,Emily,Whitmire,Spitfire,http://ufcstats.com/fighter-details/b3d21b2610dcfaeb
e1147d3d2dabe1ce,Robert,Whittaker,The Reaper,http://ufcstats.com/fighter-details/e1147d3d2dabe1ce
13935768cf8aeb86,Josh,Wick,The White Mamba,http://ufcstats.com/fighter-details/13935768cf8aeb86
efa1f6b42c86793c,Adam,Wieczorek,Siwy,http://ufcstats.com/fighter-details/efa1f6b42c86793c
a6c2f5381d575920,Orlando,Wiet,The Gladiator,http://ufcstats.com/fighter-details/a6c2f5381d575920
60884f31ead1609c,Jonathan,Wiezorek,,http://ufcstats.com/fighter-details/60884f31ead1609c
6902fcf0610dd303,Jakub,Wiklacz,Masa,http://ufcstats.com/fighter-details/6902fcf0610dd303
4a482a0100cfcd0a,Justin,Wilcox,Silverback,http://ufcstats.com/fighter-details/4a482a0100cfcd0a
781014fb7e8e647a,Joe,Wilk,The Nose,http://ufcstats.com/fighter-details/781014fb7e8e647a
338a11d3674eb2d4,Aaron,Wilkinson,The Daywalker,http://ufcstats.com/fighter-details/338a11d3674eb2d4
cfaf010d5b389c09,Mike,Wilkinson,The Warrior,http://ufcstats.com/fighter-details/cfaf010d5b389c09
826475cc758e60e6,Rob,Wilkinson,Razor,http://ufcstats.com/fighter-details/826475cc758e60e6
852454c572675334,James,Wilks,Lightning,http://ufcstats.com/fighter-details/852454c572675334
b63e800c18e011b5,Tedd,Williams,,http://ufcstats.com/fighter-details/b63e800c18e011b5
6291ac0a3726732f,Pete,Williams,El Duro,http://ufcstats.com/fighter-details/6291ac0a3726732f
6f812143641ceff8,Rubin,Williams,Mr. Hollywood,http://ufcstats.com/fighter-details/6f812143641ceff8
b8e2f10efb6eca85,Carter,Williams,The Beast,http://ufcstats.com/fighter-details/b8e2f10efb6eca85
39330403ad27c2bb,Patrick,Williams,The Animal,http://ufcstats.com/fighter-details/39330403ad27c2bb
990bd63726a577f8,Tim,Williams,The South Jersey Strangler,http://ufcstats.com/fighter-details/990bd63726a577f8
e26bd53b751d61d9,Jordan,Williams,Bomaye,http://ufcstats.com/fighter-details/e26bd53b751d61d9
f9a20a17d712ef7c,Cole,Williams,Havoc,http://ufcstats.com/fighter-details/f9a20a17d712ef7c
2558ae2e5671e318,Khaos,Williams,The OxFighter,http://ufcstats.com/fighter-details/2558ae2e5671e318
d35f734c56a89103,Karl,Williams,,http://ufcstats.com/fighter-details/d35f734c56a89103
95883dbdab4fcf0f,Karl,Willis,,http://ufcstats.com/fighter-details/95883dbdab4fcf0f
ce1e867808ef5fce,Justin,Willis,Big Pretty,http://ufcstats.com/fighter-details/ce1e867808ef5fce
a56607a451e4c70d,Chris,Wilson,The Professor,http://ufcstats.com/fighter-details/a56607a451e4c70d
9cc84087ee768342,Greg,Wilson,,http://ufcstats.com/fighter-details/9cc84087ee768342
cd01f0b768a32475,Jonathan,Wilson,Johnny Bravo,http://ufcstats.com/fighter-details/cd01f0b768a32475
b8e6393c39cb9740,Sean,Wilson,P-Town,http://ufcstats.com/fighter-details/b8e6393c39cb9740
7b3503352cd53abb,Westin,Wilson,,http://ufcstats.com/fighter-details/7b3503352cd53abb
81254702b51cc832,Damon,Wilson,The Nomad,http://ufcstats.com/fighter-details/81254702b51cc832
eb29176b03dfa888,Matt,Wiman,,http://ufcstats.com/fighter-details/eb29176b03dfa888
fc9a9559a05f2704,Eddie,Wineland,,http://ufcstats.com/fighter-details/fc9a9559a05f2704
483a953b18d73bb3,Deron,Winn,,http://ufcstats.com/fighter-details/483a953b18d73bb3
b45d6b73f4ca4467,Andre,Winner,,http://ufcstats.com/fighter-details/b45d6b73f4ca4467
53f84637dfffab7a,Eric,Wisely,Little Lee,http://ufcstats.com/fighter-details/53f84637dfffab7a
cd12227edd3f134b,Keith,Wisniewski,The Polish Connection,http://ufcstats.com/fighter-details/cd12227edd3f134b
5f3805dda9661cba,Jason,Witt,The Vanilla Gorilla,http://ufcstats.com/fighter-details/5f3805dda9661cba
7f9f528cb72a6ed1,Travis,Wiuff,The Diesel,http://ufcstats.com/fighter-details/7f9f528cb72a6ed1
ea0ad155451ed1f5,Ray,Wizard,,http://ufcstats.com/fighter-details/ea0ad155451ed1f5
b99b3620839ea911,Karolina,Wojcik,Polish Assassin,http://ufcstats.com/fighter-details/b99b3620839ea911
a7e3f02fe2b2fe30,Danyelle,Wolf,,http://ufcstats.com/fighter-details/a7e3f02fe2b2fe30
aa79d5399571068e,Brandon,Wolff,,http://ufcstats.com/fighter-details/aa79d5399571068e
daa89f01e1c0f42a,Xue Do,Won,,http://ufcstats.com/fighter-details/daa89f01e1c0f42a
12f91bfa8f1f723b,Joanne,Wood,JoJo,http://ufcstats.com/fighter-details/12f91bfa8f1f723b
329e403448756217,Nathaniel,Wood,The Prospect,http://ufcstats.com/fighter-details/329e403448756217
7a47e068f8017019,Val,Woodburn,The Animal,http://ufcstats.com/fighter-details/7a47e068f8017019
effd9de9937996f8,Tyron,Woodley,The Chosen One,http://ufcstats.com/fighter-details/effd9de9937996f8
8de471543d9c933e,Salvador,Woods,,http://ufcstats.com/fighter-details/8de471543d9c933e
133a9d2e6efd8a50,Logan,Woods,One Hit,http://ufcstats.com/fighter-details/133a9d2e6efd8a50
4682bc59d5f55145,Sean,Woodson,The Sniper,http://ufcstats.com/fighter-details/4682bc59d5f55145
de3ed2e152520c8d,Cal,Worsham,,http://ufcstats.com/fighter-details/de3ed2e152520c8d
8fb808fc2e145bd6,Hunter,Worsham,The Future,http://ufcstats.com/fighter-details/8fb808fc2e145bd6
78e501478a36a018,Khama,Worthy,The Death Star,http://ufcstats.com/fighter-details/78e501478a36a018
eb6edce3028f05c0,Eric,Wray,,http://ufcstats.com/fighter-details/eb6edce3028f05c0
e78f601035d677f2,Justin,Wren,The Viking,http://ufcstats.com/fighter-details/e78f601035d677f2
2a0b19a96f848eff,JW,Wright,,http://ufcstats.com/fighter-details/2a0b19a96f848eff
7182146226dabe22,Chris,Wright,,http://ufcstats.com/fighter-details/7182146226dabe22
c878270af633eb11,Jordan,Wright,The Beverly Hills Ninja,http://ufcstats.com/fighter-details/c878270af633eb11
aac6edb0d5e0b7e9,Marcin,Wrzosek,The Polish Zombie,http://ufcstats.com/fighter-details/aac6edb0d5e0b7e9
fdbefee0827e1567,Wu,Yanan,Mulan,http://ufcstats.com/fighter-details/fdbefee0827e1567
2296125b6c362355,,Wulijiburen,Beast Master,http://ufcstats.com/fighter-details/2296125b6c362355
2d077e22886298be,Wuziazibieke,Jiahefu,Prairie Kitty,http://ufcstats.com/fighter-details/2d077e22886298be
e6dac752a2418a88,Rubens,Xavier,Macula,http://ufcstats.com/fighter-details/e6dac752a2418a88
86bace9e4ad85542,Xiao,Long,,http://ufcstats.com/fighter-details/86bace9e4ad85542
e415ea6f8d41c917,Xie,Bin,The Stalker,http://ufcstats.com/fighter-details/e415ea6f8d41c917
85248da6e9e2f7e7,Jamie,Yager,The Chosyn 1,http://ufcstats.com/fighter-details/85248da6e9e2f7e7
cc84b68f862b466f,Eddie,Yagin,The Filipino Phenom,http://ufcstats.com/fighter-details/cc84b68f862b466f
94527830000ab715,Rani,Yahya,,http://ufcstats.com/fighter-details/94527830000ab715
3753714927f18437,Mohammad,Yahya,The UAE Warrior,http://ufcstats.com/fighter-details/3753714927f18437
95aff2fd8d09a5f0,Abdul-Rakhman,Yakhyaev,Hunter,http://ufcstats.com/fighter-details/95aff2fd8d09a5f0
d06f8869449ba7bd,Alexander,Yakovlev,Russian Thunder,http://ufcstats.com/fighter-details/d06f8869449ba7bd
6014d25e73b669c9,Keiichiro,Yamamiya,,http://ufcstats.com/fighter-details/6014d25e73b669c9
9f488f520ed25bbf,Kenichi,Yamamoto,,http://ufcstats.com/fighter-details/9f488f520ed25bbf
eed2b71d77d95416,Yoshihisa,Yamamoto,,http://ufcstats.com/fighter-details/eed2b71d77d95416
351264d11286d09a,Atsushi,Yamamoto,,http://ufcstats.com/fighter-details/351264d11286d09a
4834ff149dc9542a,Norifumi,Yamamoto,Kid,http://ufcstats.com/fighter-details/4834ff149dc9542a
283645128ae57eda,Hiroko,Yamanaka,Cat's Eye,http://ufcstats.com/fighter-details/283645128ae57eda
9e1a7101fefe9746,Goiti,Yamauchi,,http://ufcstats.com/fighter-details/9e1a7101fefe9746
d8bf3df51ff3a270,Wataru,Yamauchi,,http://ufcstats.com/fighter-details/d8bf3df51ff3a270
d1d20e651e6cbc02,Takeshi,Yamazaki,,http://ufcstats.com/fighter-details/d1d20e651e6cbc02
c41d426cc7326d1b,Yan,Xiaonan,,http://ufcstats.com/fighter-details/c41d426cc7326d1b
d661ce4da776fc20,Petr,Yan,No Mercy,http://ufcstats.com/fighter-details/d661ce4da776fc20
5c9c2e247c836b67,Yan,Qihui,Queen Kong,http://ufcstats.com/fighter-details/5c9c2e247c836b67
0a95c474e61a6c44,Adam,Yandiev,Boroda,http://ufcstats.com/fighter-details/0a95c474e61a6c44
0232cabbc30a2372,Adrian,Yanez,,http://ufcstats.com/fighter-details/0232cabbc30a2372
aed06011bf62237b,Dongi,Yang,The Ox,http://ufcstats.com/fighter-details/aed06011bf62237b
d3c554d6e11fc9d6,Jianping,Yang,,http://ufcstats.com/fighter-details/d3c554d6e11fc9d6
450bcab0968562c4,John,Yannis,,http://ufcstats.com/fighter-details/450bcab0968562c4
d56caaa5e123f518,Masutatsu,Yano,,http://ufcstats.com/fighter-details/d56caaa5e123f518
2299605af59fd309,Emmanuel,Yarborough,,http://ufcstats.com/fighter-details/2299605af59fd309
a0b91014e9d16a76,Cale,Yarbrough,,http://ufcstats.com/fighter-details/a0b91014e9d16a76
49e7e05f902479ca,Tadao,Yasuda,,http://ufcstats.com/fighter-details/49e7e05f902479ca
620be7e0712d431b,Yoshiaki,Yatsu,,http://ufcstats.com/fighter-details/620be7e0712d431b
920632ca1b78fae5,Chris,Yee,,http://ufcstats.com/fighter-details/920632ca1b78fae5
cc2fcae2c0dc501d,,Yibugele,Eagle,http://ufcstats.com/fighter-details/cc2fcae2c0dc501d
a78dc3910554dbae,Yin,Shuai,Black Panther,http://ufcstats.com/fighter-details/a78dc3910554dbae
3f11fd1751fa83b1,,Yizha,,http://ufcstats.com/fighter-details/3f11fd1751fa83b1
b4c6c904a9ffc5e8,Ashley,Yoder,SpiderMonkey,http://ufcstats.com/fighter-details/b4c6c904a9ffc5e8
35585d970300d45a,Hirotaka,Yokoi,Kaibatsu-Kun,http://ufcstats.com/fighter-details/35585d970300d45a
a8e8587a06e73c87,Kazunori,Yokota,,http://ufcstats.com/fighter-details/a8e8587a06e73c87
40eb2aef4d5577d4,John,Yoo,,http://ufcstats.com/fighter-details/40eb2aef4d5577d4
00b490982afd1b17,SangHoon,Yoo,Assassin,http://ufcstats.com/fighter-details/00b490982afd1b17
a44020ea2e8cd026,JooSang,Yoo,Zombie Jr.,http://ufcstats.com/fighter-details/a44020ea2e8cd026
ad99fa5325519169,Dong Sik,Yoon,,http://ufcstats.com/fighter-details/ad99fa5325519169
29ab96eae72bad9f,ChangMin,Yoon,The Big Heart,http://ufcstats.com/fighter-details/29ab96eae72bad9f
ab8900ae1f1dfd4c,Yoshiyuki,Yoshida,Zenko,http://ufcstats.com/fighter-details/ab8900ae1f1dfd4c
2eae41f61776c60f,Hidehiko,Yoshida,,http://ufcstats.com/fighter-details/2eae41f61776c60f
2e517966267a468a,Kai,Yoshida,Scorpion,http://ufcstats.com/fighter-details/2e517966267a468a
a474aade8eb3a8f0,SuYoung,You,Yoo-Jitsu,http://ufcstats.com/fighter-details/a474aade8eb3a8f0
79ff6545b0abc685,Kaitlin,Young,,http://ufcstats.com/fighter-details/79ff6545b0abc685
8d4943a9ce9f521b,Artenus,Young,,http://ufcstats.com/fighter-details/8d4943a9ce9f521b
bf5183e1c1afc3b2,Trenell,Young,Savant,http://ufcstats.com/fighter-details/bf5183e1c1afc3b2
f59e9e49ef85b469,Jason,Young,Shotgun,http://ufcstats.com/fighter-details/f59e9e49ef85b469
4cd8b03aee1d0138,Shane,Young,Smokin',http://ufcstats.com/fighter-details/4cd8b03aee1d0138
568bbad0eaced57c,Shanna,Young,The Shanimal,http://ufcstats.com/fighter-details/568bbad0eaced57c
b2a78df161bd67f9,Gauge,Young,Gee Money,http://ufcstats.com/fighter-details/b2a78df161bd67f9
98ec9f385cca47fc,Besam,Yousef,,http://ufcstats.com/fighter-details/98ec9f385cca47fc
67ec58d7cf599835,Han Ten,Yun,,http://ufcstats.com/fighter-details/67ec58d7cf599835
42078a86d3dd037b,Rob,Yundt,Monster,http://ufcstats.com/fighter-details/42078a86d3dd037b
94426bb170c88115,Sodiq,Yusuff,Super,http://ufcstats.com/fighter-details/94426bb170c88115
d29b5c4f22c6357d,Gilbert,Yvel,The Hurricane,http://ufcstats.com/fighter-details/d29b5c4f22c6357d
2284092f8b63273b,Luke,Zachrich,,http://ufcstats.com/fighter-details/2284092f8b63273b
8c822811eedc11ad,Anton,Zafir,The Professor,http://ufcstats.com/fighter-details/8c822811eedc11ad
24656ef4d605c96f,Aiemann,Zahabi,,http://ufcstats.com/fighter-details/24656ef4d605c96f
6b614bda982f5214,Joao,Zaiden,,http://ufcstats.com/fighter-details/6b614bda982f5214
52c2ae6d2f2d2613,Youssef,Zalal,The Moroccan Devil,http://ufcstats.com/fighter-details/52c2ae6d2f2d2613
8adcbd525fab8d9b,Elizeu,Zaleski dos Santos,Capoeira,http://ufcstats.com/fighter-details/8adcbd525fab8d9b
cc3878d1ab41a5fa,Zach,Zane,The Hurricane,http://ufcstats.com/fighter-details/cc3878d1ab41a5fa
fe5ca7ef93c3f6a7,Roger,Zapata,Viva,http://ufcstats.com/fighter-details/fe5ca7ef93c3f6a7
abcf7e55a0a9ed89,Marius,Zaromskis,The Whitemare,http://ufcstats.com/fighter-details/abcf7e55a0a9ed89
3bb2dc8e87b10a46,David,Zawada,Sagat,http://ufcstats.com/fighter-details/3bb2dc8e87b10a46
04ff3a711504d6b3,Magomed,Zaynukov,Wild Chanco,http://ufcstats.com/fighter-details/04ff3a711504d6b3
fd7ab338e4953644,Manolo,Zecchini,Angelo Veneziano,http://ufcstats.com/fighter-details/fd7ab338e4953644
be4076c9e8d791e3,Joao,Zeferino,The Brazilian Samurai,http://ufcstats.com/fighter-details/be4076c9e8d791e3
4148802ae4a50768,Daniel,Zellhuber,Golden Boy,http://ufcstats.com/fighter-details/4148802ae4a50768
3794e5e0bb0defb6,Craig,Zellner,Big Z,http://ufcstats.com/fighter-details/3794e5e0bb0defb6
c879d8620261b1a3,Rickson,Zenidim,The King,http://ufcstats.com/fighter-details/c879d8620261b1a3
3144121470023e9a,Roman,Zentsov,The Russian Hammer,http://ufcstats.com/fighter-details/3144121470023e9a
cbf69fa846c7e3ee,Carlos,Zevallos,,http://ufcstats.com/fighter-details/cbf69fa846c7e3ee
c23e3d4875340d8d,Zhang,Tiequan,The Wolf,http://ufcstats.com/fighter-details/c23e3d4875340d8d
7b310409440c9102,Zhang,Lipeng,The Warrior,http://ufcstats.com/fighter-details/7b310409440c9102
1ebe20ebbfa15e29,Zhang,Weili,Magnum,http://ufcstats.com/fighter-details/1ebe20ebbfa15e29
8a65fd9ba31fd3f7,Zhang,Mingyang,Mountain Tiger,http://ufcstats.com/fighter-details/8a65fd9ba31fd3f7
45c7979c71751fcf,Zhang,Qinghe,,http://ufcstats.com/fighter-details/45c7979c71751fcf
286e1d61fb315355,Zhang,Zhenyang,,http://ufcstats.com/fighter-details/286e1d61fb315355
fd52e5f9ab25c94c,Daermisi,Zhawupasi,,http://ufcstats.com/fighter-details/fd52e5f9ab25c94c
07047eb7d17fb0a2,Daria,Zhelezniakova,Iron Lady,http://ufcstats.com/fighter-details/07047eb7d17fb0a2
5ea918ea81b7dee2,Yao,Zhikui,The Conqueror,http://ufcstats.com/fighter-details/5ea918ea81b7dee2
d027fff39a34a9df,Zhou,Kun,Mandrill,http://ufcstats.com/fighter-details/d027fff39a34a9df
6f4ec5aa3eced219,Zhu,Kangjie,,http://ufcstats.com/fighter-details/6f4ec5aa3eced219
55fa6ce3e522c8bb,Zhalgas,Zhumagulov,,http://ufcstats.com/fighter-details/55fa6ce3e522c8bb
1e4f273069fb9e85,Fares,Ziam,Smile Killer,http://ufcstats.com/fighter-details/1e4f273069fb9e85
6d3398b910461f2f,Mike,Zichelle,,http://ufcstats.com/fighter-details/6d3398b910461f2f
4b4fc3ddc307bc73,James,Zikic,The Messenger,http://ufcstats.com/fighter-details/4b4fc3ddc307bc73
0aa74d04c196800c,Errol,Zimmerman,The Bonecrusher,http://ufcstats.com/fighter-details/0aa74d04c196800c
3ecd936bd8814108,Cat,Zingano,Alpha,http://ufcstats.com/fighter-details/3ecd936bd8814108
108afe61a26bcbf4,Igor,Zinoviev,Houdini,http://ufcstats.com/fighter-details/108afe61a26bcbf4
be124bdd60fab7d5,Dave,Zitanick,,http://ufcstats.com/fighter-details/be124bdd60fab7d5
02d808afb96669de,Alex,Zuniga,,http://ufcstats.com/fighter-details/02d808afb96669de
1291dd6b8ab4d952,George,Zuniga,,http://ufcstats.com/fighter-details/1291dd6b8ab4d952
523af801b3429015,Allan,Zuniga,Tigre,http://ufcstats.com/fighter-details/523af801b3429015
392878af4680849f,Brahyan,Zurcher,,http://ufcstats.com/fighter-details/392878af4680849f
0c277f3ff66b0208,Virgil,Zwicker,RezDog,http://ufcstats.com/fighter-details/0c277f3ff66b0208
